Source.Name,Column1,Column2,Column3,Column4,INTERNATIONAL,Column6,Column7,Column8,Column9
20220101095002pdf_1-14 Januari 2022.pdf,NO,LOCATION,CITY,IATA CODE,FLIGHT PRICE,"DOMESTIC FLIGHT
PRICE INTO
PLANE/NOT INTO
PLANE","DOMESTIC FLIGHT
PRICE INTO
PLANE/NOT INTO
PLANE
ONE TIME CUSTOMER","DOMESTIC FLIGHT
PRICE INTO
PLANE/NOT INTO
PLANE",
20220101095002pdf_1-14 Januari 2022.pdf,,,,,,(incl. VAT+Gov Tax),(incl. VAT+Gov Tax),(incl. VAT+Gov Tax),
20220101095002pdf_1-14 Januari 2022.pdf,,,,,(USCents / Liter),(Rp / Liter),(Rp / Liter),(USCents / Liter),
20220101095002pdf_1-14 Januari 2022.pdf,1,APT PRANOTO,SAMARINDA,AAP,75.80,"11,791.07","11,823.14",82.28,
20220101095002pdf_1-14 Januari 2022.pdf,2,PATTIMURA,AMBON,AMQ,77.40,"12,055.79","12,088.58",84.05,
20220101095002pdf_1-14 Januari 2022.pdf,3,SYAMSUDDIN NOOR,BANJARMASIN,BDJ,75.80,"11,791.07","11,823.14",82.28,
20220101095002pdf_1-14 Januari 2022.pdf,4,HUSEIN SASTRANEGARA,BANDUNG,BDO,74.50,"11,581.50","11,613.00",80.85,
20220101095002pdf_1-14 Januari 2022.pdf,5,FRANS KAISIEPO,BIAK,BIK,77.40,"12,055.79","12,088.58",84.05,
20220101095002pdf_1-14 Januari 2022.pdf,6,FATMAWATI SOEKARNOPUTRI,BENGKULU,BKS,77.30,"12,155.06","12,188.12",84.82,
20220101095002pdf_1-14 Januari 2022.pdf,7,M. SALAHUDDIN,BIMA,BMU,76.70,"11,934.46","11,966.92",83.28,
20220101095002pdf_1-14 Januari 2022.pdf,8,SEPINGGAN,BALIKPAPAN,BPN,74.60,"11,592.53","11,624.06",80.85,
20220101095002pdf_1-14 Januari 2022.pdf,9,HANG NADIM,BATAM,BTH,74.10,"10,471.32","10,499.80",73.02,
20220101095002pdf_1-14 Januari 2022.pdf,10,SULTAN ISKANDAR MUDA,BANDA ACEH,BTJ,76.70,"11,934.46","11,966.92",83.28,
20220101095002pdf_1-14 Januari 2022.pdf,11,SOEKARNO HATTA,CENGKARENG,CGK,67.90,"10,544.68","10,573.36",73.57,
20220101095002pdf_1-14 Januari 2022.pdf,12,TUNGGUL WULUNG,CILACAP,CXP,74.90,"11,647.68","11,679.36",81.29,
20220101095002pdf_1-14 Januari 2022.pdf,13,SULTAN THAHA,JAMBI,DJB,77.30,"12,155.06","12,188.12",84.82,
20220101095002pdf_1-14 Januari 2022.pdf,14,SENTANI,JAYAPURA,DJJ,77.40,"12,055.79","12,088.58",84.05,
20220101095002pdf_1-14 Januari 2022.pdf,15,NGURAH RAI,DENPASAR,DPS,73.70,"11,460.17","11,491.34",79.97,
20220101095002pdf_1-14 Januari 2022.pdf,16,PINANG KAMPAI,DUMAI,DUM,76.70,"11,934.46","11,966.92",83.28,
20220101095002pdf_1-14 Januari 2022.pdf,17,H. AROEBOESMAN,ENDE,ENE,76.70,"11,934.46","11,966.92",83.28,
20220101095002pdf_1-14 Januari 2022.pdf,18,JALALUDDIN,GORONTALO,GTO,77.20,"12,022.70","12,055.40",83.83,
20220101095002pdf_1-14 Januari 2022.pdf,19,HALIM PERDANAKUSUMA,JAKARTA,HLP,73.10,"11,371.93","11,402.86",79.31,
20220101095002pdf_1-14 Januari 2022.pdf,20,ADISUCIPTO,YOGYAKARTA,JOG,73.70,"11,449.14","11,480.28",79.86,
20220101095002pdf_1-14 Januari 2022.pdf,21,WOLTER MONGINSIDI,KENDARI,KDI,77.20,"12,022.70","12,055.40",83.83,
20220101095002pdf_1-14 Januari 2022.pdf,22,UTAROM,KAIMANA,KNG,77.40,"12,055.79","12,088.58",84.05,
20220101095002pdf_1-14 Januari 2022.pdf,23,ELTARI,KUPANG,KOE,77.00,"11,934.46","11,966.92",83.28,
20220101095002pdf_1-14 Januari 2022.pdf,24,LOMBOK INTERNATIONAL,MATARAM,LOP,76.40,"11,890.34","11,922.68",82.95,
20220101095002pdf_1-14 Januari 2022.pdf,25,BUBUNG,LUWUK,LUW,77.20,"12,022.70","12,055.40",83.83,
20220101095002pdf_1-14 Januari 2022.pdf,26,SAM RATULANGI,MANADO,MDC,77.20,"12,022.70","12,055.40",83.83,
20220101095002pdf_1-14 Januari 2022.pdf,27,POLONIA,MEDAN,MES,76.70,"11,934.46","11,966.92",83.28,
20220101095002pdf_1-14 Januari 2022.pdf,28,MOPAH,MERAUKE,MKQ,77.40,"12,055.79","12,088.58",84.05,
20220101095002pdf_1-14 Januari 2022.pdf,29,RENDANI,MANOKWARI,MKW,77.40,"12,055.79","12,088.58",84.05,
20220101095002pdf_1-14 Januari 2022.pdf,30,KERTAJATI,MAJALENGKA,KJT,81.10,"12,640.38","12,674.76",88.24,
20220101095002pdf_1-14 Januari 2022.pdf,31,ABDURACHMAN SALEH,MALANG,MLG,76.70,"11,934.46","11,966.92",83.28,
20220101095002pdf_1-14 Januari 2022.pdf,32,WAI OTI,MAUMERE,MOF,76.70,"11,934.46","11,966.92",83.28,
20220101095002pdf_1-14 Januari 2022.pdf,33,PANIAI,NABIRE,NBX,77.40,"12,055.79","12,088.58",84.05,
20220101095002pdf_1-14 Januari 2022.pdf,34,RANAI,NATUNA,NTX,76.70,"11,934.46","11,966.92",83.28,
20220101095002pdf_1-14 Januari 2022.pdf,35,PONDOK CABE,JAKARTA,PCB,74.20,"11,548.41","11,579.82",80.52,
20220101095002pdf_1-14 Januari 2022.pdf,36,MINANGKABAU,PADANG,PDG,76.70,"11,934.46","11,966.92",83.28,
20220101095002pdf_1-14 Januari 2022.pdf,37,DEPATI AMIR,PANGKAL PINANG,PGK,76.70,"11,934.46","11,966.92",83.28,
20220101095002pdf_1-14 Januari 2022.pdf,38,ISKANDAR,PANGKALAN BUN,PKN,"75.80","11,791.07","11,823.14",82.28,
20220101095002pdf_1-14 Januari 2022.pdf,39,SULTAN SYARIF KASIM II,PEKANBARU,PKU,76.70,"11,934.46","11,966.92",83.28,
20220101095002pdf_1-14 Januari 2022.pdf,40,TJILIK RIWUT,PALANGKARAYA,PKY,75.80,"11,791.07","11,823.14",82.28,
20220101095002pdf_1-14 Januari 2022.pdf,41,SULTAN MAHMUD BADARUDDIN II,PALEMBANG,PLM,76.70,"11,934.46","11,966.92",83.28,
20220101095002pdf_1-14 Januari 2022.pdf,42,MUTIARA,PALU,PLW,77.20,"12,022.70","12,055.40",83.83,
20220101095002pdf_1-14 Januari 2022.pdf,43,SUPADIO,PONTIANAK,PNK,75.80,"11,791.07","11,823.14",82.28,
20220101095002pdf_1-14 Januari 2022.pdf,44,H. ASAN,SAMPIT,SMQ,75.80,"11,791.07","11,823.14",82.28,
20220101095002pdf_1-14 Januari 2022.pdf,45,ADISUMARMO,SOLO,SOC,74.90,"11,647.68","11,679.36",81.29,
20220101095002pdf_1-14 Januari 2022.pdf,46,SORONG DARATAN,SORONG,SOQ,77.40,"12,055.79","12,088.58",84.05,
20220101095002pdf_1-14 Januari 2022.pdf,47,ACHMAD YANI,SEMARANG,SRG,74.90,"11,647.68","11,679.36",81.29,
20220101095002pdf_1-14 Januari 2022.pdf,48,JUANDA,SURABAYA,SUB,73.20,"11,382.96","11,413.92",79.42,
20220101095002pdf_1-14 Januari 2022.pdf,49,RADEN INTEN II,BANDAR LAMPUNG,TKG,76.70,"11,934.46","11,966.92",83.28,
20220101095002pdf_1-14 Januari 2022.pdf,50,KIJANG,TANJUNG PINANG,TNJ,77.10,"12,022.70","12,055.40",83.83,
20220101095002pdf_1-14 Januari 2022.pdf,52,JUWATA,TARAKAN,TRK,75.80,"11,791.07","11,823.14",82.28,
20220101095002pdf_1-14 Januari 2022.pdf,52,BABULLAH,TERNATE,TTE,77.40,"12,055.79","12,088.58",84.05,
20220101095002pdf_1-14 Januari 2022.pdf,53,HASANUDDIN,UJUNG PANDANG,UPG,76.00,"11,824.16","11,856.32",82.50,
20220101095002pdf_1-14 Januari 2022.pdf,54,MAU HAU,WAINGAPU,WGP,76.70,"11,934.46","11,966.92",83.28,
20220101095002pdf_1-14 Januari 2022.pdf,55,ISWAHYUDI,MADIUN,WIAR (ICAO),77.00,"12,011.67","12,044.34",83.83,
20220101095002pdf_1-14 Januari 2022.pdf,56,DUMATUBUN,TUAL,LUV,79.80,"12,375.66","12,409.32",86.36,
20220101095002pdf_1-14 Januari 2022.pdf,57,SILANGIT,SIBORONG-BORONG,DTB,76.70,"11,934.46","11,966.92",83.28,
20220101095002pdf_1-14 Januari 2022.pdf,58,KALIMARAU,BERAU,BEJ,75.80,"11,791.07","11,823.14",82.28,
20220101095002pdf_1-14 Januari 2022.pdf,59,KOMODO,LABUAN BAJO,LBJ,76.40,"11,890.34","11,922.68",82.95,
20220101095002pdf_1-14 Januari 2022.pdf,60,KUALANAMU,DELI SERDANG,KNO,75.90,"11,813.13","11,845.26",82.39,
20220101095002pdf_1-14 Januari 2022.pdf,61,TAMPA PADANG,MAMUJU,MJU,78.00,"12,133.00","12,166.00",84.60,
20220101095002pdf_1-14 Januari 2022.pdf,62,F.L. TOBING,PINANGSORI,FLZ,76.70,"11,934.46","11,966.92",83.28,
20220101095002pdf_1-14 Januari 2022.pdf,63,MOZES KILANGIN,TIMIKA,TIM,77.40,"12,055.79","12,088.58",84.05,
20220101095002pdf_1-14 Januari 2022.pdf,64,H.A.S. HANANDJOEDDIN,TANJUNG PANDAN,TJQ,78.00,"12,265.36","12,298.72",85.59,
20220101095002pdf_1-14 Januari 2022.pdf,65,BLIMBINGSARI,BANYUWANGI,BWX,76.70,"11,934.46","11,966.92",83.28,
20220101095002pdf_1-14 Januari 2022.pdf,66,TAMBOLAKA,SUMBA BARAT,TMC,77.90,"12,166.09","12,199.18",84.93,
20220101095002pdf_1-14 Januari 2022.pdf,67,BINAKA,GUNUNGSITOLI,GNS,76.70,"11,934.46","11,966.92",83.28,0
20220101095002pdf_1-14 Januari 2022.pdf,68,KULONPROGO,YOGYAKARTA,YIA,76.80,"11,945.49","11,977.98",83.39,0
20220101095002pdf_1-14 Januari 2022.pdf,69,KUABANG,HALMAHERA UTARA,KAZ,82.60,"12,827.89","12,862.78",89.45,0
20220101095002pdf_1-14 Januari 2022.pdf,70,JENDERAL BESAR SOEDIRMAN,PURBALINGGA,PWL,74.90,"11,647.68","11,679.36",81.29,
20220101095002pdf_1-14 Januari 2022.pdf,71,MATHILDA BATLAYERI,SAUMLAKI,SXK,85.40,"13,346.30","13,382.60",93.09,
20220115104611pdf_15-31 Januari 2022.pdf,1,APT PRANOTO,SAMARINDA,AAP,77.50,"12,011.67","12,044.34",84.16,
20220115104611pdf_15-31 Januari 2022.pdf,2,PATTIMURA,AMBON,AMQ,79.10,"12,276.39","12,309.78",85.92,
20220115104611pdf_15-31 Januari 2022.pdf,3,SYAMSUDDIN NOOR,BANJARMASIN,BDJ,77.50,"12,011.67","12,044.34",84.16,
20220115104611pdf_15-31 Januari 2022.pdf,4,HUSEIN SASTRANEGARA,BANDUNG,BDO,76.20,"11,802.10","11,834.20",82.73,
20220115104611pdf_15-31 Januari 2022.pdf,5,FRANS KAISIEPO,BIAK,BIK,79.10,"12,276.39","12,309.78",85.92,
20220115104611pdf_15-31 Januari 2022.pdf,6,FATMAWATI SOEKARNOPUTRI,BENGKULU,BKS,79.00,"12,375.66","12,409.32",86.70,
20220115104611pdf_15-31 Januari 2022.pdf,7,M. SALAHUDDIN,BIMA,BMU,78.40,"12,155.06","12,188.12",85.15,
20220115104611pdf_15-31 Januari 2022.pdf,8,SEPINGGAN,BALIKPAPAN,BPN,76.30,"11,813.13","11,845.26",82.73,
20220115104611pdf_15-31 Januari 2022.pdf,9,HANG NADIM,BATAM,BTH,75.80,"10,671.92","10,700.95",74.72,
20220115104611pdf_15-31 Januari 2022.pdf,10,SULTAN ISKANDAR MUDA,BANDA ACEH,BTJ,78.40,"12,155.06","12,188.12",85.15,
20220115104611pdf_15-31 Januari 2022.pdf,11,SOEKARNO HATTA,CENGKARENG,CGK,69.60,"10,765.28","10,794.56",75.45,
20220115104611pdf_15-31 Januari 2022.pdf,12,TUNGGUL WULUNG,CILACAP,CXP,76.60,"11,868.28","11,900.56",83.17,
20220115104611pdf_15-31 Januari 2022.pdf,13,SULTAN THAHA,JAMBI,DJB,79.00,"12,375.66","12,409.32",86.70,
20220115104611pdf_15-31 Januari 2022.pdf,14,SENTANI,JAYAPURA,DJJ,79.10,"12,276.39","12,309.78",85.92,
20220115104611pdf_15-31 Januari 2022.pdf,15,NGURAH RAI,DENPASAR,DPS,75.40,"11,680.77","11,712.54",81.84,
20220115104611pdf_15-31 Januari 2022.pdf,16,PINANG KAMPAI,DUMAI,DUM,78.40,"12,155.06","12,188.12",85.15,
20220115104611pdf_15-31 Januari 2022.pdf,17,H. AROEBOESMAN,ENDE,ENE,78.40,"12,155.06","12,188.12",85.15,
20220115104611pdf_15-31 Januari 2022.pdf,18,JALALUDDIN,GORONTALO,GTO,78.90,"12,243.30","12,276.60",85.70,
20220115104611pdf_15-31 Januari 2022.pdf,19,HALIM PERDANAKUSUMA,JAKARTA,HLP,74.80,"11,592.53","11,624.06",81.18,
20220115104611pdf_15-31 Januari 2022.pdf,20,ADISUCIPTO,YOGYAKARTA,JOG,75.40,"11,669.74","11,701.48",81.73,
20220115104611pdf_15-31 Januari 2022.pdf,21,WOLTER MONGINSIDI,KENDARI,KDI,78.90,"12,243.30","12,276.60",85.70,
20220115104611pdf_15-31 Januari 2022.pdf,22,UTAROM,KAIMANA,KNG,79.10,"12,276.39","12,309.78",85.92,
20220115104611pdf_15-31 Januari 2022.pdf,23,ELTARI,KUPANG,KOE,78.70,"12,155.06","12,188.12",85.15,
20220115104611pdf_15-31 Januari 2022.pdf,24,LOMBOK INTERNATIONAL,MATARAM,LOP,78.10,"12,110.94","12,143.88",84.82,
20220115104611pdf_15-31 Januari 2022.pdf,25,BUBUNG,LUWUK,LUW,78.90,"12,243.30","12,276.60",85.70,
20220115104611pdf_15-31 Januari 2022.pdf,26,SAM RATULANGI,MANADO,MDC,78.90,"12,243.30","12,276.60",85.70,
20220115104611pdf_15-31 Januari 2022.pdf,27,POLONIA,MEDAN,MES,78.40,"12,155.06","12,188.12",85.15,
20220115104611pdf_15-31 Januari 2022.pdf,28,MOPAH,MERAUKE,MKQ,79.10,"12,276.39","12,309.78",85.92,
20220115104611pdf_15-31 Januari 2022.pdf,29,RENDANI,MANOKWARI,MKW,79.10,"12,276.39","12,309.78",85.92,
20220115104611pdf_15-31 Januari 2022.pdf,30,KERTAJATI,MAJALENGKA,KJT,76.30,"11,846.22","11,878.44",82.95,
20220115104611pdf_15-31 Januari 2022.pdf,31,ABDURACHMAN SALEH,MALANG,MLG,78.40,"12,155.06","12,188.12",85.15,
20220115104611pdf_15-31 Januari 2022.pdf,32,WAI OTI,MAUMERE,MOF,78.40,"12,155.06","12,188.12",85.15,
20220115104611pdf_15-31 Januari 2022.pdf,33,PANIAI,NABIRE,NBX,79.10,"12,276.39","12,309.78",85.92,
20220115104611pdf_15-31 Januari 2022.pdf,34,RANAI,NATUNA,NTX,78.40,"12,155.06","12,188.12",85.15,
20220115104611pdf_15-31 Januari 2022.pdf,35,PONDOK CABE,JAKARTA,PCB,75.90,"11,769.01","11,801.02",82.39,
20220115104611pdf_15-31 Januari 2022.pdf,36,MINANGKABAU,PADANG,PDG,78.40,"12,155.06","12,188.12",85.15,
20220115104611pdf_15-31 Januari 2022.pdf,37,DEPATI AMIR,PANGKAL PINANG,PGK,78.40,"12,155.06","12,188.12",85.15,
20220115104611pdf_15-31 Januari 2022.pdf,38,ISKANDAR,PANGKALAN BUN,PKN,"77.50","12,011.67","12,044.34",84.16,
20220115104611pdf_15-31 Januari 2022.pdf,39,SULTAN SYARIF KASIM II,PEKANBARU,PKU,78.40,"12,155.06","12,188.12",85.15,
20220115104611pdf_15-31 Januari 2022.pdf,40,TJILIK RIWUT,PALANGKARAYA,PKY,77.50,"12,011.67","12,044.34",84.16,
20220115104611pdf_15-31 Januari 2022.pdf,41,SULTAN MAHMUD BADARUDDIN II,PALEMBANG,PLM,78.40,"12,155.06","12,188.12",85.15,
20220115104611pdf_15-31 Januari 2022.pdf,42,MUTIARA,PALU,PLW,78.90,"12,243.30","12,276.60",85.70,
20220115104611pdf_15-31 Januari 2022.pdf,43,SUPADIO,PONTIANAK,PNK,77.50,"12,011.67","12,044.34",84.16,
20220115104611pdf_15-31 Januari 2022.pdf,44,H. ASAN,SAMPIT,SMQ,77.50,"12,011.67","12,044.34",84.16,
20220115104611pdf_15-31 Januari 2022.pdf,45,ADISUMARMO,SOLO,SOC,76.60,"11,868.28","11,900.56",83.17,
20220115104611pdf_15-31 Januari 2022.pdf,46,SORONG DARATAN,SORONG,SOQ,79.10,"12,276.39","12,309.78",85.92,
20220115104611pdf_15-31 Januari 2022.pdf,47,ACHMAD YANI,SEMARANG,SRG,76.60,"11,868.28","11,900.56",83.17,
20220115104611pdf_15-31 Januari 2022.pdf,48,JUANDA,SURABAYA,SUB,74.90,"11,603.56","11,635.12",81.29,
20220115104611pdf_15-31 Januari 2022.pdf,49,RADEN INTEN II,BANDAR LAMPUNG,TKG,78.40,"12,155.06","12,188.12",85.15,
20220115104611pdf_15-31 Januari 2022.pdf,50,KIJANG,TANJUNG PINANG,TNJ,78.80,"12,243.30","12,276.60",85.70,
20220115104611pdf_15-31 Januari 2022.pdf,52,JUWATA,TARAKAN,TRK,77.50,"12,011.67","12,044.34",84.16,
20220115104611pdf_15-31 Januari 2022.pdf,52,BABULLAH,TERNATE,TTE,79.10,"12,276.39","12,309.78",85.92,
20220115104611pdf_15-31 Januari 2022.pdf,53,HASANUDDIN,UJUNG PANDANG,UPG,77.70,"12,044.76","12,077.52",84.38,
20220115104611pdf_15-31 Januari 2022.pdf,54,MAU HAU,WAINGAPU,WGP,78.40,"12,155.06","12,188.12",85.15,
20220115104611pdf_15-31 Januari 2022.pdf,55,ISWAHYUDI,MADIUN,WIAR (ICAO),78.70,"12,232.27","12,265.54",85.70,
20220115104611pdf_15-31 Januari 2022.pdf,56,DUMATUBUN,TUAL,LUV,81.50,"12,596.26","12,630.52",88.24,
20220115104611pdf_15-31 Januari 2022.pdf,57,SILANGIT,SIBORONG-BORONG,DTB,78.40,"12,155.06","12,188.12",85.15,
20220115104611pdf_15-31 Januari 2022.pdf,58,KALIMARAU,BERAU,BEJ,77.50,"12,011.67","12,044.34",84.16,
20220115104611pdf_15-31 Januari 2022.pdf,59,KOMODO,LABUAN BAJO,LBJ,78.10,"12,110.94","12,143.88",84.82,
20220115104611pdf_15-31 Januari 2022.pdf,60,KUALANAMU,DELI SERDANG,KNO,77.70,"12,033.73","12,066.46",84.27,
20220115104611pdf_15-31 Januari 2022.pdf,61,TAMPA PADANG,MAMUJU,MJU,79.70,"12,353.60","12,387.20",86.48,
20220115104611pdf_15-31 Januari 2022.pdf,62,F.L. TOBING,PINANGSORI,FLZ,78.40,"12,155.06","12,188.12",85.15,
20220115104611pdf_15-31 Januari 2022.pdf,63,MOZES KILANGIN,TIMIKA,TIM,79.10,"12,276.39","12,309.78",85.92,
20220115104611pdf_15-31 Januari 2022.pdf,64,H.A.S. HANANDJOEDDIN,TANJUNG PANDAN,TJQ,79.70,"12,485.96","12,519.92",87.47,
20220115104611pdf_15-31 Januari 2022.pdf,65,BLIMBINGSARI,BANYUWANGI,BWX,78.40,"12,155.06","12,188.12",85.15,
20220115104611pdf_15-31 Januari 2022.pdf,66,TAMBOLAKA,SUMBA BARAT,TMC,79.60,"12,386.69","12,420.38",86.70,
20220115104611pdf_15-31 Januari 2022.pdf,67,BINAKA,GUNUNGSITOLI,GNS,78.40,"12,155.06","12,188.12",85.15,0
20220115104611pdf_15-31 Januari 2022.pdf,68,KULONPROGO,YOGYAKARTA,YIA,78.40,"12,166.09","12,199.18",85.15,0
20220115104611pdf_15-31 Januari 2022.pdf,69,KUABANG,HALMAHERA UTARA,KAZ,84.30,"13,048.49","13,083.98",91.44,0
20220115104611pdf_15-31 Januari 2022.pdf,70,JENDERAL BESAR SOEDIRMAN,PURBALINGGA,PWL,76.60,"11,868.28","11,900.56",83.17,
20220115104611pdf_15-31 Januari 2022.pdf,71,MATHILDA BATLAYERI,SAUMLAKI,SXK,86.00,"13,401.45","13,437.90",93.87,
20220201022838pdf_1-14 Februari 2022.pdf,1,APT PRANOTO,SAMARINDA,AAP,80.00,"12,452.87","12,486.74",86.92,
20220201022838pdf_1-14 Februari 2022.pdf,2,PATTIMURA,AMBON,AMQ,81.60,"12,717.59","12,752.18",88.79,
20220201022838pdf_1-14 Februari 2022.pdf,3,SYAMSUDDIN NOOR,BANJARMASIN,BDJ,80.00,"12,452.87","12,486.74",86.92,
20220201022838pdf_1-14 Februari 2022.pdf,4,HUSEIN SASTRANEGARA,BANDUNG,BDO,78.70,"12,243.30","12,276.60",85.48,
20220201022838pdf_1-14 Februari 2022.pdf,5,FRANS KAISIEPO,BIAK,BIK,81.60,"12,717.59","12,752.18",88.79,
20220201022838pdf_1-14 Februari 2022.pdf,6,FATMAWATI SOEKARNOPUTRI,BENGKULU,BKS,81.50,"12,816.86","12,851.72",89.45,
20220201022838pdf_1-14 Februari 2022.pdf,7,M. SALAHUDDIN,BIMA,BMU,80.90,"12,596.26","12,630.52",87.91,
20220201022838pdf_1-14 Februari 2022.pdf,8,SEPINGGAN,BALIKPAPAN,BPN,78.80,"12,254.33","12,287.66",85.48,
20220201022838pdf_1-14 Februari 2022.pdf,9,HANG NADIM,BATAM,BTH,78.30,"11,073.12","11,103.24",77.23,
20220201022838pdf_1-14 Februari 2022.pdf,10,SULTAN ISKANDAR MUDA,BANDA ACEH,BTJ,80.90,"12,596.26","12,630.52",87.91,
20220201022838pdf_1-14 Februari 2022.pdf,11,SOEKARNO HATTA,CENGKARENG,CGK,72.20,"11,206.48","11,236.96",78.20,
20220201022838pdf_1-14 Februari 2022.pdf,12,TUNGGUL WULUNG,CILACAP,CXP,79.10,"12,309.48","12,342.96",85.92,
20220201022838pdf_1-14 Februari 2022.pdf,13,SULTAN THAHA,JAMBI,DJB,83.50,"13,125.70","13,161.40",91.66,
20220201022838pdf_1-14 Februari 2022.pdf,14,SENTANI,JAYAPURA,DJJ,81.60,"12,717.59","12,752.18",88.79,
20220201022838pdf_1-14 Februari 2022.pdf,15,NGURAH RAI,DENPASAR,DPS,77.90,"12,121.97","12,154.94",84.60,
20220201022838pdf_1-14 Februari 2022.pdf,16,PINANG KAMPAI,DUMAI,DUM,80.90,"12,596.26","12,630.52",87.91,
20220201022838pdf_1-14 Februari 2022.pdf,17,H. AROEBOESMAN,ENDE,ENE,80.90,"12,596.26","12,630.52",87.91,
20220201022838pdf_1-14 Februari 2022.pdf,18,JALALUDDIN,GORONTALO,GTO,81.50,"12,684.50","12,719.00",88.57,
20220201022838pdf_1-14 Februari 2022.pdf,19,HALIM PERDANAKUSUMA,JAKARTA,HLP,77.30,"12,033.73","12,066.46",83.94,
20220201022838pdf_1-14 Februari 2022.pdf,20,ADISUCIPTO,YOGYAKARTA,JOG,77.90,"12,110.94","12,143.88",84.49,
20220201022838pdf_1-14 Februari 2022.pdf,21,WOLTER MONGINSIDI,KENDARI,KDI,81.50,"12,684.50","12,719.00",88.57,
20220201022838pdf_1-14 Februari 2022.pdf,22,UTAROM,KAIMANA,KNG,81.60,"12,717.59","12,752.18",88.79,
20220201022838pdf_1-14 Februari 2022.pdf,23,ELTARI,KUPANG,KOE,81.20,"12,596.26","12,630.52",87.91,
20220201022838pdf_1-14 Februari 2022.pdf,24,LOMBOK INTERNATIONAL,MATARAM,LOP,81.30,"12,662.44","12,696.88",88.35,
20220201022838pdf_1-14 Februari 2022.pdf,25,BUBUNG,LUWUK,LUW,81.50,"12,684.50","12,719.00",88.57,
20220201022838pdf_1-14 Februari 2022.pdf,26,SAM RATULANGI,MANADO,MDC,81.50,"12,684.50","12,719.00",88.57,
20220201022838pdf_1-14 Februari 2022.pdf,27,POLONIA,MEDAN,MES,80.90,"12,596.26","12,630.52",87.91,
20220201022838pdf_1-14 Februari 2022.pdf,28,MOPAH,MERAUKE,MKQ,81.60,"12,717.59","12,752.18",88.79,
20220201022838pdf_1-14 Februari 2022.pdf,29,RENDANI,MANOKWARI,MKW,81.60,"12,717.59","12,752.18",88.79,
20220201022838pdf_1-14 Februari 2022.pdf,30,KERTAJATI,MAJALENGKA,KJT,78.80,"12,287.42","12,320.84",85.70,
20220201022838pdf_1-14 Februari 2022.pdf,31,ABDURACHMAN SALEH,MALANG,MLG,80.90,"12,596.26","12,630.52",87.91,
20220201022838pdf_1-14 Februari 2022.pdf,32,WAI OTI,MAUMERE,MOF,80.90,"12,596.26","12,630.52",87.91,
20220201022838pdf_1-14 Februari 2022.pdf,33,PANIAI,NABIRE,NBX,81.60,"12,717.59","12,752.18",88.79,
20220201022838pdf_1-14 Februari 2022.pdf,34,RANAI,NATUNA,NTX,80.90,"12,596.26","12,630.52",87.91,
20220201022838pdf_1-14 Februari 2022.pdf,35,PONDOK CABE,JAKARTA,PCB,78.50,"12,210.21","12,243.42",85.26,
20220201022838pdf_1-14 Februari 2022.pdf,36,MINANGKABAU,PADANG,PDG,80.90,"12,596.26","12,630.52",87.91,
20220201022838pdf_1-14 Februari 2022.pdf,37,DEPATI AMIR,PANGKAL PINANG,PGK,80.90,"12,596.26","12,630.52",87.91,
20220201022838pdf_1-14 Februari 2022.pdf,38,ISKANDAR,PANGKALAN BUN,PKN,"80.00","12,452.87","12,486.74",86.92,
20220201022838pdf_1-14 Februari 2022.pdf,39,SULTAN SYARIF KASIM II,PEKANBARU,PKU,80.90,"12,596.26","12,630.52",87.91,
20220201022838pdf_1-14 Februari 2022.pdf,40,TJILIK RIWUT,PALANGKARAYA,PKY,80.00,"12,452.87","12,486.74",86.92,
20220201022838pdf_1-14 Februari 2022.pdf,41,SULTAN MAHMUD BADARUDDIN II,PALEMBANG,PLM,80.90,"12,596.26","12,630.52",87.91,
20220201022838pdf_1-14 Februari 2022.pdf,42,MUTIARA,PALU,PLW,81.50,"12,684.50","12,719.00",88.57,
20220201022838pdf_1-14 Februari 2022.pdf,43,SUPADIO,PONTIANAK,PNK,80.00,"12,452.87","12,486.74",86.92,
20220201022838pdf_1-14 Februari 2022.pdf,44,H. ASAN,SAMPIT,SMQ,80.00,"12,452.87","12,486.74",86.92,
20220201022838pdf_1-14 Februari 2022.pdf,45,ADISUMARMO,SOLO,SOC,79.10,"12,309.48","12,342.96",85.92,
20220201022838pdf_1-14 Februari 2022.pdf,46,SORONG DARATAN,SORONG,SOQ,81.60,"12,717.59","12,752.18",88.79,
20220201022838pdf_1-14 Februari 2022.pdf,47,ACHMAD YANI,SEMARANG,SRG,79.10,"12,309.48","12,342.96",85.92,
20220201022838pdf_1-14 Februari 2022.pdf,48,JUANDA,SURABAYA,SUB,77.40,"12,044.76","12,077.52",84.05,
20220201022838pdf_1-14 Februari 2022.pdf,49,RADEN INTEN II,BANDAR LAMPUNG,TKG,80.90,"12,596.26","12,630.52",87.91,
20220201022838pdf_1-14 Februari 2022.pdf,50,KIJANG,TANJUNG PINANG,TNJ,81.40,"12,684.50","12,719.00",88.57,
20220201022838pdf_1-14 Februari 2022.pdf,52,JUWATA,TARAKAN,TRK,80.00,"12,452.87","12,486.74",86.92,
20220201022838pdf_1-14 Februari 2022.pdf,52,BABULLAH,TERNATE,TTE,81.60,"12,717.59","12,752.18",88.79,
20220201022838pdf_1-14 Februari 2022.pdf,53,HASANUDDIN,UJUNG PANDANG,UPG,80.30,"12,485.96","12,519.92",87.14,
20220201022838pdf_1-14 Februari 2022.pdf,54,MAU HAU,WAINGAPU,WGP,80.90,"12,596.26","12,630.52",87.91,
20220201022838pdf_1-14 Februari 2022.pdf,55,ISWAHYUDI,MADIUN,WIAR (ICAO),81.20,"12,673.47","12,707.94",88.46,
20220201022838pdf_1-14 Februari 2022.pdf,56,DUMATUBUN,TUAL,LUV,84.00,"13,037.46","13,072.92",91.00,
20220201022838pdf_1-14 Februari 2022.pdf,57,SILANGIT,SIBORONG-BORONG,DTB,80.90,"12,596.26","12,630.52",87.91,
20220201022838pdf_1-14 Februari 2022.pdf,58,KALIMARAU,BERAU,BEJ,80.00,"12,452.87","12,486.74",86.92,
20220201022838pdf_1-14 Februari 2022.pdf,59,KOMODO,LABUAN BAJO,LBJ,80.60,"12,552.14","12,586.28",87.58,
20220201022838pdf_1-14 Februari 2022.pdf,60,KUALANAMU,DELI SERDANG,KNO,80.20,"12,474.93","12,508.86",87.03,
20220201022838pdf_1-14 Februari 2022.pdf,61,TAMPA PADANG,MAMUJU,MJU,82.20,"12,794.80","12,829.60",89.34,
20220201022838pdf_1-14 Februari 2022.pdf,62,F.L. TOBING,PINANGSORI,FLZ,80.90,"12,596.26","12,630.52",87.91,
20220201022838pdf_1-14 Februari 2022.pdf,63,MOZES KILANGIN,TIMIKA,TIM,81.60,"12,717.59","12,752.18",88.79,
20220201022838pdf_1-14 Februari 2022.pdf,64,H.A.S. HANANDJOEDDIN,TANJUNG PANDAN,TJQ,82.20,"12,927.16","12,962.32",90.23,
20220201022838pdf_1-14 Februari 2022.pdf,65,BLIMBINGSARI,BANYUWANGI,BWX,80.90,"12,596.26","12,630.52",87.91,
20220201022838pdf_1-14 Februari 2022.pdf,66,TAMBOLAKA,SUMBA BARAT,TMC,82.10,"12,827.89","12,862.78",89.56,
20220201022838pdf_1-14 Februari 2022.pdf,67,BINAKA,GUNUNGSITOLI,GNS,80.90,"12,596.26","12,630.52",87.91,0
20220201022838pdf_1-14 Februari 2022.pdf,68,KULONPROGO,YOGYAKARTA,YIA,81.00,"12,607.29","12,641.58",88.02,0
20220201022838pdf_1-14 Februari 2022.pdf,69,KUABANG,HALMAHERA UTARA,KAZ,86.80,"13,489.69","13,526.38",94.09,0
20220201022838pdf_1-14 Februari 2022.pdf,70,JENDERAL BESAR SOEDIRMAN,PURBALINGGA,PWL,79.10,"12,309.48","12,342.96",85.92,
20220201022838pdf_1-14 Februari 2022.pdf,71,MATHILDA BATLAYERI,SAUMLAKI,SXK,91.00,"14,228.70","14,267.40",99.27,
20220201022838pdf_1-14 Februari 2022.pdf,72,BUDIARTO,CURUG,BTO,78.90,"12,287.42","12,320.84",83.94,
20220215031407pdf_15-28 Februari 2022.pdf,1,APT PRANOTO,SAMARINDA,AAP,82.30,"12,838.92","12,873.84",89.34,
20220215031407pdf_15-28 Februari 2022.pdf,2,PATTIMURA,AMBON,AMQ,83.90,"13,103.64","13,139.28",91.22,
20220215031407pdf_15-28 Februari 2022.pdf,3,SYAMSUDDIN NOOR,BANJARMASIN,BDJ,82.30,"12,838.92","12,873.84",89.34,
20220215031407pdf_15-28 Februari 2022.pdf,4,HUSEIN SASTRANEGARA,BANDUNG,BDO,80.60,"12,574.20","12,608.40",87.58,
20220215031407pdf_15-28 Februari 2022.pdf,5,FRANS KAISIEPO,BIAK,BIK,83.90,"13,103.64","13,139.28",91.22,
20220215031407pdf_15-28 Februari 2022.pdf,6,FATMAWATI SOEKARNOPUTRI,BENGKULU,BKS,84.90,"13,379.39","13,415.78",93.09,
20220215031407pdf_15-28 Februari 2022.pdf,7,M. SALAHUDDIN,BIMA,BMU,83.10,"12,982.31","13,017.62",90.34,
20220215031407pdf_15-28 Februari 2022.pdf,8,SEPINGGAN,BALIKPAPAN,BPN,80.70,"12,585.23","12,619.46",87.58,
20220215031407pdf_15-28 Februari 2022.pdf,9,HANG NADIM,BATAM,BTH,80.20,"11,374.02","11,404.96",79.14,
20220215031407pdf_15-28 Februari 2022.pdf,10,SULTAN ISKANDAR MUDA,BANDA ACEH,BTJ,83.20,"12,982.31","13,017.62",90.34,
20220215031407pdf_15-28 Februari 2022.pdf,11,SOEKARNO HATTA,CENGKARENG,CGK,75.40,"11,746.95","11,778.90",81.84,
20220215031407pdf_15-28 Februari 2022.pdf,12,TUNGGUL WULUNG,CILACAP,CXP,81.40,"12,695.53","12,730.06",88.35,
20220215031407pdf_15-28 Februari 2022.pdf,13,SULTAN THAHA,JAMBI,DJB,86.90,"13,688.23","13,725.46",95.30,
20220215031407pdf_15-28 Februari 2022.pdf,14,SENTANI,JAYAPURA,DJJ,83.90,"13,103.64","13,139.28",91.22,
20220215031407pdf_15-28 Februari 2022.pdf,15,NGURAH RAI,DENPASAR,DPS,81.00,"12,651.41","12,685.82",88.02,
20220215031407pdf_15-28 Februari 2022.pdf,16,PINANG KAMPAI,DUMAI,DUM,83.20,"12,982.31","13,017.62",90.34,
20220215031407pdf_15-28 Februari 2022.pdf,17,H. AROEBOESMAN,ENDE,ENE,83.10,"12,982.31","13,017.62",90.34,
20220215031407pdf_15-28 Februari 2022.pdf,18,JALALUDDIN,GORONTALO,GTO,83.70,"13,070.55","13,106.10",91.00,
20220215031407pdf_15-28 Februari 2022.pdf,19,HALIM PERDANAKUSUMA,JAKARTA,HLP,78.60,"12,265.36","12,298.72",85.37,
20220215031407pdf_15-28 Februari 2022.pdf,20,ADISUCIPTO,YOGYAKARTA,JOG,80.90,"12,618.32","12,652.64",87.80,
20220215031407pdf_15-28 Februari 2022.pdf,21,WOLTER MONGINSIDI,KENDARI,KDI,83.70,"13,070.55","13,106.10",91.00,
20220215031407pdf_15-28 Februari 2022.pdf,22,UTAROM,KAIMANA,KNG,83.90,"13,103.64","13,139.28",91.22,
20220215031407pdf_15-28 Februari 2022.pdf,23,ELTARI,KUPANG,KOE,83.70,"13,015.40","13,050.80",90.67,
20220215031407pdf_15-28 Februari 2022.pdf,24,LOMBOK INTERNATIONAL,MATARAM,LOP,84.70,"13,236.00","13,272.00",92.10,
20220215031407pdf_15-28 Februari 2022.pdf,25,BUBUNG,LUWUK,LUW,83.70,"13,070.55","13,106.10",91.00,
20220215031407pdf_15-28 Februari 2022.pdf,26,SAM RATULANGI,MANADO,MDC,83.70,"13,070.55","13,106.10",91.00,
20220215031407pdf_15-28 Februari 2022.pdf,27,POLONIA,MEDAN,MES,83.20,"12,982.31","13,017.62",90.34,
20220215031407pdf_15-28 Februari 2022.pdf,28,MOPAH,MERAUKE,MKQ,83.90,"13,103.64","13,139.28",91.22,
20220215031407pdf_15-28 Februari 2022.pdf,29,RENDANI,MANOKWARI,MKW,83.90,"13,103.64","13,139.28",91.22,
20220215031407pdf_15-28 Februari 2022.pdf,30,KERTAJATI,MAJALENGKA,KJT,81.10,"12,673.47","12,707.94",88.24,
20220215031407pdf_15-28 Februari 2022.pdf,31,ABDURACHMAN SALEH,MALANG,MLG,81.60,"12,739.65","12,774.30",88.68,
20220215031407pdf_15-28 Februari 2022.pdf,32,WAI OTI,MAUMERE,MOF,83.10,"12,982.31","13,017.62",90.34,
20220215031407pdf_15-28 Februari 2022.pdf,33,PANIAI,NABIRE,NBX,83.90,"13,103.64","13,139.28",91.22,
20220215031407pdf_15-28 Februari 2022.pdf,34,RANAI,NATUNA,NTX,83.20,"12,982.31","13,017.62",90.34,
20220215031407pdf_15-28 Februari 2022.pdf,35,PONDOK CABE,JAKARTA,PCB,81.00,"12,651.41","12,685.82",88.02,
20220215031407pdf_15-28 Februari 2022.pdf,36,MINANGKABAU,PADANG,PDG,83.20,"12,982.31","13,017.62",90.34,
20220215031407pdf_15-28 Februari 2022.pdf,37,DEPATI AMIR,PANGKAL PINANG,PGK,83.30,"13,004.37","13,039.74",90.56,
20220215031407pdf_15-28 Februari 2022.pdf,38,ISKANDAR,PANGKALAN BUN,PKN,"82.30","12,838.92","12,873.84",89.34,
20220215031407pdf_15-28 Februari 2022.pdf,39,SULTAN SYARIF KASIM II,PEKANBARU,PKU,83.20,"12,982.31","13,017.62",90.34,
20220215031407pdf_15-28 Februari 2022.pdf,40,TJILIK RIWUT,PALANGKARAYA,PKY,82.30,"12,838.92","12,873.84",89.34,
20220215031407pdf_15-28 Februari 2022.pdf,41,SULTAN MAHMUD BADARUDDIN II,PALEMBANG,PLM,83.30,"13,004.37","13,039.74",90.56,
20220215031407pdf_15-28 Februari 2022.pdf,42,MUTIARA,PALU,PLW,83.70,"13,070.55","13,106.10",91.00,
20220215031407pdf_15-28 Februari 2022.pdf,43,SUPADIO,PONTIANAK,PNK,82.30,"12,838.92","12,873.84",89.34,
20220215031407pdf_15-28 Februari 2022.pdf,44,H. ASAN,SAMPIT,SMQ,82.30,"12,838.92","12,873.84",89.34,
20220215031407pdf_15-28 Februari 2022.pdf,45,ADISUMARMO,SOLO,SOC,81.40,"12,695.53","12,730.06",88.35,
20220215031407pdf_15-28 Februari 2022.pdf,46,SORONG DARATAN,SORONG,SOQ,83.90,"13,103.64","13,139.28",91.22,
20220215031407pdf_15-28 Februari 2022.pdf,47,ACHMAD YANI,SEMARANG,SRG,79.60,"12,419.78","12,453.56",86.48,
20220215031407pdf_15-28 Februari 2022.pdf,48,JUANDA,SURABAYA,SUB,78.60,"12,265.36","12,298.72",85.37,
20220215031407pdf_15-28 Februari 2022.pdf,49,RADEN INTEN II,BANDAR LAMPUNG,TKG,80.60,"12,706.56","12,741.12",88.46,
20220215031407pdf_15-28 Februari 2022.pdf,50,KIJANG,TANJUNG PINANG,TNJ,83.60,"13,070.55","13,106.10",91.00,
20220215031407pdf_15-28 Februari 2022.pdf,52,JUWATA,TARAKAN,TRK,82.30,"12,838.92","12,873.84",89.34,
20220215031407pdf_15-28 Februari 2022.pdf,52,BABULLAH,TERNATE,TTE,83.90,"13,103.64","13,139.28",91.22,
20220215031407pdf_15-28 Februari 2022.pdf,53,HASANUDDIN,UJUNG PANDANG,UPG,82.20,"12,816.86","12,851.72",89.23,
20220215031407pdf_15-28 Februari 2022.pdf,54,MAU HAU,WAINGAPU,WGP,83.10,"12,982.31","13,017.62",90.34,
20220215031407pdf_15-28 Februari 2022.pdf,55,ISWAHYUDI,MADIUN,WIAR (ICAO),81.90,"12,816.86","12,851.72",89.23,
20220215031407pdf_15-28 Februari 2022.pdf,56,DUMATUBUN,TUAL,LUV,86.60,"13,478.66","13,515.32",93.87,
20220215031407pdf_15-28 Februari 2022.pdf,57,SILANGIT,SIBORONG-BORONG,DTB,82.70,"12,905.10","12,940.20",89.78,
20220215031407pdf_15-28 Februari 2022.pdf,58,KALIMARAU,BERAU,BEJ,82.30,"12,838.92","12,873.84",89.34,
20220215031407pdf_15-28 Februari 2022.pdf,59,KOMODO,LABUAN BAJO,LBJ,83.70,"13,070.55","13,106.10",91.00,
20220215031407pdf_15-28 Februari 2022.pdf,60,KUALANAMU,DELI SERDANG,KNO,80.70,"12,585.23","12,619.46",87.58,
20220215031407pdf_15-28 Februari 2022.pdf,61,TAMPA PADANG,MAMUJU,MJU,84.50,"13,180.85","13,216.70",91.77,
20220215031407pdf_15-28 Februari 2022.pdf,62,F.L. TOBING,PINANGSORI,FLZ,83.20,"12,982.31","13,017.62",90.34,
20220215031407pdf_15-28 Februari 2022.pdf,63,MOZES KILANGIN,TIMIKA,TIM,83.90,"13,103.64","13,139.28",91.22,
20220215031407pdf_15-28 Februari 2022.pdf,64,H.A.S. HANANDJOEDDIN,TANJUNG PANDAN,TJQ,85.60,"13,489.69","13,526.38",93.87,
20220215031407pdf_15-28 Februari 2022.pdf,65,BLIMBINGSARI,BANYUWANGI,BWX,83.10,"12,982.31","13,017.62",90.34,
20220215031407pdf_15-28 Februari 2022.pdf,66,TAMBOLAKA,SUMBA BARAT,TMC,85.40,"13,379.39","13,415.78",93.09,
20220215031407pdf_15-28 Februari 2022.pdf,67,BINAKA,GUNUNGSITOLI,GNS,83.20,"12,982.31","13,017.62",90.34,0
20220215031407pdf_15-28 Februari 2022.pdf,68,KULONPROGO,YOGYAKARTA,YIA,84.10,"13,136.73","13,172.46",91.44,0
20220215031407pdf_15-28 Februari 2022.pdf,69,KUABANG,HALMAHERA UTARA,KAZ,89.90,"14,008.10","14,046.20",97.51,0
20220215031407pdf_15-28 Februari 2022.pdf,70,JENDERAL BESAR SOEDIRMAN,PURBALINGGA,PWL,81.40,"12,695.53","12,730.06",88.35,
20220215031407pdf_15-28 Februari 2022.pdf,71,MATHILDA BATLAYERI,SAUMLAKI,SXK,90.90,"14,250.76","14,289.52",99.16,
20220215031407pdf_15-28 Februari 2022.pdf,72,BUDIARTO,CURUG,BTO,81.20,"12,673.47","12,707.94",85.37,
20220301025623pdf_1-14 Maret 2022.pdf,1,APT PRANOTO,SAMARINDA,AAP,83.50,"13,004.37","13,039.74",90.67,
20220301025623pdf_1-14 Maret 2022.pdf,2,PATTIMURA,AMBON,AMQ,85.10,"13,269.09","13,305.18",92.54,
20220301025623pdf_1-14 Maret 2022.pdf,3,SYAMSUDDIN NOOR,BANJARMASIN,BDJ,83.50,"13,004.37","13,039.74",90.67,
20220301025623pdf_1-14 Maret 2022.pdf,4,HUSEIN SASTRANEGARA,BANDUNG,BDO,81.80,"12,739.65","12,774.30",88.90,
20220301025623pdf_1-14 Maret 2022.pdf,5,FRANS KAISIEPO,BIAK,BIK,85.10,"13,269.09","13,305.18",92.54,
20220301025623pdf_1-14 Maret 2022.pdf,6,FATMAWATI SOEKARNOPUTRI,BENGKULU,BKS,86.10,"13,544.84","13,581.68",94.42,
20220301025623pdf_1-14 Maret 2022.pdf,7,M. SALAHUDDIN,BIMA,BMU,84.30,"13,147.76","13,183.52",91.66,
20220301025623pdf_1-14 Maret 2022.pdf,8,SEPINGGAN,BALIKPAPAN,BPN,81.90,"12,750.68","12,785.36",88.90,
20220301025623pdf_1-14 Maret 2022.pdf,9,HANG NADIM,BATAM,BTH,81.40,"11,524.47","11,555.81",80.34,
20220301025623pdf_1-14 Maret 2022.pdf,10,SULTAN ISKANDAR MUDA,BANDA ACEH,BTJ,84.40,"13,147.76","13,183.52",91.66,
20220301025623pdf_1-14 Maret 2022.pdf,11,SOEKARNO HATTA,CENGKARENG,CGK,76.90,"11,967.55","12,000.10",83.50,
20220301025623pdf_1-14 Maret 2022.pdf,12,TUNGGUL WULUNG,CILACAP,CXP,82.60,"12,860.98","12,895.96",89.67,
20220301025623pdf_1-14 Maret 2022.pdf,13,SULTAN THAHA,JAMBI,DJB,88.10,"13,853.68","13,891.36",96.62,
20220301025623pdf_1-14 Maret 2022.pdf,14,SENTANI,JAYAPURA,DJJ,85.10,"13,269.09","13,305.18",92.54,
20220301025623pdf_1-14 Maret 2022.pdf,15,NGURAH RAI,DENPASAR,DPS,82.20,"12,816.86","12,851.72",89.34,
20220301025623pdf_1-14 Maret 2022.pdf,16,PINANG KAMPAI,DUMAI,DUM,84.40,"13,147.76","13,183.52",91.66,
20220301025623pdf_1-14 Maret 2022.pdf,17,H. AROEBOESMAN,ENDE,ENE,84.30,"13,147.76","13,183.52",91.66,
20220301025623pdf_1-14 Maret 2022.pdf,18,JALALUDDIN,GORONTALO,GTO,84.90,"13,236.00","13,272.00",92.32,
20220301025623pdf_1-14 Maret 2022.pdf,19,HALIM PERDANAKUSUMA,JAKARTA,HLP,79.80,"12,430.81","12,464.62",86.70,
20220301025623pdf_1-14 Maret 2022.pdf,20,ADISUCIPTO,YOGYAKARTA,JOG,82.10,"12,783.77","12,818.54",89.12,
20220301025623pdf_1-14 Maret 2022.pdf,21,WOLTER MONGINSIDI,KENDARI,KDI,84.90,"13,236.00","13,272.00",92.32,
20220301025623pdf_1-14 Maret 2022.pdf,22,UTAROM,KAIMANA,KNG,85.10,"13,269.09","13,305.18",92.54,
20220301025623pdf_1-14 Maret 2022.pdf,23,ELTARI,KUPANG,KOE,84.80,"13,180.85","13,216.70",91.88,
20220301025623pdf_1-14 Maret 2022.pdf,24,LOMBOK INTERNATIONAL,MATARAM,LOP,85.90,"13,401.45","13,437.90",93.42,
20220301025623pdf_1-14 Maret 2022.pdf,25,BUBUNG,LUWUK,LUW,84.90,"13,236.00","13,272.00",92.32,
20220301025623pdf_1-14 Maret 2022.pdf,26,SAM RATULANGI,MANADO,MDC,84.90,"13,236.00","13,272.00",92.32,
20220301025623pdf_1-14 Maret 2022.pdf,27,POLONIA,MEDAN,MES,84.40,"13,147.76","13,183.52",91.66,
20220301025623pdf_1-14 Maret 2022.pdf,28,MOPAH,MERAUKE,MKQ,85.10,"13,269.09","13,305.18",92.54,
20220301025623pdf_1-14 Maret 2022.pdf,29,RENDANI,MANOKWARI,MKW,85.10,"13,269.09","13,305.18",92.54,
20220301025623pdf_1-14 Maret 2022.pdf,30,KERTAJATI,MAJALENGKA,KJT,82.30,"12,838.92","12,873.84",89.56,
20220301025623pdf_1-14 Maret 2022.pdf,31,ABDURACHMAN SALEH,MALANG,MLG,82.80,"12,905.10","12,940.20",90.00,
20220301025623pdf_1-14 Maret 2022.pdf,32,WAI OTI,MAUMERE,MOF,84.30,"13,147.76","13,183.52",91.66,
20220301025623pdf_1-14 Maret 2022.pdf,33,PANIAI,NABIRE,NBX,85.10,"13,269.09","13,305.18",92.54,
20220301025623pdf_1-14 Maret 2022.pdf,34,RANAI,NATUNA,NTX,84.40,"13,147.76","13,183.52",91.66,
20220301025623pdf_1-14 Maret 2022.pdf,35,PONDOK CABE,JAKARTA,PCB,82.20,"12,816.86","12,851.72",89.34,
20220301025623pdf_1-14 Maret 2022.pdf,36,MINANGKABAU,PADANG,PDG,84.40,"13,147.76","13,183.52",91.66,
20220301025623pdf_1-14 Maret 2022.pdf,37,DEPATI AMIR,PANGKAL PINANG,PGK,84.50,"13,169.82","13,205.64",91.88,
20220301025623pdf_1-14 Maret 2022.pdf,38,ISKANDAR,PANGKALAN BUN,PKN,"83.50","13,004.37","13,039.74",90.67,
20220301025623pdf_1-14 Maret 2022.pdf,39,SULTAN SYARIF KASIM II,PEKANBARU,PKU,84.40,"13,147.76","13,183.52",91.66,
20220301025623pdf_1-14 Maret 2022.pdf,40,TJILIK RIWUT,PALANGKARAYA,PKY,83.50,"13,004.37","13,039.74",90.67,
20220301025623pdf_1-14 Maret 2022.pdf,41,SULTAN MAHMUD BADARUDDIN II,PALEMBANG,PLM,84.50,"13,169.82","13,205.64",91.88,
20220301025623pdf_1-14 Maret 2022.pdf,42,MUTIARA,PALU,PLW,84.90,"13,236.00","13,272.00",92.32,
20220301025623pdf_1-14 Maret 2022.pdf,43,SUPADIO,PONTIANAK,PNK,83.50,"13,004.37","13,039.74",90.67,
20220301025623pdf_1-14 Maret 2022.pdf,44,H. ASAN,SAMPIT,SMQ,83.50,"13,004.37","13,039.74",90.67,
20220301025623pdf_1-14 Maret 2022.pdf,45,ADISUMARMO,SOLO,SOC,82.60,"12,860.98","12,895.96",89.67,
20220301025623pdf_1-14 Maret 2022.pdf,46,SORONG DARATAN,SORONG,SOQ,85.10,"13,269.09","13,305.18",92.54,
20220301025623pdf_1-14 Maret 2022.pdf,47,ACHMAD YANI,SEMARANG,SRG,80.80,"12,585.23","12,619.46",87.80,
20220301025623pdf_1-14 Maret 2022.pdf,48,JUANDA,SURABAYA,SUB,79.80,"12,430.81","12,464.62",86.70,
20220301025623pdf_1-14 Maret 2022.pdf,49,RADEN INTEN II,BANDAR LAMPUNG,TKG,81.90,"12,872.01","12,907.02",89.78,
20220301025623pdf_1-14 Maret 2022.pdf,50,KIJANG,TANJUNG PINANG,TNJ,84.80,"13,236.00","13,272.00",92.32,
20220301025623pdf_1-14 Maret 2022.pdf,52,JUWATA,TARAKAN,TRK,83.50,"13,004.37","13,039.74",90.67,
20220301025623pdf_1-14 Maret 2022.pdf,52,BABULLAH,TERNATE,TTE,85.10,"13,269.09","13,305.18",92.54,
20220301025623pdf_1-14 Maret 2022.pdf,53,HASANUDDIN,UJUNG PANDANG,UPG,83.40,"12,982.31","13,017.62",90.56,
20220301025623pdf_1-14 Maret 2022.pdf,54,MAU HAU,WAINGAPU,WGP,84.30,"13,147.76","13,183.52",91.66,
20220301025623pdf_1-14 Maret 2022.pdf,55,ISWAHYUDI,MADIUN,WIAR (ICAO),83.10,"12,982.31","13,017.62",90.56,
20220301025623pdf_1-14 Maret 2022.pdf,56,DUMATUBUN,TUAL,LUV,87.80,"13,644.11","13,681.22",95.19,
20220301025623pdf_1-14 Maret 2022.pdf,57,SILANGIT,SIBORONG-BORONG,DTB,83.90,"13,070.55","13,106.10",91.11,
20220301025623pdf_1-14 Maret 2022.pdf,58,KALIMARAU,BERAU,BEJ,83.50,"13,004.37","13,039.74",90.67,
20220301025623pdf_1-14 Maret 2022.pdf,59,KOMODO,LABUAN BAJO,LBJ,84.90,"13,236.00","13,272.00",92.32,
20220301025623pdf_1-14 Maret 2022.pdf,60,KUALANAMU,DELI SERDANG,KNO,81.90,"12,750.68","12,785.36",88.90,
20220301025623pdf_1-14 Maret 2022.pdf,61,TAMPA PADANG,MAMUJU,MJU,85.70,"13,346.30","13,382.60",93.09,
20220301025623pdf_1-14 Maret 2022.pdf,62,F.L. TOBING,PINANGSORI,FLZ,84.40,"13,147.76","13,183.52",91.66,
20220301025623pdf_1-14 Maret 2022.pdf,63,MOZES KILANGIN,TIMIKA,TIM,85.10,"13,269.09","13,305.18",92.54,
20220301025623pdf_1-14 Maret 2022.pdf,64,H.A.S. HANANDJOEDDIN,TANJUNG PANDAN,TJQ,86.80,"13,655.14","13,692.28",95.19,
20220301025623pdf_1-14 Maret 2022.pdf,65,BLIMBINGSARI,BANYUWANGI,BWX,84.30,"13,147.76","13,183.52",91.66,
20220301025623pdf_1-14 Maret 2022.pdf,66,TAMBOLAKA,SUMBA BARAT,TMC,86.60,"13,544.84","13,581.68",94.42,
20220301025623pdf_1-14 Maret 2022.pdf,67,BINAKA,GUNUNGSITOLI,GNS,84.40,"13,147.76","13,183.52",91.66,0
20220301025623pdf_1-14 Maret 2022.pdf,68,KULONPROGO,YOGYAKARTA,YIA,85.30,"13,302.18","13,338.36",92.76,0
20220301025623pdf_1-14 Maret 2022.pdf,69,KUABANG,HALMAHERA UTARA,KAZ,92.20,"14,350.03","14,389.06",100.04,0
20220301025623pdf_1-14 Maret 2022.pdf,70,JENDERAL BESAR SOEDIRMAN,PURBALINGGA,PWL,82.60,"12,860.98","12,895.96",89.67,
20220301025623pdf_1-14 Maret 2022.pdf,71,MATHILDA BATLAYERI,SAUMLAKI,SXK,94.60,"14,802.26","14,842.52",103.24,
20220301025623pdf_1-14 Maret 2022.pdf,72,BUDIARTO,CURUG,BTO,82.40,"12,838.92","12,873.84",86.70,
20220315082004pdf_15-31 Maret 2022.pdf,1,APT PRANOTO,SAMARINDA,AAP,"95,40","14.934,62","14.975,24","103,90",
20220315082004pdf_15-31 Maret 2022.pdf,2,PATTIMURA,AMBON,AMQ,"97,00","15.199,34","15.240,68","105,78",
20220315082004pdf_15-31 Maret 2022.pdf,3,SYAMSUDDIN NOOR,BANJARMASIN,BDJ,"95,40","14.934,62","14.975,24","103,90",
20220315082004pdf_15-31 Maret 2022.pdf,4,HUSEIN SASTRANEGARA,BANDUNG,BDO,"93,70","14.669,90","14.709,80","102,03",
20220315082004pdf_15-31 Maret 2022.pdf,5,FRANS KAISIEPO,BIAK,BIK,"97,00","15.199,34","15.240,68","105,78",
20220315082004pdf_15-31 Maret 2022.pdf,6,FATMAWATI SOEKARNOPUTRI,BENGKULU,BKS,"98,00","15.475,09","15.517,18","107,65",
20220315082004pdf_15-31 Maret 2022.pdf,7,M. SALAHUDDIN,BIMA,BMU,"96,30","15.078,01","15.119,02","104,90",
20220315082004pdf_15-31 Maret 2022.pdf,8,SEPINGGAN,BALIKPAPAN,BPN,"93,90","14.680,93","14.720,86","102,14",
20220315082004pdf_15-31 Maret 2022.pdf,9,HANG NADIM,BATAM,BTH,"93,40","13.279,72","13.315,84","92,38",
20220315082004pdf_15-31 Maret 2022.pdf,10,SULTAN ISKANDAR MUDA,BANDA ACEH,BTJ,"96,30","15.078,01","15.119,02","104,90",
20220315082004pdf_15-31 Maret 2022.pdf,11,SOEKARNO HATTA,CENGKARENG,CGK,"87,50","13.677,20","13.714,40","95,08",
20220315082004pdf_15-31 Maret 2022.pdf,12,TUNGGUL WULUNG,CILACAP,CXP,"94,50","14.791,23","14.831,46","102,91",
20220315082004pdf_15-31 Maret 2022.pdf,13,SULTAN THAHA,JAMBI,DJB,"100,00","15.783,93","15.826,86","109,75",
20220315082004pdf_15-31 Maret 2022.pdf,14,SENTANI,JAYAPURA,DJJ,"97,00","15.199,34","15.240,68","105,78",
20220315082004pdf_15-31 Maret 2022.pdf,15,NGURAH RAI,DENPASAR,DPS,"94,20","14.747,11","14.787,22","102,58",
20220315082004pdf_15-31 Maret 2022.pdf,16,PINANG KAMPAI,DUMAI,DUM,"96,30","15.078,01","15.119,02","104,90",
20220315082004pdf_15-31 Maret 2022.pdf,17,H. AROEBOESMAN,ENDE,ENE,"96,30","15.078,01","15.119,02","104,90",
20220315082004pdf_15-31 Maret 2022.pdf,18,JALALUDDIN,GORONTALO,GTO,"96,90","15.166,25","15.207,50","105,56",
20220315082004pdf_15-31 Maret 2022.pdf,19,HALIM PERDANAKUSUMA,JAKARTA,HLP,"91,80","14.361,06","14.400,12","99,93",
20220315082004pdf_15-31 Maret 2022.pdf,20,ADISUCIPTO,YOGYAKARTA,JOG,"94,10","14.714,02","14.754,04","102,36",
20220315082004pdf_15-31 Maret 2022.pdf,21,WOLTER MONGINSIDI,KENDARI,KDI,"96,90","15.166,25","15.207,50","105,56",
20220315082004pdf_15-31 Maret 2022.pdf,22,UTAROM,KAIMANA,KNG,"97,00","15.199,34","15.240,68","105,78",
20220315082004pdf_15-31 Maret 2022.pdf,23,ELTARI,KUPANG,KOE,"96,80","15.111,10","15.152,20","105,12",
20220315082004pdf_15-31 Maret 2022.pdf,24,LOMBOK INTERNATIONAL,MATARAM,LOP,"97,90","15.331,70","15.373,40","106,66",
20220315082004pdf_15-31 Maret 2022.pdf,25,BUBUNG,LUWUK,LUW,"96,90","15.166,25","15.207,50","105,56",
20220315082004pdf_15-31 Maret 2022.pdf,26,SAM RATULANGI,MANADO,MDC,"96,90","15.166,25","15.207,50","105,56",
20220315082004pdf_15-31 Maret 2022.pdf,27,POLONIA,MEDAN,MES,"96,30","15.078,01","15.119,02","104,90",
20220315082004pdf_15-31 Maret 2022.pdf,28,MOPAH,MERAUKE,MKQ,"97,00","15.199,34","15.240,68","105,78",
20220315082004pdf_15-31 Maret 2022.pdf,29,RENDANI,MANOKWARI,MKW,"97,00","15.199,34","15.240,68","105,78",
20220315082004pdf_15-31 Maret 2022.pdf,30,KERTAJATI,MAJALENGKA,KJT,"94,40","14.769,17","14.809,34","102,69",
20220315082004pdf_15-31 Maret 2022.pdf,31,ABDURACHMAN SALEH,MALANG,MLG,"94,80","14.835,35","14.875,70","103,24",
20220315082004pdf_15-31 Maret 2022.pdf,32,WAI OTI,MAUMERE,MOF,"96,30","15.078,01","15.119,02","104,90",
20220315082004pdf_15-31 Maret 2022.pdf,33,PANIAI,NABIRE,NBX,"97,00","15.199,34","15.240,68","105,78",
20220315082004pdf_15-31 Maret 2022.pdf,34,RANAI,NATUNA,NTX,"96,30","15.078,01","15.119,02","104,90",
20220315082004pdf_15-31 Maret 2022.pdf,35,PONDOK CABE,JAKARTA,PCB,"94,20","14.747,11","14.787,22","102,58",
20220315082004pdf_15-31 Maret 2022.pdf,36,MINANGKABAU,PADANG,PDG,"96,30","15.078,01","15.119,02","104,90",
20220315082004pdf_15-31 Maret 2022.pdf,37,DEPATI AMIR,PANGKAL PINANG,PGK,"96,40","15.100,07","15.141,14","105,01",
20220315082004pdf_15-31 Maret 2022.pdf,38,ISKANDAR,PANGKALAN BUN,PKN,"95,40","14.934,62","14.975,24","103,90",
20220315082004pdf_15-31 Maret 2022.pdf,39,SULTAN SYARIF KASIM II,PEKANBARU,PKU,"96,30","15.078,01","15.119,02","104,90",
20220315082004pdf_15-31 Maret 2022.pdf,40,TJILIK RIWUT,PALANGKARAYA,PKY,"95,40","14.934,62","14.975,24","103,90",
20220315082004pdf_15-31 Maret 2022.pdf,41,SULTAN MAHMUD BADARUDDIN II,PALEMBANG,PLM,"96,40","15.100,07","15.141,14","105,01",
20220315082004pdf_15-31 Maret 2022.pdf,42,MUTIARA,PALU,PLW,"96,90","15.166,25","15.207,50","105,56",
20220315082004pdf_15-31 Maret 2022.pdf,43,SUPADIO,PONTIANAK,PNK,"95,40","14.934,62","14.975,24","103,90",
20220315082004pdf_15-31 Maret 2022.pdf,44,H. ASAN,SAMPIT,SMQ,"95,40","14.934,62","14.975,24","103,90",
20220315082004pdf_15-31 Maret 2022.pdf,45,ADISUMARMO,SOLO,SOC,"94,50","14.791,23","14.831,46","102,91",
20220315082004pdf_15-31 Maret 2022.pdf,46,SORONG DARATAN,SORONG,SOQ,"97,00","15.199,34","15.240,68","105,78",
20220315082004pdf_15-31 Maret 2022.pdf,47,ACHMAD YANI,SEMARANG,SRG,"92,80","14.515,48","14.554,96","100,92",
20220315082004pdf_15-31 Maret 2022.pdf,48,JUANDA,SURABAYA,SUB,"90,40","14.140,46","14.178,92","98,39",
20220315082004pdf_15-31 Maret 2022.pdf,49,RADEN INTEN II,BANDAR LAMPUNG,TKG,"93,80","14.802,26","14.842,52","103,02",
20220315082004pdf_15-31 Maret 2022.pdf,50,KIJANG,TANJUNG PINANG,TNJ,"96,80","15.166,25","15.207,50","105,56",
20220315082004pdf_15-31 Maret 2022.pdf,52,JUWATA,TARAKAN,TRK,"95,40","14.934,62","14.975,24","103,90",
20220315082004pdf_15-31 Maret 2022.pdf,52,BABULLAH,TERNATE,TTE,"97,00","15.199,34","15.240,68","105,78",
20220315082004pdf_15-31 Maret 2022.pdf,53,HASANUDDIN,UJUNG PANDANG,UPG,"94,60","14.802,26","14.842,52","103,02",
20220315082004pdf_15-31 Maret 2022.pdf,54,MAU HAU,WAINGAPU,WGP,"96,30","15.078,01","15.119,02","104,90",
20220315082004pdf_15-31 Maret 2022.pdf,55,ISWAHYUDI,MADIUN,WIAR (ICAO),"95,10","14.912,56","14.953,12","103,79",
20220315082004pdf_15-31 Maret 2022.pdf,56,DUMATUBUN,TUAL,LUV,"99,70","15.574,36","15.616,72","108,31",
20220315082004pdf_15-31 Maret 2022.pdf,57,SILANGIT,SIBORONG-BORONG,DTB,"95,80","15.000,80","15.041,60","104,34",
20220315082004pdf_15-31 Maret 2022.pdf,58,KALIMARAU,BERAU,BEJ,"95,40","14.934,62","14.975,24","103,90",
20220315082004pdf_15-31 Maret 2022.pdf,59,KOMODO,LABUAN BAJO,LBJ,"96,90","15.166,25","15.207,50","105,56",
20220315082004pdf_15-31 Maret 2022.pdf,60,KUALANAMU,DELI SERDANG,KNO,"93,90","14.680,93","14.720,86","102,14",
20220315082004pdf_15-31 Maret 2022.pdf,61,TAMPA PADANG,MAMUJU,MJU,"97,60","15.276,55","15.318,10","106,33",
20220315082004pdf_15-31 Maret 2022.pdf,62,F.L. TOBING,PINANGSORI,FLZ,"96,30","15.078,01","15.119,02","104,90",
20220315082004pdf_15-31 Maret 2022.pdf,63,MOZES KILANGIN,TIMIKA,TIM,"97,00","15.199,34","15.240,68","105,78",
20220315082004pdf_15-31 Maret 2022.pdf,64,H.A.S. HANANDJOEDDIN,TANJUNG PANDAN,TJQ,"98,70","15.585,39","15.627,78","108,42",
20220315082004pdf_15-31 Maret 2022.pdf,65,BLIMBINGSARI,BANYUWANGI,BWX,"96,30","15.078,01","15.119,02","104,90",
20220315082004pdf_15-31 Maret 2022.pdf,66,TAMBOLAKA,SUMBA BARAT,TMC,"98,50","15.475,09","15.517,18","107,65",
20220315082004pdf_15-31 Maret 2022.pdf,67,BINAKA,GUNUNGSITOLI,GNS,"96,30","15.078,01","15.119,02","104,90",0
20220315082004pdf_15-31 Maret 2022.pdf,68,KULONPROGO,YOGYAKARTA,YIA,"97,30","15.232,43","15.273,86","106,00",0
20220315082004pdf_15-31 Maret 2022.pdf,69,KUABANG,HALMAHERA UTARA,KAZ,"100,60","15.728,78","15.771,56","109,42",0
20220315082004pdf_15-31 Maret 2022.pdf,70,JENDERAL BESAR SOEDIRMAN,PURBALINGGA,PWL,"94,50","14.791,23","14.831,46","102,91",
20220315082004pdf_15-31 Maret 2022.pdf,71,MATHILDA BATLAYERI,SAUMLAKI,SXK,"100,60","15.794,96","15.837,92","109,86",
20220315082004pdf_15-31 Maret 2022.pdf,72,BUDIARTO,CURUG,BTO,"94,40","14.769,17","14.809,34","99,93",
20220331235043pdf_1-14 April 2022.pdf,1,APT PRANOTO,SAMARINDA,AAP,,,"15.780,24","109,74",
20220331235043pdf_1-14 April 2022.pdf,2,PATTIMURA,AMBON,AMQ,,,"16.048,08","111,63",
20220331235043pdf_1-14 April 2022.pdf,3,SYAMSUDDIN NOOR,BANJARMASIN,BDJ,,,"15.780,24","109,74",
20220331235043pdf_1-14 April 2022.pdf,4,HUSEIN SASTRANEGARA,BANDUNG,BDO,,,"15.512,40","107,96",
20220331235043pdf_1-14 April 2022.pdf,5,FRANS KAISIEPO,BIAK,BIK,,,"16.048,08","111,63",
20220331235043pdf_1-14 April 2022.pdf,6,FATMAWATI SOEKARNOPUTRI,BENGKULU,BKS,,,"16.327,08","113,53",
20220331235043pdf_1-14 April 2022.pdf,7,M. SALAHUDDIN,BIMA,BMU,,,"15.925,32","110,74",
20220331235043pdf_1-14 April 2022.pdf,8,SEPINGGAN,BALIKPAPAN,BPN,,,"15.523,56","107,96",
20220331235043pdf_1-14 April 2022.pdf,9,HANG NADIM,BATAM,BTH,,,"13.923,04","96,89",
20220331235043pdf_1-14 April 2022.pdf,10,SULTAN ISKANDAR MUDA,BANDA ACEH,BTJ,,,"15.925,32","110,74",
20220331235043pdf_1-14 April 2022.pdf,11,SOEKARNO HATTA,CENGKARENG,CGK,,,"14.508,00","100,95",
20220331235043pdf_1-14 April 2022.pdf,12,TUNGGUL WULUNG,CILACAP,CXP,,,"15.635,16","108,74",
20220331235043pdf_1-14 April 2022.pdf,13,SULTAN THAHA,JAMBI,DJB,,,"16.639,56","115,75",
20220331235043pdf_1-14 April 2022.pdf,14,SENTANI,JAYAPURA,DJJ,,,"16.048,08","111,63",
20220331235043pdf_1-14 April 2022.pdf,15,NGURAH RAI,DENPASAR,DPS,,,"15.590,52","108,52",
20220331235043pdf_1-14 April 2022.pdf,16,PINANG KAMPAI,DUMAI,DUM,,,"15.925,32","110,74",
20220331235043pdf_1-14 April 2022.pdf,17,H. AROEBOESMAN,ENDE,ENE,,,"15.925,32","110,74",
20220331235043pdf_1-14 April 2022.pdf,18,JALALUDDIN,GORONTALO,GTO,,,"16.014,60","111,41",
20220331235043pdf_1-14 April 2022.pdf,19,HALIM PERDANAKUSUMA,JAKARTA,HLP,,,"15.199,92","105,74",
20220331235043pdf_1-14 April 2022.pdf,20,ADISUCIPTO,YOGYAKARTA,JOG,,,"15.557,04","108,18",
20220331235043pdf_1-14 April 2022.pdf,21,WOLTER MONGINSIDI,KENDARI,KDI,,,"16.014,60","111,41",
20220331235043pdf_1-14 April 2022.pdf,22,UTAROM,KAIMANA,KNG,,,"16.048,08","111,63",
20220331235043pdf_1-14 April 2022.pdf,23,ELTARI,KUPANG,KOE,,,"15.958,80","111,08",
20220331235043pdf_1-14 April 2022.pdf,24,LOMBOK INTERNATIONAL,MATARAM,LOP,,,"16.182,00","112,64",
20220331235043pdf_1-14 April 2022.pdf,25,BUBUNG,LUWUK,LUW,,,"16.014,60","111,41",
20220331235043pdf_1-14 April 2022.pdf,26,SAM RATULANGI,MANADO,MDC,,,"16.014,60","111,41",
20220331235043pdf_1-14 April 2022.pdf,27,POLONIA,MEDAN,MES,,,"15.925,32","110,74",
20220331235043pdf_1-14 April 2022.pdf,28,MOPAH,MERAUKE,MKQ,,,"16.048,08","111,63",
20220331235043pdf_1-14 April 2022.pdf,29,RENDANI,MANOKWARI,MKW,,,"16.048,08","111,63",
20220331235043pdf_1-14 April 2022.pdf,30,KERTAJATI,MAJALENGKA,KJT,,,"15.612,84","108,63",
20220331235043pdf_1-14 April 2022.pdf,31,ABDURACHMAN SALEH,MALANG,MLG,,,"15.679,80","109,07",
20220331235043pdf_1-14 April 2022.pdf,32,WAI OTI,MAUMERE,MOF,,,"15.925,32","110,74",
20220331235043pdf_1-14 April 2022.pdf,33,PANIAI,NABIRE,NBX,,,"16.048,08","111,63",
20220331235043pdf_1-14 April 2022.pdf,34,RANAI,NATUNA,NTX,,,"15.925,32","110,74",
20220331235043pdf_1-14 April 2022.pdf,35,PONDOK CABE,JAKARTA,PCB,,,"15.590,52","108,52",
20220331235043pdf_1-14 April 2022.pdf,36,MINANGKABAU,PADANG,PDG,,,"15.925,32","110,74",
20220331235043pdf_1-14 April 2022.pdf,37,DEPATI AMIR,PANGKAL PINANG,PGK,,,"15.947,64","110,97",
20220331235043pdf_1-14 April 2022.pdf,38,ISKANDAR,PANGKALAN BUN,PKN,,,"15.780,24","109,74",
20220331235043pdf_1-14 April 2022.pdf,39,SULTAN SYARIF KASIM II,PEKANBARU,PKU,,,"15.925,32","110,74",
20220331235043pdf_1-14 April 2022.pdf,40,TJILIK RIWUT,PALANGKARAYA,PKY,,,"15.780,24","109,74",
20220331235043pdf_1-14 April 2022.pdf,41,SULTAN MAHMUD BADARUDDIN II,PALEMBANG,PLM,,,"15.947,64","110,97",
20220331235043pdf_1-14 April 2022.pdf,42,MUTIARA,PALU,PLW,,,"16.014,60","111,41",
20220331235043pdf_1-14 April 2022.pdf,43,SUPADIO,PONTIANAK,PNK,,,"15.780,24","109,74",
20220331235043pdf_1-14 April 2022.pdf,44,H. ASAN,SAMPIT,SMQ,,,"15.780,24","109,74",
20220331235043pdf_1-14 April 2022.pdf,45,ADISUMARMO,SOLO,SOC,,,"15.635,16","108,74",
20220331235043pdf_1-14 April 2022.pdf,46,SORONG DARATAN,SORONG,SOQ,,,"16.048,08","111,63",
20220331235043pdf_1-14 April 2022.pdf,47,ACHMAD YANI,SEMARANG,SRG,,,"15.356,16","106,85",
20220331235043pdf_1-14 April 2022.pdf,48,JUANDA,SURABAYA,SUB,,,"14.976,72","104,18",
20220331235043pdf_1-14 April 2022.pdf,49,RADEN INTEN II,BANDAR LAMPUNG,TKG,,,"15.646,32","108,85",
20220331235043pdf_1-14 April 2022.pdf,50,KIJANG,TANJUNG PINANG,TNJ,,,"16.014,60","111,41",
20220331235043pdf_1-14 April 2022.pdf,52,JUWATA,TARAKAN,TRK,,,"15.780,24","109,74",
20220331235043pdf_1-14 April 2022.pdf,52,BABULLAH,TERNATE,TTE,,,"16.048,08","111,63",
20220331235043pdf_1-14 April 2022.pdf,53,HASANUDDIN,UJUNG PANDANG,UPG,,,"15.646,32","108,85",
20220331235043pdf_1-14 April 2022.pdf,54,MAU HAU,WAINGAPU,WGP,,,"15.925,32","110,74",
20220331235043pdf_1-14 April 2022.pdf,55,ISWAHYUDI,MADIUN,WIAR (ICAO),,,"15.757,92","109,63",
20220331235043pdf_1-14 April 2022.pdf,56,DUMATUBUN,TUAL,LUV,,,"16.427,52","114,31",
20220331235043pdf_1-14 April 2022.pdf,57,SILANGIT,SIBORONG-BORONG,DTB,,,"15.847,20","110,30",
20220331235043pdf_1-14 April 2022.pdf,58,KALIMARAU,BERAU,BEJ,,,"15.780,24","109,74",
20220331235043pdf_1-14 April 2022.pdf,59,KOMODO,LABUAN BAJO,LBJ,,,"16.014,60","111,41",
20220331235043pdf_1-14 April 2022.pdf,60,KUALANAMU,DELI SERDANG,KNO,,,"15.523,56","107,96",
20220331235043pdf_1-14 April 2022.pdf,61,TAMPA PADANG,MAMUJU,MJU,,,"16.126,20","112,19",
20220331235043pdf_1-14 April 2022.pdf,62,F.L. TOBING,PINANGSORI,FLZ,,,"15.925,32","110,74",
20220331235043pdf_1-14 April 2022.pdf,63,MOZES KILANGIN,TIMIKA,TIM,,,"16.048,08","111,63",
20220331235043pdf_1-14 April 2022.pdf,64,H.A.S. HANANDJOEDDIN,TANJUNG PANDAN,TJQ,,,"16.438,68","114,31",
20220331235043pdf_1-14 April 2022.pdf,65,BLIMBINGSARI,BANYUWANGI,BWX,,,"15.925,32","110,74",
20220331235043pdf_1-14 April 2022.pdf,66,TAMBOLAKA,SUMBA BARAT,TMC,,,"16.327,08","113,64",
20220331235043pdf_1-14 April 2022.pdf,67,BINAKA,"GUNUNGSITOLI",GNS,,,"15.925,32","110,74",0
20220331235043pdf_1-14 April 2022.pdf,68,KULONPROGO,YOGYAKARTA,YIA,,,"16.081,56","111,86",0
20220331235043pdf_1-14 April 2022.pdf,69,KUABANG,HALMAHERA UTARA,KAZ,,,"16.583,76","115,42",0
20220331235043pdf_1-14 April 2022.pdf,70,JENDERAL BESAR SOEDIRMAN,PURBALINGGA,PWL,,,"15.635,16","108,74",
20220331235043pdf_1-14 April 2022.pdf,71,MATHILDA BATLAYERI,SAUMLAKI,SXK,,,"16.650,72","115,86",
20220331235043pdf_1-14 April 2022.pdf,72,BUDIARTO,CURUG,BTO,,,"15.612,84","105,74",
20220414213730pdf_15-30 APRIL 2022.pdf,1,APT PRANOTO,SAMARINDA,AAP,101.50,"16,016.07","16,059.24",111.52,
20220414213730pdf_15-30 APRIL 2022.pdf,2,PATTIMURA,AMBON,AMQ,103.10,"16,283.19","16,327.08",113.41,
20220414213730pdf_15-30 APRIL 2022.pdf,3,SYAMSUDDIN NOOR,BANJARMASIN,BDJ,101.50,"16,016.07","16,059.24",111.52,
20220414213730pdf_15-30 APRIL 2022.pdf,4,HUSEIN SASTRANEGARA,BANDUNG,BDO,99.80,"15,748.95","15,791.40",109.74,
20220414213730pdf_15-30 APRIL 2022.pdf,5,FRANS KAISIEPO,BIAK,BIK,103.10,"16,283.19","16,327.08",113.41,
20220414213730pdf_15-30 APRIL 2022.pdf,6,FATMAWATI SOEKARNOPUTRI,BENGKULU,BKS,104.10,"16,561.44","16,606.08",115.31,
20220414213730pdf_15-30 APRIL 2022.pdf,7,M. SALAHUDDIN,BIMA,BMU,102.30,"16,160.76","16,204.32",112.52,
20220414213730pdf_15-30 APRIL 2022.pdf,8,SEPINGGAN,BALIKPAPAN,BPN,99.90,"15,760.08","15,802.56",109.74,
20220414213730pdf_15-30 APRIL 2022.pdf,9,HANG NADIM,BATAM,BTH,99.40,"14,132.27","14,174.54",98.39,
20220414213730pdf_15-30 APRIL 2022.pdf,10,SULTAN ISKANDAR MUDA,BANDA ACEH,BTJ,102.40,"16,160.76","16,204.32",112.52,
20220414213730pdf_15-30 APRIL 2022.pdf,11,SOEKARNO HATTA,CENGKARENG,CGK,93.50,"14,747.25","14,787.00",102.73,
20220414213730pdf_15-30 APRIL 2022.pdf,12,TUNGGUL WULUNG,CILACAP,CXP,100.60,"15,871.38","15,914.16",110.52,
20220414213730pdf_15-30 APRIL 2022.pdf,13,SULTAN THAHA,JAMBI,DJB,106.10,"16,873.08","16,918.56",117.53,
20220414213730pdf_15-30 APRIL 2022.pdf,14,SENTANI,JAYAPURA,DJJ,103.10,"16,283.19","16,327.08",113.41,
20220414213730pdf_15-30 APRIL 2022.pdf,15,NGURAH RAI,DENPASAR,DPS,100.20,"15,826.86","15,869.52",110.30,
20220414213730pdf_15-30 APRIL 2022.pdf,16,PINANG KAMPAI,DUMAI,DUM,102.40,"16,160.76","16,204.32",112.52,
20220414213730pdf_15-30 APRIL 2022.pdf,17,H. AROEBOESMAN,ENDE,ENE,102.30,"16,160.76","16,204.32",112.52,
20220414213730pdf_15-30 APRIL 2022.pdf,18,JALALUDDIN,GORONTALO,GTO,102.90,"16,249.80","16,293.60",113.19,
20220414213730pdf_15-30 APRIL 2022.pdf,19,HALIM PERDANAKUSUMA,JAKARTA,HLP,97.80,"15,437.31","15,478.92",107.52,
20220414213730pdf_15-30 APRIL 2022.pdf,20,ADISUCIPTO,YOGYAKARTA,JOG,100.10,"15,793.47","15,836.04",109.96,
20220414213730pdf_15-30 APRIL 2022.pdf,21,WOLTER MONGINSIDI,KENDARI,KDI,102.90,"16,249.80","16,293.60",113.19,
20220414213730pdf_15-30 APRIL 2022.pdf,22,UTAROM,KAIMANA,KNG,103.10,"16,283.19","16,327.08",113.41,
20220414213730pdf_15-30 APRIL 2022.pdf,23,ELTARI,KUPANG,KOE,102.80,"16,194.15","16,237.80",112.86,
20220414213730pdf_15-30 APRIL 2022.pdf,24,LOMBOK INTERNATIONAL,MATARAM,LOP,103.90,"16,416.75","16,461.00",114.31,
20220414213730pdf_15-30 APRIL 2022.pdf,25,BUBUNG,LUWUK,LUW,102.90,"16,249.80","16,293.60",113.19,
20220414213730pdf_15-30 APRIL 2022.pdf,26,SAM RATULANGI,MANADO,MDC,102.90,"16,249.80","16,293.60",113.19,
20220414213730pdf_15-30 APRIL 2022.pdf,27,POLONIA,MEDAN,MES,102.40,"16,160.76","16,204.32",112.52,
20220414213730pdf_15-30 APRIL 2022.pdf,28,MOPAH,MERAUKE,MKQ,103.10,"16,283.19","16,327.08",113.41,
20220414213730pdf_15-30 APRIL 2022.pdf,29,RENDANI,MANOKWARI,MKW,103.10,"16,283.19","16,327.08",113.41,
20220414213730pdf_15-30 APRIL 2022.pdf,30,KERTAJATI,MAJALENGKA,KJT,100.40,"15,849.12","15,891.84",110.41,
20220414213730pdf_15-30 APRIL 2022.pdf,31,ABDURACHMAN SALEH,MALANG,MLG,100.80,"15,915.90","15,958.80",110.85,
20220414213730pdf_15-30 APRIL 2022.pdf,32,WAI OTI,MAUMERE,MOF,102.30,"16,160.76","16,204.32",112.52,
20220414213730pdf_15-30 APRIL 2022.pdf,33,PANIAI,NABIRE,NBX,103.10,"16,283.19","16,327.08",113.41,
20220414213730pdf_15-30 APRIL 2022.pdf,34,RANAI,NATUNA,NTX,102.40,"16,160.76","16,204.32",112.52,
20220414213730pdf_15-30 APRIL 2022.pdf,35,PONDOK CABE,JAKARTA,PCB,100.20,"15,826.86","15,869.52",110.30,
20220414213730pdf_15-30 APRIL 2022.pdf,36,MINANGKABAU,PADANG,PDG,102.40,"16,160.76","16,204.32",112.52,
20220414213730pdf_15-30 APRIL 2022.pdf,37,DEPATI AMIR,PANGKAL PINANG,PGK,102.50,"16,183.02","16,226.64",112.75,
20220414213730pdf_15-30 APRIL 2022.pdf,38,ISKANDAR,PANGKALAN BUN,PKN,101.50,"16,016.07","16,059.24",111.52,
20220414213730pdf_15-30 APRIL 2022.pdf,39,SULTAN SYARIF KASIM II,PEKANBARU,PKU,102.40,"16,160.76","16,204.32",112.52,
20220414213730pdf_15-30 APRIL 2022.pdf,40,TJILIK RIWUT,PALANGKARAYA,PKY,101.50,"16,016.07","16,059.24",111.52,
20220414213730pdf_15-30 APRIL 2022.pdf,41,SULTAN MAHMUD BADARUDDIN II,PALEMBANG,PLM,102.50,"16,183.02","16,226.64",112.75,
20220414213730pdf_15-30 APRIL 2022.pdf,42,MUTIARA,PALU,PLW,102.90,"16,249.80","16,293.60",113.19,
20220414213730pdf_15-30 APRIL 2022.pdf,43,SUPADIO,PONTIANAK,PNK,101.50,"16,016.07","16,059.24",111.52,
20220414213730pdf_15-30 APRIL 2022.pdf,44,H. ASAN,SAMPIT,SMQ,101.50,"16,016.07","16,059.24",111.52,
20220414213730pdf_15-30 APRIL 2022.pdf,45,ADISUMARMO,SOLO,SOC,100.60,"15,871.38","15,914.16",110.52,
20220414213730pdf_15-30 APRIL 2022.pdf,46,SORONG DARATAN,SORONG,SOQ,103.10,"16,283.19","16,327.08",113.41,
20220414213730pdf_15-30 APRIL 2022.pdf,47,ACHMAD YANI,SEMARANG,SRG,98.80,"15,593.13","15,635.16",108.63,
20220414213730pdf_15-30 APRIL 2022.pdf,48,JUANDA,SURABAYA,SUB,96.40,"15,214.71","15,255.72",105.96,
20220414213730pdf_15-30 APRIL 2022.pdf,49,RADEN INTEN II,BANDAR LAMPUNG,TKG,99.90,"15,882.51","15,925.32",110.63,
20220414213730pdf_15-30 APRIL 2022.pdf,50,KIJANG,TANJUNG PINANG,TNJ,102.80,"16,249.80","16,293.60",113.19,
20220414213730pdf_15-30 APRIL 2022.pdf,51,JUWATA,TARAKAN,TRK,101.50,"16,016.07","16,059.24",111.52,
20220414213730pdf_15-30 APRIL 2022.pdf,52,BABULLAH,TERNATE,TTE,103.10,"16,283.19","16,327.08",113.41,
20220414213730pdf_15-30 APRIL 2022.pdf,53,HASANUDDIN,"UJUNG PANDANG",UPG,"100.60","15,882.51","15,925.32",110.63,
20220414213730pdf_15-30 APRIL 2022.pdf,54,MAU HAU,WAINGAPU,WGP,102.30,"16,160.76","16,204.32",112.52,
20220414213730pdf_15-30 APRIL 2022.pdf,55,ISWAHYUDI,MADIUN,WIAR (ICAO),101.10,"15,993.81","16,036.92",111.41,
20220414213730pdf_15-30 APRIL 2022.pdf,56,DUMATUBUN,TUAL,LUV,105.70,"16,661.61","16,706.52",116.09,
20220414213730pdf_15-30 APRIL 2022.pdf,57,SILANGIT,SIBORONG-BORONG,DTB,101.80,"16,082.85","16,126.20",112.08,
20220414213730pdf_15-30 APRIL 2022.pdf,58,KALIMARAU,BERAU,BEJ,101.50,"16,016.07","16,059.24",111.52,
20220414213730pdf_15-30 APRIL 2022.pdf,59,KOMODO,LABUAN BAJO,LBJ,102.90,"16,249.80","16,293.60",113.19,
20220414213730pdf_15-30 APRIL 2022.pdf,60,KUALANAMU,DELI SERDANG,KNO,99.90,"15,760.08","15,802.56",109.74,
20220414213730pdf_15-30 APRIL 2022.pdf,61,TAMPA PADANG,MAMUJU,MJU,103.60,"16,361.10","16,405.20",113.97,
20220414213730pdf_15-30 APRIL 2022.pdf,62,F.L. TOBING,PINANGSORI,FLZ,102.40,"16,160.76","16,204.32",112.52,
20220414213730pdf_15-30 APRIL 2022.pdf,63,MOZES KILANGIN,TIMIKA,TIM,103.10,"16,283.19","16,327.08",113.41,
20220414213730pdf_15-30 APRIL 2022.pdf,64,H.A.S. HANANDJOEDDIN,TANJUNG PANDAN,TJQ,104.80,"16,672.74","16,717.68",116.09,
20220414213730pdf_15-30 APRIL 2022.pdf,65,BLIMBINGSARI,BANYUWANGI,BWX,102.30,"16,160.76","16,204.32",112.52,
20220414213730pdf_15-30 APRIL 2022.pdf,66,TAMBOLAKA,SUMBA BARAT,TMC,104.50,"16,561.44","16,606.08",115.31,
20220414213730pdf_15-30 APRIL 2022.pdf,67,BINAKA,GUNUNGSITOLI,GNS,102.40,"16,160.76","16,204.32",112.52,0
20220414213730pdf_15-30 APRIL 2022.pdf,68,KULONPROGO,YOGYAKARTA,YIA,103.30,"16,316.58","16,360.56",113.64,0
20220414213730pdf_15-30 APRIL 2022.pdf,69,KUABANG,HALMAHERA UTARA,KAZ,108.40,"17,095.68","17,141.76",119.09,0
20220414213730pdf_15-30 APRIL 2022.pdf,70,JENDERAL BESAR SOEDIRMAN,PURBALINGGA,PWL,100.60,"15,871.38","15,914.16",110.52,
20220414213730pdf_15-30 APRIL 2022.pdf,71,MATHILDA BATLAYERI,SAUMLAKI,SXK,108.40,"17,162.46","17,208.72",119.54,
20220414213730pdf_15-30 APRIL 2022.pdf,72,BUDIARTO,CURUG,BTO,100.40,"15,849.12","15,891.84",107.52,
20220430221252pdf_1-14 Mei 2022.pdf,1,APT PRANOTO,SAMARINDA,AAP,102.90,"16,238.67","16,282.44",113.08,
20220430221252pdf_1-14 Mei 2022.pdf,2,PATTIMURA,AMBON,AMQ,104.50,"16,505.79","16,550.28",114.97,
20220430221252pdf_1-14 Mei 2022.pdf,3,SYAMSUDDIN NOOR,BANJARMASIN,BDJ,102.90,"16,238.67","16,282.44",113.08,
20220430221252pdf_1-14 Mei 2022.pdf,4,HUSEIN SASTRANEGARA,BANDUNG,BDO,101.10,"15,971.55","16,014.60",111.30,
20220430221252pdf_1-14 Mei 2022.pdf,5,FRANS KAISIEPO,BIAK,BIK,104.50,"16,505.79","16,550.28",114.97,
20220430221252pdf_1-14 Mei 2022.pdf,6,FATMAWATI SOEKARNOPUTRI,BENGKULU,BKS,105.50,"16,784.04","16,829.28",116.87,
20220430221252pdf_1-14 Mei 2022.pdf,7,M. SALAHUDDIN,BIMA,BMU,103.70,"16,383.36","16,427.52",114.08,
20220430221252pdf_1-14 Mei 2022.pdf,8,SEPINGGAN,BALIKPAPAN,BPN,101.30,"15,982.68","16,025.76",111.30,
20220430221252pdf_1-14 Mei 2022.pdf,9,HANG NADIM,BATAM,BTH,100.80,"14,332.87","14,375.74",99.80,
20220430221252pdf_1-14 Mei 2022.pdf,10,SULTAN ISKANDAR MUDA,BANDA ACEH,BTJ,103.80,"16,383.36","16,427.52",114.08,
20220430221252pdf_1-14 Mei 2022.pdf,11,SOEKARNO HATTA,CENGKARENG,CGK,94.90,"14,969.85","15,010.20",104.29,
20220430221252pdf_1-14 Mei 2022.pdf,12,TUNGGUL WULUNG,CILACAP,CXP,102.00,"16,093.98","16,137.36",112.08,
20220430221252pdf_1-14 Mei 2022.pdf,13,SULTAN THAHA,JAMBI,DJB,107.50,"17,095.68","17,141.76",119.09,
20220430221252pdf_1-14 Mei 2022.pdf,14,SENTANI,JAYAPURA,DJJ,104.50,"16,505.79","16,550.28",114.97,
20220430221252pdf_1-14 Mei 2022.pdf,15,NGURAH RAI,DENPASAR,DPS,101.60,"16,049.46","16,092.72",111.75,
20220430221252pdf_1-14 Mei 2022.pdf,16,PINANG KAMPAI,DUMAI,DUM,103.80,"16,383.36","16,427.52",114.08,
20220430221252pdf_1-14 Mei 2022.pdf,17,H. AROEBOESMAN,ENDE,ENE,103.70,"16,383.36","16,427.52",114.08,
20220430221252pdf_1-14 Mei 2022.pdf,18,JALALUDDIN,GORONTALO,GTO,104.30,"16,472.40","16,516.80",114.75,
20220430221252pdf_1-14 Mei 2022.pdf,19,HALIM PERDANAKUSUMA,JAKARTA,HLP,99.20,"15,659.91","15,702.12",109.07,
20220430221252pdf_1-14 Mei 2022.pdf,20,ADISUCIPTO,YOGYAKARTA,JOG,101.50,"16,016.07","16,059.24",111.52,
20220430221252pdf_1-14 Mei 2022.pdf,21,WOLTER MONGINSIDI,KENDARI,KDI,104.30,"16,472.40","16,516.80",114.75,
20220430221252pdf_1-14 Mei 2022.pdf,22,UTAROM,KAIMANA,KNG,104.50,"16,505.79","16,550.28",114.97,
20220430221252pdf_1-14 Mei 2022.pdf,23,ELTARI,KUPANG,KOE,104.20,"16,416.75","16,461.00",114.31,
20220430221252pdf_1-14 Mei 2022.pdf,24,LOMBOK INTERNATIONAL,MATARAM,LOP,105.30,"16,639.35","16,684.20",115.86,
20220430221252pdf_1-14 Mei 2022.pdf,25,BUBUNG,LUWUK,LUW,104.30,"16,472.40","16,516.80",114.75,
20220430221252pdf_1-14 Mei 2022.pdf,26,SAM RATULANGI,MANADO,MDC,104.30,"16,472.40","16,516.80",114.75,
20220430221252pdf_1-14 Mei 2022.pdf,27,POLONIA,MEDAN,MES,103.80,"16,383.36","16,427.52",114.08,
20220430221252pdf_1-14 Mei 2022.pdf,28,MOPAH,MERAUKE,MKQ,104.50,"16,505.79","16,550.28",114.97,
20220430221252pdf_1-14 Mei 2022.pdf,29,RENDANI,MANOKWARI,MKW,104.50,"16,505.79","16,550.28",114.97,
20220430221252pdf_1-14 Mei 2022.pdf,30,KERTAJATI,MAJALENGKA,KJT,101.80,"16,071.72","16,115.04",111.97,
20220430221252pdf_1-14 Mei 2022.pdf,31,ABDURACHMAN SALEH,MALANG,MLG,102.20,"16,138.50","16,182.00",112.41,
20220430221252pdf_1-14 Mei 2022.pdf,32,WAI OTI,MAUMERE,MOF,103.70,"16,383.36","16,427.52",114.08,
20220430221252pdf_1-14 Mei 2022.pdf,33,PANIAI,NABIRE,NBX,104.50,"16,505.79","16,550.28",114.97,
20220430221252pdf_1-14 Mei 2022.pdf,34,RANAI,NATUNA,NTX,103.80,"16,383.36","16,427.52",114.08,
20220430221252pdf_1-14 Mei 2022.pdf,35,PONDOK CABE,JAKARTA,PCB,101.60,"16,049.46","16,092.72",111.75,
20220430221252pdf_1-14 Mei 2022.pdf,36,MINANGKABAU,PADANG,PDG,103.80,"16,383.36","16,427.52",114.08,
20220430221252pdf_1-14 Mei 2022.pdf,37,DEPATI AMIR,PANGKAL PINANG,PGK,103.90,"16,405.62","16,449.84",114.31,
20220430221252pdf_1-14 Mei 2022.pdf,38,ISKANDAR,PANGKALAN BUN,PKN,102.90,"16,238.67","16,282.44",113.08,
20220430221252pdf_1-14 Mei 2022.pdf,39,SULTAN SYARIF KASIM II,PEKANBARU,PKU,103.80,"16,383.36","16,427.52",114.08,
20220430221252pdf_1-14 Mei 2022.pdf,40,TJILIK RIWUT,PALANGKARAYA,PKY,102.90,"16,238.67","16,282.44",113.08,
20220430221252pdf_1-14 Mei 2022.pdf,41,SULTAN MAHMUD BADARUDDIN II,PALEMBANG,PLM,103.90,"16,405.62","16,449.84",114.31,
20220430221252pdf_1-14 Mei 2022.pdf,42,MUTIARA,PALU,PLW,104.30,"16,472.40","16,516.80",114.75,
20220430221252pdf_1-14 Mei 2022.pdf,43,SUPADIO,PONTIANAK,PNK,102.90,"16,238.67","16,282.44",113.08,
20220430221252pdf_1-14 Mei 2022.pdf,44,H. ASAN,SAMPIT,SMQ,102.90,"16,238.67","16,282.44",113.08,
20220430221252pdf_1-14 Mei 2022.pdf,45,ADISUMARMO,SOLO,SOC,102.00,"16,093.98","16,137.36",112.08,
20220430221252pdf_1-14 Mei 2022.pdf,46,SORONG DARATAN,SORONG,SOQ,104.50,"16,505.79","16,550.28",114.97,
20220430221252pdf_1-14 Mei 2022.pdf,47,ACHMAD YANI,SEMARANG,SRG,100.20,"15,815.73","15,858.36",110.19,
20220430221252pdf_1-14 Mei 2022.pdf,48,JUANDA,SURABAYA,SUB,97.80,"15,437.31","15,478.92",107.52,
20220430221252pdf_1-14 Mei 2022.pdf,49,RADEN INTEN II,BANDAR LAMPUNG,TKG,101.30,"16,105.11","16,148.52",112.19,
20220430221252pdf_1-14 Mei 2022.pdf,50,KIJANG,TANJUNG PINANG,TNJ,104.20,"16,472.40","16,516.80",114.75,
20220430221252pdf_1-14 Mei 2022.pdf,51,JUWATA,TARAKAN,TRK,102.90,"16,238.67","16,282.44",113.08,
20220430221252pdf_1-14 Mei 2022.pdf,52,BABULLAH,TERNATE,TTE,104.50,"16,505.79","16,550.28",114.97,
20220430221252pdf_1-14 Mei 2022.pdf,53,HASANUDDIN,UJUNG PANDANG,UPG,102.00,"16,105.11","16,148.52",112.19,
20220430221252pdf_1-14 Mei 2022.pdf,54,MAU HAU,WAINGAPU,WGP,103.70,"16,383.36","16,427.52",114.08,
20220430221252pdf_1-14 Mei 2022.pdf,55,ISWAHYUDI,MADIUN,WIAR (ICAO),102.50,"16,216.41","16,260.12",112.97,
20220430221252pdf_1-14 Mei 2022.pdf,56,DUMATUBUN,TUAL,LUV,107.10,"16,884.21","16,929.72",117.64,
20220430221252pdf_1-14 Mei 2022.pdf,57,SILANGIT,SIBORONG-BORONG,DTB,103.20,"16,305.45","16,349.40",113.53,
20220430221252pdf_1-14 Mei 2022.pdf,58,KALIMARAU,BERAU,BEJ,102.90,"16,238.67","16,282.44",113.08,
20220430221252pdf_1-14 Mei 2022.pdf,59,KOMODO,LABUAN BAJO,LBJ,104.30,"16,472.40","16,516.80",114.75,
20220430221252pdf_1-14 Mei 2022.pdf,60,KUALANAMU,DELI SERDANG,KNO,101.30,"15,982.68","16,025.76",111.30,
20220430221252pdf_1-14 Mei 2022.pdf,61,TAMPA PADANG,MAMUJU,MJU,105.00,"16,583.70","16,628.40",115.53,
20220430221252pdf_1-14 Mei 2022.pdf,62,F.L. TOBING,PINANGSORI,FLZ,103.80,"16,383.36","16,427.52",114.08,
20220430221252pdf_1-14 Mei 2022.pdf,63,MOZES KILANGIN,TIMIKA,TIM,104.50,"16,505.79","16,550.28",114.97,
20220430221252pdf_1-14 Mei 2022.pdf,64,H.A.S. HANANDJOEDDIN,TANJUNG PANDAN,TJQ,106.20,"16,895.34","16,940.88",117.64,
20220430221252pdf_1-14 Mei 2022.pdf,65,BLIMBINGSARI,BANYUWANGI,BWX,103.70,"16,383.36","16,427.52",114.08,
20220430221252pdf_1-14 Mei 2022.pdf,66,TAMBOLAKA,SUMBA BARAT,TMC,105.90,"16,784.04","16,829.28",116.87,
20220430221252pdf_1-14 Mei 2022.pdf,67,BINAKA,"GUNUNGSITOLI",GNS,"103.80","16,383.36","16,427.52",114.08,0
20220430221252pdf_1-14 Mei 2022.pdf,68,KULONPROGO,YOGYAKARTA,YIA,104.70,"16,539.18","16,583.76",115.20,0
20220430221252pdf_1-14 Mei 2022.pdf,69,KUABANG,HALMAHERA UTARA,KAZ,111.90,"17,652.18","17,699.76",122.99,0
20220430221252pdf_1-14 Mei 2022.pdf,70,JENDERAL BESAR SOEDIRMAN,PURBALINGGA,PWL,102.00,"16,093.98","16,137.36",112.08,
20220430221252pdf_1-14 Mei 2022.pdf,71,MATHILDA BATLAYERI,SAUMLAKI,SXK,111.90,"17,718.96","17,766.72",123.43,
20220430221252pdf_1-14 Mei 2022.pdf,72,BUDIARTO,CURUG,BTO,101.80,"16,071.72","16,115.04",109.07,
20220515030047pdf_15-31 Mei 2022.pdf,1,APT PRANOTO,SAMARINDA,AAP,106.70,"16,906.47","16,952.04",117.31,
20220515030047pdf_15-31 Mei 2022.pdf,2,PATTIMURA,AMBON,AMQ,108.30,"17,173.59","17,219.88",119.20,
20220515030047pdf_15-31 Mei 2022.pdf,3,SYAMSUDDIN NOOR,BANJARMASIN,BDJ,106.70,"16,906.47","16,952.04",117.31,
20220515030047pdf_15-31 Mei 2022.pdf,4,HUSEIN SASTRANEGARA,BANDUNG,BDO,104.90,"16,639.35","16,684.20",115.53,
20220515030047pdf_15-31 Mei 2022.pdf,5,FRANS KAISIEPO,BIAK,BIK,108.30,"17,173.59","17,219.88",119.20,
20220515030047pdf_15-31 Mei 2022.pdf,6,FATMAWATI SOEKARNOPUTRI,BENGKULU,BKS,109.20,"17,451.84","17,498.88",121.09,
20220515030047pdf_15-31 Mei 2022.pdf,7,M. SALAHUDDIN,BIMA,BMU,107.50,"17,051.16","17,097.12",118.31,
20220515030047pdf_15-31 Mei 2022.pdf,8,SEPINGGAN,BALIKPAPAN,BPN,105.10,"16,650.48","16,695.36",115.53,
20220515030047pdf_15-31 Mei 2022.pdf,9,HANG NADIM,BATAM,BTH,104.60,"14,934.67","14,979.34",103.61,
20220515030047pdf_15-31 Mei 2022.pdf,10,SULTAN ISKANDAR MUDA,BANDA ACEH,BTJ,107.60,"17,051.16","17,097.12",118.31,
20220515030047pdf_15-31 Mei 2022.pdf,11,SOEKARNO HATTA,CENGKARENG,CGK,98.70,"15,637.65","15,679.80",108.52,
20220515030047pdf_15-31 Mei 2022.pdf,12,TUNGGUL WULUNG,CILACAP,CXP,105.80,"16,761.78","16,806.96",116.31,
20220515030047pdf_15-31 Mei 2022.pdf,13,SULTAN THAHA,JAMBI,DJB,111.20,"17,763.48","17,811.36",123.32,
20220515030047pdf_15-31 Mei 2022.pdf,14,SENTANI,JAYAPURA,DJJ,108.30,"17,173.59","17,219.88",119.20,
20220515030047pdf_15-31 Mei 2022.pdf,15,NGURAH RAI,DENPASAR,DPS,105.40,"16,717.26","16,762.32",115.97,
20220515030047pdf_15-31 Mei 2022.pdf,16,PINANG KAMPAI,DUMAI,DUM,107.60,"17,051.16","17,097.12",118.31,
20220515030047pdf_15-31 Mei 2022.pdf,17,H. AROEBOESMAN,ENDE,ENE,107.50,"17,051.16","17,097.12",118.31,
20220515030047pdf_15-31 Mei 2022.pdf,18,JALALUDDIN,GORONTALO,GTO,108.00,"17,140.20","17,186.40",118.98,
20220515030047pdf_15-31 Mei 2022.pdf,19,HALIM PERDANAKUSUMA,JAKARTA,HLP,103.00,"16,327.71","16,371.72",113.30,
20220515030047pdf_15-31 Mei 2022.pdf,20,ADISUCIPTO,YOGYAKARTA,JOG,105.30,"16,683.87","16,728.84",115.75,
20220515030047pdf_15-31 Mei 2022.pdf,21,WOLTER MONGINSIDI,KENDARI,KDI,108.00,"17,140.20","17,186.40",118.98,
20220515030047pdf_15-31 Mei 2022.pdf,22,UTAROM,KAIMANA,KNG,108.30,"17,173.59","17,219.88",119.20,
20220515030047pdf_15-31 Mei 2022.pdf,23,ELTARI,KUPANG,KOE,108.00,"17,084.55","17,130.60",118.53,
20220515030047pdf_15-31 Mei 2022.pdf,24,LOMBOK INTERNATIONAL,MATARAM,LOP,109.10,"17,307.15","17,353.80",120.09,
20220515030047pdf_15-31 Mei 2022.pdf,25,BUBUNG,LUWUK,LUW,108.00,"17,140.20","17,186.40",118.98,
20220515030047pdf_15-31 Mei 2022.pdf,26,SAM RATULANGI,MANADO,MDC,108.00,"17,140.20","17,186.40",118.98,
20220515030047pdf_15-31 Mei 2022.pdf,27,POLONIA,MEDAN,MES,107.60,"17,051.16","17,097.12",118.31,
20220515030047pdf_15-31 Mei 2022.pdf,28,MOPAH,MERAUKE,MKQ,108.30,"17,173.59","17,219.88",119.20,
20220515030047pdf_15-31 Mei 2022.pdf,29,RENDANI,MANOKWARI,MKW,108.30,"17,173.59","17,219.88",119.20,
20220515030047pdf_15-31 Mei 2022.pdf,30,KERTAJATI,MAJALENGKA,KJT,105.60,"16,739.52","16,784.64",116.20,
20220515030047pdf_15-31 Mei 2022.pdf,31,ABDURACHMAN SALEH,MALANG,MLG,106.00,"16,806.30","16,851.60",116.64,
20220515030047pdf_15-31 Mei 2022.pdf,32,WAI OTI,MAUMERE,MOF,107.50,"17,051.16","17,097.12",118.31,
20220515030047pdf_15-31 Mei 2022.pdf,33,PANIAI,NABIRE,NBX,108.30,"17,173.59","17,219.88",119.20,
20220515030047pdf_15-31 Mei 2022.pdf,34,RANAI,NATUNA,NTX,107.60,"17,051.16","17,097.12",118.31,
20220515030047pdf_15-31 Mei 2022.pdf,35,PONDOK CABE,JAKARTA,PCB,105.40,"16,717.26","16,762.32",115.97,
20220515030047pdf_15-31 Mei 2022.pdf,36,MINANGKABAU,PADANG,PDG,107.60,"17,051.16","17,097.12",118.31,
20220515030047pdf_15-31 Mei 2022.pdf,37,DEPATI AMIR,PANGKAL PINANG,PGK,107.60,"17,073.42","17,119.44",118.53,
20220515030047pdf_15-31 Mei 2022.pdf,38,ISKANDAR,PANGKALAN BUN,PKN,106.70,"16,906.47","16,952.04",117.31,
20220515030047pdf_15-31 Mei 2022.pdf,39,SULTAN SYARIF KASIM II,PEKANBARU,PKU,107.60,"17,051.16","17,097.12",118.31,
20220515030047pdf_15-31 Mei 2022.pdf,40,TJILIK RIWUT,PALANGKARAYA,PKY,106.70,"16,906.47","16,952.04",117.31,
20220515030047pdf_15-31 Mei 2022.pdf,41,SULTAN MAHMUD BADARUDDIN II,PALEMBANG,PLM,107.60,"17,073.42","17,119.44",118.53,
20220515030047pdf_15-31 Mei 2022.pdf,42,MUTIARA,PALU,PLW,108.00,"17,140.20","17,186.40",118.98,
20220515030047pdf_15-31 Mei 2022.pdf,43,SUPADIO,PONTIANAK,PNK,106.70,"16,906.47","16,952.04",117.31,
20220515030047pdf_15-31 Mei 2022.pdf,44,H. ASAN,SAMPIT,SMQ,106.70,"16,906.47","16,952.04",117.31,
20220515030047pdf_15-31 Mei 2022.pdf,45,ADISUMARMO,SOLO,SOC,105.80,"16,761.78","16,806.96",116.31,
20220515030047pdf_15-31 Mei 2022.pdf,46,SORONG DARATAN,SORONG,SOQ,108.30,"17,173.59","17,219.88",119.20,
20220515030047pdf_15-31 Mei 2022.pdf,47,ACHMAD YANI,SEMARANG,SRG,104.00,"16,483.53","16,527.96",114.42,
20220515030047pdf_15-31 Mei 2022.pdf,48,JUANDA,SURABAYA,SUB,101.60,"16,105.11","16,148.52",111.75,
20220515030047pdf_15-31 Mei 2022.pdf,49,RADEN INTEN II,BANDAR LAMPUNG,TKG,105.10,"16,772.91","16,818.12",116.42,
20220515030047pdf_15-31 Mei 2022.pdf,50,KIJANG,TANJUNG PINANG,TNJ,108.00,"17,140.20","17,186.40",118.98,
20220515030047pdf_15-31 Mei 2022.pdf,51,JUWATA,TARAKAN,TRK,106.70,"16,906.47","16,952.04",117.31,
20220515030047pdf_15-31 Mei 2022.pdf,52,BABULLAH,TERNATE,TTE,108.30,"17,173.59","17,219.88",119.20,
20220515030047pdf_15-31 Mei 2022.pdf,53,HASANUDDIN,UJUNG PANDANG,UPG,105.80,"16,772.91","16,818.12",116.42,
20220515030047pdf_15-31 Mei 2022.pdf,54,MAU HAU,WAINGAPU,WGP,107.50,"17,051.16","17,097.12",118.31,
20220515030047pdf_15-31 Mei 2022.pdf,55,ISWAHYUDI,MADIUN,WIAR (ICAO),106.30,"16,884.21","16,929.72",117.20,
20220515030047pdf_15-31 Mei 2022.pdf,56,DUMATUBUN,TUAL,LUV,110.90,"17,552.01","17,599.32",121.87,
20220515030047pdf_15-31 Mei 2022.pdf,57,SILANGIT,SIBORONG-BORONG,DTB,107.00,"16,973.25","17,019.00",117.76,
20220515030047pdf_15-31 Mei 2022.pdf,58,KALIMARAU,BERAU,BEJ,106.70,"16,906.47","16,952.04",117.31,
20220515030047pdf_15-31 Mei 2022.pdf,59,KOMODO,LABUAN BAJO,LBJ,108.00,"17,140.20","17,186.40",118.98,
20220515030047pdf_15-31 Mei 2022.pdf,60,KUALANAMU,DELI SERDANG,KNO,105.10,"16,650.48","16,695.36",115.53,
20220515030047pdf_15-31 Mei 2022.pdf,61,TAMPA PADANG,MAMUJU,MJU,108.80,"17,251.50","17,298.00",119.76,
20220515030047pdf_15-31 Mei 2022.pdf,62,F.L. TOBING,PINANGSORI,FLZ,107.60,"17,051.16","17,097.12",118.31,
20220515030047pdf_15-31 Mei 2022.pdf,63,MOZES KILANGIN,TIMIKA,TIM,108.30,"17,173.59","17,219.88",119.20,
20220515030047pdf_15-31 Mei 2022.pdf,64,H.A.S. HANANDJOEDDIN,TANJUNG PANDAN,TJQ,109.90,"17,563.14","17,610.48",121.87,
20220515030047pdf_15-31 Mei 2022.pdf,65,BLIMBINGSARI,BANYUWANGI,BWX,107.50,"17,051.16","17,097.12",118.31,
20220515030047pdf_15-31 Mei 2022.pdf,66,TAMBOLAKA,SUMBA BARAT,TMC,109.70,"17,451.84","17,498.88",121.09,
20220515030047pdf_15-31 Mei 2022.pdf,67,BINAKA,"GUNUNGSITOLI",GNS,"107.60","17,051.16","17,097.12",118.31,0
20220515030047pdf_15-31 Mei 2022.pdf,68,KULONPROGO,YOGYAKARTA,YIA,108.50,"17,206.98","17,253.36",119.42,0
20220515030047pdf_15-31 Mei 2022.pdf,69,KUABANG,HALMAHERA UTARA,KAZ,115.70,"18,319.98","18,369.36",127.22,0
20220515030047pdf_15-31 Mei 2022.pdf,70,JENDERAL BESAR SOEDIRMAN,PURBALINGGA,PWL,105.80,"16,761.78","16,806.96",116.31,
20220515030047pdf_15-31 Mei 2022.pdf,71,MATHILDA BATLAYERI,SAUMLAKI,SXK,115.60,"18,386.76","18,436.32",127.66,
20220515030047pdf_15-31 Mei 2022.pdf,72,BUDIARTO,CURUG,BTO,105.60,"16,739.52","16,784.64",113.30,
20220601000106pdf_1-14 Juni 2022.pdf,1,APT PRANOTO,SAMARINDA,AAP,105.60,"16,906.47","16,952.04",115.75,
20220601000106pdf_1-14 Juni 2022.pdf,2,PATTIMURA,AMBON,AMQ,107.20,"17,173.59","17,219.88",117.64,
20220601000106pdf_1-14 Juni 2022.pdf,3,SYAMSUDDIN NOOR,BANJARMASIN,BDJ,105.60,"16,906.47","16,952.04",115.75,
20220601000106pdf_1-14 Juni 2022.pdf,4,HUSEIN SASTRANEGARA,BANDUNG,BDO,103.90,"16,639.35","16,684.20",113.97,
20220601000106pdf_1-14 Juni 2022.pdf,5,FRANS KAISIEPO,BIAK,BIK,107.20,"17,173.59","17,219.88",117.64,
20220601000106pdf_1-14 Juni 2022.pdf,6,FATMAWATI SOEKARNOPUTRI,BENGKULU,BKS,108.10,"17,451.84","17,498.88",119.54,
20220601000106pdf_1-14 Juni 2022.pdf,7,M. SALAHUDDIN,BIMA,BMU,106.40,"17,051.16","17,097.12",116.75,
20220601000106pdf_1-14 Juni 2022.pdf,8,SEPINGGAN,BALIKPAPAN,BPN,104.00,"16,650.48","16,695.36",113.97,
20220601000106pdf_1-14 Juni 2022.pdf,9,HANG NADIM,BATAM,BTH,103.50,"14,934.67","14,979.34",102.21,
20220601000106pdf_1-14 Juni 2022.pdf,10,SULTAN ISKANDAR MUDA,BANDA ACEH,BTJ,106.50,"17,051.16","17,097.12",116.75,
20220601000106pdf_1-14 Juni 2022.pdf,11,SOEKARNO HATTA,CENGKARENG,CGK,98.10,"15,748.95","15,791.40",107.85,
20220601000106pdf_1-14 Juni 2022.pdf,12,TUNGGUL WULUNG,CILACAP,CXP,104.70,"16,761.78","16,806.96",114.75,
20220601000106pdf_1-14 Juni 2022.pdf,13,SULTAN THAHA,JAMBI,DJB,110.10,"17,763.48","17,811.36",121.65,
20220601000106pdf_1-14 Juni 2022.pdf,14,SENTANI,JAYAPURA,DJJ,107.20,"17,173.59","17,219.88",117.64,
20220601000106pdf_1-14 Juni 2022.pdf,15,NGURAH RAI,DENPASAR,DPS,104.30,"16,717.26","16,762.32",114.42,
20220601000106pdf_1-14 Juni 2022.pdf,16,PINANG KAMPAI,DUMAI,DUM,106.50,"17,051.16","17,097.12",116.75,
20220601000106pdf_1-14 Juni 2022.pdf,17,H. AROEBOESMAN,ENDE,ENE,106.40,"17,051.16","17,097.12",116.75,
20220601000106pdf_1-14 Juni 2022.pdf,18,JALALUDDIN,GORONTALO,GTO,106.90,"17,140.20","17,186.40",117.42,
20220601000106pdf_1-14 Juni 2022.pdf,19,HALIM PERDANAKUSUMA,JAKARTA,HLP,102.00,"16,327.71","16,371.72",111.86,
20220601000106pdf_1-14 Juni 2022.pdf,20,ADISUCIPTO,YOGYAKARTA,JOG,104.20,"16,683.87","16,728.84",114.19,
20220601000106pdf_1-14 Juni 2022.pdf,21,WOLTER MONGINSIDI,KENDARI,KDI,106.90,"17,140.20","17,186.40",117.42,
20220601000106pdf_1-14 Juni 2022.pdf,22,UTAROM,KAIMANA,KNG,107.20,"17,173.59","17,219.88",117.64,
20220601000106pdf_1-14 Juni 2022.pdf,23,ELTARI,KUPANG,KOE,106.90,"17,084.55","17,130.60",116.98,
20220601000106pdf_1-14 Juni 2022.pdf,24,LOMBOK INTERNATIONAL,MATARAM,LOP,108.00,"17,307.15","17,353.80",118.53,
20220601000106pdf_1-14 Juni 2022.pdf,25,BUBUNG,LUWUK,LUW,106.90,"17,140.20","17,186.40",117.42,
20220601000106pdf_1-14 Juni 2022.pdf,26,SAM RATULANGI,MANADO,MDC,106.90,"17,140.20","17,186.40",117.42,
20220601000106pdf_1-14 Juni 2022.pdf,27,POLONIA,MEDAN,MES,106.50,"17,051.16","17,097.12",116.75,
20220601000106pdf_1-14 Juni 2022.pdf,28,MOPAH,MERAUKE,MKQ,107.20,"17,173.59","17,219.88",117.64,
20220601000106pdf_1-14 Juni 2022.pdf,29,RENDANI,MANOKWARI,MKW,107.20,"17,173.59","17,219.88",117.64,
20220601000106pdf_1-14 Juni 2022.pdf,30,KERTAJATI,MAJALENGKA,KJT,104.50,"16,739.52","16,784.64",114.64,
20220601000106pdf_1-14 Juni 2022.pdf,31,ABDURACHMAN SALEH,MALANG,MLG,104.90,"16,806.30","16,851.60",115.08,
20220601000106pdf_1-14 Juni 2022.pdf,32,WAI OTI,MAUMERE,MOF,106.40,"17,051.16","17,097.12",116.75,
20220601000106pdf_1-14 Juni 2022.pdf,33,PANIAI,NABIRE,NBX,107.20,"17,173.59","17,219.88",117.64,
20220601000106pdf_1-14 Juni 2022.pdf,34,RANAI,NATUNA,NTX,106.50,"17,051.16","17,097.12",116.75,
20220601000106pdf_1-14 Juni 2022.pdf,35,PONDOK CABE,JAKARTA,PCB,104.30,"16,717.26","16,762.32",114.42,
20220601000106pdf_1-14 Juni 2022.pdf,36,MINANGKABAU,PADANG,PDG,106.50,"17,051.16","17,097.12",116.75,
20220601000106pdf_1-14 Juni 2022.pdf,37,DEPATI AMIR,PANGKAL PINANG,PGK,106.50,"17,073.42","17,119.44",116.87,
20220601000106pdf_1-14 Juni 2022.pdf,38,ISKANDAR,PANGKALAN BUN,PKN,105.60,"16,906.47","16,952.04",115.75,
20220601000106pdf_1-14 Juni 2022.pdf,39,SULTAN SYARIF KASIM II,PEKANBARU,PKU,106.50,"17,051.16","17,097.12",116.75,
20220601000106pdf_1-14 Juni 2022.pdf,40,TJILIK RIWUT,PALANGKARAYA,PKY,105.60,"16,906.47","16,952.04",115.75,
20220601000106pdf_1-14 Juni 2022.pdf,41,SULTAN MAHMUD BADARUDDIN II,PALEMBANG,PLM,106.50,"17,073.42","17,119.44",116.87,
20220601000106pdf_1-14 Juni 2022.pdf,42,MUTIARA,PALU,PLW,106.90,"17,140.20","17,186.40",117.42,
20220601000106pdf_1-14 Juni 2022.pdf,43,SUPADIO,PONTIANAK,PNK,105.60,"16,906.47","16,952.04",115.75,
20220601000106pdf_1-14 Juni 2022.pdf,44,H. ASAN,SAMPIT,SMQ,105.60,"16,906.47","16,952.04",115.75,
20220601000106pdf_1-14 Juni 2022.pdf,45,ADISUMARMO,SOLO,SOC,104.70,"16,761.78","16,806.96",114.75,
20220601000106pdf_1-14 Juni 2022.pdf,46,SORONG DARATAN,SORONG,SOQ,107.20,"17,173.59","17,219.88",117.64,
20220601000106pdf_1-14 Juni 2022.pdf,47,ACHMAD YANI,SEMARANG,SRG,103.00,"16,483.53","16,527.96",112.86,
20220601000106pdf_1-14 Juni 2022.pdf,48,JUANDA,SURABAYA,SUB,100.60,"16,105.11","16,148.52",110.30,
20220601000106pdf_1-14 Juni 2022.pdf,49,RADEN INTEN II,BANDAR LAMPUNG,TKG,104.00,"16,772.91","16,818.12",114.86,
20220601000106pdf_1-14 Juni 2022.pdf,50,KIJANG,TANJUNG PINANG,TNJ,106.90,"17,140.20","17,186.40",117.42,
20220601000106pdf_1-14 Juni 2022.pdf,51,JUWATA,TARAKAN,TRK,105.60,"16,906.47","16,952.04",115.75,
20220601000106pdf_1-14 Juni 2022.pdf,52,BABULLAH,TERNATE,TTE,107.20,"17,173.59","17,219.88",117.64,
20220601000106pdf_1-14 Juni 2022.pdf,53,HASANUDDIN,UJUNG PANDANG,UPG,104.70,"16,772.91","16,818.12",114.86,
20220601000106pdf_1-14 Juni 2022.pdf,54,MAU HAU,WAINGAPU,WGP,106.40,"17,051.16","17,097.12",116.75,
20220601000106pdf_1-14 Juni 2022.pdf,55,ISWAHYUDI,MADIUN,WIAR (ICAO),105.20,"16,884.21","16,929.72",115.64,
20220601000106pdf_1-14 Juni 2022.pdf,56,DUMATUBUN,TUAL,LUV,110.10,"17,663.31","17,710.92",120.98,
20220601000106pdf_1-14 Juni 2022.pdf,57,SILANGIT,SIBORONG-BORONG,DTB,105.90,"16,973.25","17,019.00",116.20,
20220601000106pdf_1-14 Juni 2022.pdf,58,KALIMARAU,BERAU,BEJ,105.60,"16,906.47","16,952.04",115.75,
20220601000106pdf_1-14 Juni 2022.pdf,59,KOMODO,LABUAN BAJO,LBJ,106.90,"17,140.20","17,186.40",117.42,
20220601000106pdf_1-14 Juni 2022.pdf,60,KUALANAMU,DELI SERDANG,KNO,104.00,"16,650.48","16,695.36",113.97,
20220601000106pdf_1-14 Juni 2022.pdf,61,TAMPA PADANG,MAMUJU,MJU,107.70,"17,251.50","17,298.00",118.09,
20220601000106pdf_1-14 Juni 2022.pdf,62,F.L. TOBING,PINANGSORI,FLZ,106.50,"17,051.16","17,097.12",116.75,
20220601000106pdf_1-14 Juni 2022.pdf,63,MOZES KILANGIN,TIMIKA,TIM,107.20,"17,173.59","17,219.88",117.64,
20220601000106pdf_1-14 Juni 2022.pdf,64,H.A.S. HANANDJOEDDIN,TANJUNG PANDAN,TJQ,108.80,"17,563.14","17,610.48",120.32,
20220601000106pdf_1-14 Juni 2022.pdf,65,BLIMBINGSARI,BANYUWANGI,BWX,106.40,"17,051.16","17,097.12",116.75,
20220601000106pdf_1-14 Juni 2022.pdf,66,TAMBOLAKA,SUMBA BARAT,TMC,108.60,"17,451.84","17,498.88",119.54,
20220601000106pdf_1-14 Juni 2022.pdf,67,BINAKA,"GUNUNGSITOLI",GNS,"106.50","17,051.16","17,097.12",116.75,0
20220601000106pdf_1-14 Juni 2022.pdf,68,KULONPROGO,YOGYAKARTA,YIA,107.40,"17,206.98","17,253.36",117.87,0
20220601000106pdf_1-14 Juni 2022.pdf,69,KUABANG,HALMAHERA UTARA,KAZ,114.70,"18,431.28","18,480.96",126.21,0
20220601000106pdf_1-14 Juni 2022.pdf,70,JENDERAL BESAR SOEDIRMAN,PURBALINGGA,PWL,104.70,"16,761.78","16,806.96",114.75,
20220601000106pdf_1-14 Juni 2022.pdf,71,MATHILDA BATLAYERI,SAUMLAKI,SXK,114.70,"18,498.06","18,547.92",126.66,
20220601000106pdf_1-14 Juni 2022.pdf,72,BUDIARTO,CURUG,BTO,104.50,"16,739.52","16,784.64",111.86,
20220615031452pdf_15-30 Juni 2022.pdf,1,APT PRANOTO,SAMARINDA,AAP,115.30,"18,409.02","18,458.64",126.66,
20220615031452pdf_15-30 Juni 2022.pdf,2,PATTIMURA,AMBON,AMQ,116.90,"18,676.14","18,726.48",128.44,
20220615031452pdf_15-30 Juni 2022.pdf,3,SYAMSUDDIN NOOR,BANJARMASIN,BDJ,115.30,"18,409.02","18,458.64",126.66,
20220615031452pdf_15-30 Juni 2022.pdf,4,HUSEIN SASTRANEGARA,BANDUNG,BDO,113.60,"18,141.90","18,190.80",124.77,
20220615031452pdf_15-30 Juni 2022.pdf,5,FRANS KAISIEPO,BIAK,BIK,116.90,"18,676.14","18,726.48",128.44,
20220615031452pdf_15-30 Juni 2022.pdf,6,FATMAWATI SOEKARNOPUTRI,BENGKULU,BKS,117.90,"18,954.39","19,005.48",130.33,
20220615031452pdf_15-30 Juni 2022.pdf,7,M. SALAHUDDIN,BIMA,BMU,116.20,"18,553.71","18,603.72",127.66,
20220615031452pdf_15-30 Juni 2022.pdf,8,SEPINGGAN,BALIKPAPAN,BPN,113.70,"18,153.03","18,201.96",124.88,
20220615031452pdf_15-30 Juni 2022.pdf,9,HANG NADIM,BATAM,BTH,113.30,"16,288.72","16,337.44",112.04,
20220615031452pdf_15-30 Juni 2022.pdf,10,SULTAN ISKANDAR MUDA,BANDA ACEH,BTJ,116.20,"18,553.71","18,603.72",127.66,
20220615031452pdf_15-30 Juni 2022.pdf,11,SOEKARNO HATTA,CENGKARENG,CGK,108.50,"17,362.80","17,409.60",119.42,
20220615031452pdf_15-30 Juni 2022.pdf,12,TUNGGUL WULUNG,CILACAP,CXP,114.40,"18,264.33","18,313.56",125.66,
20220615031452pdf_15-30 Juni 2022.pdf,13,SULTAN THAHA,JAMBI,DJB,119.90,"19,266.03","19,317.96",132.45,
20220615031452pdf_15-30 Juni 2022.pdf,14,SENTANI,JAYAPURA,DJJ,116.90,"18,676.14","18,726.48",128.44,
20220615031452pdf_15-30 Juni 2022.pdf,15,NGURAH RAI,DENPASAR,DPS,114.10,"18,219.81","18,268.92",125.32,
20220615031452pdf_15-30 Juni 2022.pdf,16,PINANG KAMPAI,DUMAI,DUM,116.20,"18,553.71","18,603.72",127.66,
20220615031452pdf_15-30 Juni 2022.pdf,17,H. AROEBOESMAN,ENDE,ENE,116.20,"18,553.71","18,603.72",127.66,
20220615031452pdf_15-30 Juni 2022.pdf,18,JALALUDDIN,GORONTALO,GTO,116.70,"18,642.75","18,693.00",128.22,
20220615031452pdf_15-30 Juni 2022.pdf,19,HALIM PERDANAKUSUMA,JAKARTA,HLP,111.70,"17,830.26","17,878.32",122.65,
20220615031452pdf_15-30 Juni 2022.pdf,20,ADISUCIPTO,YOGYAKARTA,JOG,114.00,"18,186.42","18,235.44",125.10,
20220615031452pdf_15-30 Juni 2022.pdf,21,WOLTER MONGINSIDI,KENDARI,KDI,116.70,"18,642.75","18,693.00",128.22,
20220615031452pdf_15-30 Juni 2022.pdf,22,UTAROM,KAIMANA,KNG,116.90,"18,676.14","18,726.48",128.44,
20220615031452pdf_15-30 Juni 2022.pdf,23,ELTARI,KUPANG,KOE,116.60,"18,587.10","18,637.20",127.88,
20220615031452pdf_15-30 Juni 2022.pdf,24,LOMBOK INTERNATIONAL,MATARAM,LOP,117.70,"18,809.70","18,860.40",129.33,
20220615031452pdf_15-30 Juni 2022.pdf,25,BUBUNG,LUWUK,LUW,116.70,"18,642.75","18,693.00",128.22,
20220615031452pdf_15-30 Juni 2022.pdf,26,SAM RATULANGI,MANADO,MDC,116.70,"18,642.75","18,693.00",128.22,
20220615031452pdf_15-30 Juni 2022.pdf,27,POLONIA,MEDAN,MES,116.20,"18,553.71","18,603.72",127.66,
20220615031452pdf_15-30 Juni 2022.pdf,28,MOPAH,MERAUKE,MKQ,116.90,"18,676.14","18,726.48",128.44,
20220615031452pdf_15-30 Juni 2022.pdf,29,RENDANI,MANOKWARI,MKW,116.90,"18,676.14","18,726.48",128.44,
20220615031452pdf_15-30 Juni 2022.pdf,30,KERTAJATI,MAJALENGKA,KJT,114.30,"18,242.07","18,291.24",125.44,
20220615031452pdf_15-30 Juni 2022.pdf,31,ABDURACHMAN SALEH,MALANG,MLG,114.60,"18,308.85","18,358.20",125.88,
20220615031452pdf_15-30 Juni 2022.pdf,32,WAI OTI,MAUMERE,MOF,116.20,"18,553.71","18,603.72",127.66,
20220615031452pdf_15-30 Juni 2022.pdf,33,PANIAI,NABIRE,NBX,116.90,"18,676.14","18,726.48",128.44,
20220615031452pdf_15-30 Juni 2022.pdf,34,RANAI,NATUNA,NTX,116.20,"18,553.71","18,603.72",127.66,
20220615031452pdf_15-30 Juni 2022.pdf,35,PONDOK CABE,JAKARTA,PCB,114.10,"18,219.81","18,268.92",125.32,
20220615031452pdf_15-30 Juni 2022.pdf,36,MINANGKABAU,PADANG,PDG,116.20,"18,553.71","18,603.72",127.66,
20220615031452pdf_15-30 Juni 2022.pdf,37,DEPATI AMIR,PANGKAL PINANG,PGK,116.30,"18,575.97","18,626.04",127.77,
20220615031452pdf_15-30 Juni 2022.pdf,38,ISKANDAR,PANGKALAN BUN,PKN,115.30,"18,409.02","18,458.64",126.66,
20220615031452pdf_15-30 Juni 2022.pdf,39,SULTAN SYARIF KASIM II,PEKANBARU,PKU,116.20,"18,553.71","18,603.72",127.66,
20220615031452pdf_15-30 Juni 2022.pdf,40,TJILIK RIWUT,PALANGKARAYA,PKY,115.30,"18,409.02","18,458.64",126.66,
20220615031452pdf_15-30 Juni 2022.pdf,41,SULTAN MAHMUD BADARUDDIN II,PALEMBANG,PLM,116.30,"18,575.97","18,626.04",127.77,
20220615031452pdf_15-30 Juni 2022.pdf,42,MUTIARA,PALU,PLW,116.70,"18,642.75","18,693.00",128.22,
20220615031452pdf_15-30 Juni 2022.pdf,43,SUPADIO,PONTIANAK,PNK,115.30,"18,409.02","18,458.64",126.66,
20220615031452pdf_15-30 Juni 2022.pdf,44,H. ASAN,SAMPIT,SMQ,115.30,"18,409.02","18,458.64",126.66,
20220615031452pdf_15-30 Juni 2022.pdf,45,ADISUMARMO,SOLO,SOC,114.40,"18,264.33","18,313.56",125.66,
20220615031452pdf_15-30 Juni 2022.pdf,46,SORONG DARATAN,SORONG,SOQ,116.90,"18,676.14","18,726.48",128.44,
20220615031452pdf_15-30 Juni 2022.pdf,47,ACHMAD YANI,SEMARANG,SRG,112.70,"17,986.08","18,034.56",123.65,
20220615031452pdf_15-30 Juni 2022.pdf,48,JUANDA,SURABAYA,SUB,110.70,"17,663.31","17,710.92",121.54,
20220615031452pdf_15-30 Juni 2022.pdf,49,RADEN INTEN II,BANDAR LAMPUNG,TKG,113.70,"18,275.46","18,324.72",125.66,
20220615031452pdf_15-30 Juni 2022.pdf,50,KIJANG,TANJUNG PINANG,TNJ,116.60,"18,642.75","18,693.00",128.22,
20220615031452pdf_15-30 Juni 2022.pdf,51,JUWATA,TARAKAN,TRK,115.30,"18,409.02","18,458.64",126.66,
20220615031452pdf_15-30 Juni 2022.pdf,52,BABULLAH,TERNATE,TTE,116.90,"18,676.14","18,726.48",128.44,
20220615031452pdf_15-30 Juni 2022.pdf,53,HASANUDDIN,UJUNG PANDANG,UPG,114.90,"18,331.11","18,380.52",126.10,
20220615031452pdf_15-30 Juni 2022.pdf,54,MAU HAU,WAINGAPU,WGP,116.20,"18,553.71","18,603.72",127.66,
20220615031452pdf_15-30 Juni 2022.pdf,55,ISWAHYUDI,MADIUN,WIAR (ICAO),115.00,"18,386.76","18,436.32",126.44,
20220615031452pdf_15-30 Juni 2022.pdf,56,DUMATUBUN,TUAL,LUV,119.90,"19,165.86","19,217.52",131.78,
20220615031452pdf_15-30 Juni 2022.pdf,57,SILANGIT,SIBORONG-BORONG,DTB,115.70,"18,475.80","18,525.60",127.10,
20220615031452pdf_15-30 Juni 2022.pdf,58,KALIMARAU,BERAU,BEJ,115.30,"18,409.02","18,458.64",126.66,
20220615031452pdf_15-30 Juni 2022.pdf,59,KOMODO,LABUAN BAJO,LBJ,116.70,"18,642.75","18,693.00",128.22,
20220615031452pdf_15-30 Juni 2022.pdf,60,KUALANAMU,DELI SERDANG,KNO,113.70,"18,153.03","18,201.96",124.88,
20220615031452pdf_15-30 Juni 2022.pdf,61,TAMPA PADANG,MAMUJU,MJU,117.50,"18,754.05","18,804.60",129.00,
20220615031452pdf_15-30 Juni 2022.pdf,62,F.L. TOBING,PINANGSORI,FLZ,116.20,"18,553.71","18,603.72",127.66,
20220615031452pdf_15-30 Juni 2022.pdf,63,MOZES KILANGIN,TIMIKA,TIM,116.90,"18,676.14","18,726.48",128.44,
20220615031452pdf_15-30 Juni 2022.pdf,64,H.A.S. HANANDJOEDDIN,TANJUNG PANDAN,TJQ,118.60,"19,065.69","19,117.08",131.11,
20220615031452pdf_15-30 Juni 2022.pdf,65,BLIMBINGSARI,BANYUWANGI,BWX,116.20,"18,553.71","18,603.72",127.66,
20220615031452pdf_15-30 Juni 2022.pdf,66,TAMBOLAKA,SUMBA BARAT,TMC,118.40,"18,954.39","19,005.48",130.33,
20220615031452pdf_15-30 Juni 2022.pdf,67,BINAKA,"GUNUNGSITOLI",GNS,"116.20","18,553.71","18,603.72",127.66,0
20220615031452pdf_15-30 Juni 2022.pdf,68,KULONPROGO,YOGYAKARTA,YIA,117.10,"18,709.53","18,759.96",128.66,0
20220615031452pdf_15-30 Juni 2022.pdf,69,KUABANG,HALMAHERA UTARA,KAZ,124.90,"19,989.48","20,043.36",137.46,0
20220615031452pdf_15-30 Juni 2022.pdf,70,JENDERAL BESAR SOEDIRMAN,PURBALINGGA,PWL,114.40,"18,264.33","18,313.56",125.66,
20220615031452pdf_15-30 Juni 2022.pdf,71,MATHILDA BATLAYERI,SAUMLAKI,SXK,124.90,"20,056.26","20,110.32",137.90,
20220615031452pdf_15-30 Juni 2022.pdf,72,BUDIARTO,CURUG,BTO,114.30,"18,242.07","18,291.24",122.65,
20220701005859pdf_1-14 Juli 2022.pdf,1,APT PRANOTO,SAMARINDA,AAP,121.80,"19,744.62","19,797.84",134.23,
20220701005859pdf_1-14 Juli 2022.pdf,2,PATTIMURA,AMBON,AMQ,123.40,"20,011.74","20,065.68",136.01,
20220701005859pdf_1-14 Juli 2022.pdf,3,SYAMSUDDIN NOOR,BANJARMASIN,BDJ,121.80,"19,744.62","19,797.84",134.23,
20220701005859pdf_1-14 Juli 2022.pdf,4,HUSEIN SASTRANEGARA,BANDUNG,BDO,119.80,"19,421.85","19,474.20",132.00,
20220701005859pdf_1-14 Juli 2022.pdf,5,FRANS KAISIEPO,BIAK,BIK,123.40,"20,011.74","20,065.68",136.01,
20220701005859pdf_1-14 Juli 2022.pdf,6,FATMAWATI SOEKARNOPUTRI,BENGKULU,BKS,124.50,"20,234.34","20,288.88",137.46,
20220701005859pdf_1-14 Juli 2022.pdf,7,M. SALAHUDDIN,BIMA,BMU,122.30,"19,833.66","19,887.12",134.78,
20220701005859pdf_1-14 Juli 2022.pdf,8,SEPINGGAN,BALIKPAPAN,BPN,119.90,"19,432.98","19,485.36",132.00,
20220701005859pdf_1-14 Juli 2022.pdf,9,HANG NADIM,BATAM,BTH,119.40,"17,442.17","17,494.34",118.55,
20220701005859pdf_1-14 Juli 2022.pdf,10,SULTAN ISKANDAR MUDA,BANDA ACEH,BTJ,122.70,"19,889.31","19,942.92",135.12,
20220701005859pdf_1-14 Juli 2022.pdf,11,SOEKARNO HATTA,CENGKARENG,CGK,113.70,"18,431.28","18,480.96",125.21,
20220701005859pdf_1-14 Juli 2022.pdf,12,TUNGGUL WULUNG,CILACAP,CXP,120.90,"19,599.93","19,652.76",133.23,
20220701005859pdf_1-14 Juli 2022.pdf,13,SULTAN THAHA,JAMBI,DJB,127.10,"20,657.28","20,712.96",140.35,
20220701005859pdf_1-14 Juli 2022.pdf,14,SENTANI,JAYAPURA,DJJ,122.30,"19,789.14","19,842.48",134.45,
20220701005859pdf_1-14 Juli 2022.pdf,15,NGURAH RAI,DENPASAR,DPS,119.20,"19,288.29","19,340.28",131.11,
20220701005859pdf_1-14 Juli 2022.pdf,16,PINANG KAMPAI,DUMAI,DUM,122.70,"19,889.31","19,942.92",135.12,
20220701005859pdf_1-14 Juli 2022.pdf,17,H. AROEBOESMAN,ENDE,ENE,122.30,"19,833.66","19,887.12",134.78,
20220701005859pdf_1-14 Juli 2022.pdf,18,JALALUDDIN,GORONTALO,GTO,123.20,"19,978.35","20,032.20",135.79,
20220701005859pdf_1-14 Juli 2022.pdf,19,HALIM PERDANAKUSUMA,JAKARTA,HLP,117.90,"19,110.21","19,161.72",129.89,
20220701005859pdf_1-14 Juli 2022.pdf,20,ADISUCIPTO,YOGYAKARTA,JOG,120.10,"19,466.37","19,518.84",132.22,
20220701005859pdf_1-14 Juli 2022.pdf,21,WOLTER MONGINSIDI,KENDARI,KDI,123.20,"19,978.35","20,032.20",135.79,
20220701005859pdf_1-14 Juli 2022.pdf,22,UTAROM,KAIMANA,KNG,123.40,"20,011.74","20,065.68",136.01,
20220701005859pdf_1-14 Juli 2022.pdf,23,ELTARI,KUPANG,KOE,123.10,"19,922.70","19,976.40",135.34,
20220701005859pdf_1-14 Juli 2022.pdf,24,LOMBOK INTERNATIONAL,MATARAM,LOP,124.20,"20,145.30","20,199.60",136.90,
20220701005859pdf_1-14 Juli 2022.pdf,25,BUBUNG,LUWUK,LUW,123.20,"19,978.35","20,032.20",135.79,
20220701005859pdf_1-14 Juli 2022.pdf,26,SAM RATULANGI,MANADO,MDC,123.20,"19,978.35","20,032.20",135.79,
20220701005859pdf_1-14 Juli 2022.pdf,27,POLONIA,MEDAN,MES,122.70,"19,889.31","19,942.92",135.12,
20220701005859pdf_1-14 Juli 2022.pdf,28,MOPAH,MERAUKE,MKQ,123.40,"20,011.74","20,065.68",136.01,
20220701005859pdf_1-14 Juli 2022.pdf,29,RENDANI,MANOKWARI,MKW,123.40,"20,011.74","20,065.68",136.01,
20220701005859pdf_1-14 Juli 2022.pdf,30,KERTAJATI,MAJALENGKA,KJT,121.80,"19,688.97","19,742.04",133.78,
20220701005859pdf_1-14 Juli 2022.pdf,31,ABDURACHMAN SALEH,MALANG,MLG,120.80,"19,588.80","19,641.60",133.11,
20220701005859pdf_1-14 Juli 2022.pdf,32,WAI OTI,MAUMERE,MOF,122.30,"19,833.66","19,887.12",134.78,
20220701005859pdf_1-14 Juli 2022.pdf,33,PANIAI,NABIRE,NBX,123.40,"20,011.74","20,065.68",136.01,
20220701005859pdf_1-14 Juli 2022.pdf,34,RANAI,NATUNA,NTX,122.70,"19,889.31","19,942.92",135.12,
20220701005859pdf_1-14 Juli 2022.pdf,35,PONDOK CABE,JAKARTA,PCB,120.20,"19,499.76","19,552.32",132.45,
20220701005859pdf_1-14 Juli 2022.pdf,36,MINANGKABAU,PADANG,PDG,122.70,"19,889.31","19,942.92",135.12,
20220701005859pdf_1-14 Juli 2022.pdf,37,DEPATI AMIR,PANGKAL PINANG,PGK,122.40,"19,855.92","19,909.44",134.90,
20220701005859pdf_1-14 Juli 2022.pdf,38,ISKANDAR,PANGKALAN BUN,PKN,121.80,"19,744.62","19,797.84",134.23,
20220701005859pdf_1-14 Juli 2022.pdf,39,SULTAN SYARIF KASIM II,PEKANBARU,PKU,122.70,"19,889.31","19,942.92",135.12,
20220701005859pdf_1-14 Juli 2022.pdf,40,TJILIK RIWUT,PALANGKARAYA,PKY,121.80,"19,744.62","19,797.84",134.23,
20220701005859pdf_1-14 Juli 2022.pdf,41,SULTAN MAHMUD BADARUDDIN II,PALEMBANG,PLM,122.40,"19,855.92","19,909.44",134.90,
20220701005859pdf_1-14 Juli 2022.pdf,42,MUTIARA,PALU,PLW,123.20,"19,978.35","20,032.20",135.79,
20220701005859pdf_1-14 Juli 2022.pdf,43,SUPADIO,PONTIANAK,PNK,121.80,"19,744.62","19,797.84",134.23,
20220701005859pdf_1-14 Juli 2022.pdf,44,H. ASAN,SAMPIT,SMQ,121.80,"19,744.62","19,797.84",134.23,
20220701005859pdf_1-14 Juli 2022.pdf,45,ADISUMARMO,SOLO,SOC,120.90,"19,599.93","19,652.76",133.23,
20220701005859pdf_1-14 Juli 2022.pdf,46,SORONG DARATAN,SORONG,SOQ,123.40,"20,011.74","20,065.68",136.01,
20220701005859pdf_1-14 Juli 2022.pdf,47,ACHMAD YANI,SEMARANG,SRG,118.90,"19,266.03","19,317.96",130.89,
20220701005859pdf_1-14 Juli 2022.pdf,48,JUANDA,SURABAYA,SUB,115.80,"18,731.79","18,782.28",127.33,
20220701005859pdf_1-14 Juli 2022.pdf,49,RADEN INTEN II,BANDAR LAMPUNG,TKG,120.40,"19,555.41","19,608.12",132.89,
20220701005859pdf_1-14 Juli 2022.pdf,50,KIJANG,TANJUNG PINANG,TNJ,123.80,"20,089.65","20,143.80",136.45,
20220701005859pdf_1-14 Juli 2022.pdf,51,JUWATA,TARAKAN,TRK,121.80,"19,744.62","19,797.84",134.23,
20220701005859pdf_1-14 Juli 2022.pdf,52,BABULLAH,TERNATE,TTE,123.40,"20,011.74","20,065.68",136.01,
20220701005859pdf_1-14 Juli 2022.pdf,53,HASANUDDIN,UJUNG PANDANG,UPG,119.90,"19,399.59","19,451.88",131.78,
20220701005859pdf_1-14 Juli 2022.pdf,54,MAU HAU,WAINGAPU,WGP,122.30,"19,833.66","19,887.12",134.78,
20220701005859pdf_1-14 Juli 2022.pdf,55,ISWAHYUDI,MADIUN,WIAR (ICAO),121.10,"19,666.71","19,719.72",133.67,
20220701005859pdf_1-14 Juli 2022.pdf,56,DUMATUBUN,TUAL,LUV,127.00,"20,612.76","20,668.32",140.02,
20220701005859pdf_1-14 Juli 2022.pdf,57,SILANGIT,SIBORONG-BORONG,DTB,121.80,"19,755.75","19,809.00",134.23,
20220701005859pdf_1-14 Juli 2022.pdf,58,KALIMARAU,BERAU,BEJ,121.80,"19,744.62","19,797.84",134.23,
20220701005859pdf_1-14 Juli 2022.pdf,59,KOMODO,LABUAN BAJO,LBJ,123.20,"19,978.35","20,032.20",135.79,
20220701005859pdf_1-14 Juli 2022.pdf,60,KUALANAMU,DELI SERDANG,KNO,118.80,"19,221.51","19,273.32",130.55,
20220701005859pdf_1-14 Juli 2022.pdf,61,TAMPA PADANG,MAMUJU,MJU,124.30,"20,145.30","20,199.60",136.90,
20220701005859pdf_1-14 Juli 2022.pdf,62,F.L. TOBING,PINANGSORI,FLZ,122.70,"19,889.31","19,942.92",135.12,
20220701005859pdf_1-14 Juli 2022.pdf,63,MOZES KILANGIN,TIMIKA,TIM,123.40,"20,011.74","20,065.68",136.01,
20220701005859pdf_1-14 Juli 2022.pdf,64,H.A.S. HANANDJOEDDIN,TANJUNG PANDAN,TJQ,125.90,"20,456.94","20,512.08",139.01,
20220701005859pdf_1-14 Juli 2022.pdf,65,BLIMBINGSARI,BANYUWANGI,BWX,122.30,"19,833.66","19,887.12",134.78,
20220701005859pdf_1-14 Juli 2022.pdf,66,TAMBOLAKA,SUMBA BARAT,TMC,125.60,"20,401.29","20,456.28",138.68,
20220701005859pdf_1-14 Juli 2022.pdf,67,BINAKA,"GUNUNGSITOLI",GNS,"122.70","19,889.31","19,942.92",135.12,0
20220701005859pdf_1-14 Juli 2022.pdf,68,KULONPROGO,YOGYAKARTA,YIA,123.30,"19,989.48","20,043.36",135.90,0
20220701005859pdf_1-14 Juli 2022.pdf,69,KUABANG,HALMAHERA UTARA,KAZ,131.90,"21,436.38","21,494.16",145.69,0
20220701005859pdf_1-14 Juli 2022.pdf,70,JENDERAL BESAR SOEDIRMAN,PURBALINGGA,PWL,120.90,"19,599.93","19,652.76",133.23,
20220701005859pdf_1-14 Juli 2022.pdf,71,MATHILDA BATLAYERI,SAUMLAKI,SXK,131.90,"21,503.16","21,561.12",146.14,
20220701005859pdf_1-14 Juli 2022.pdf,72,BUDIARTO,CURUG,BTO,120.80,"19,522.02","19,574.64",129.89,
20220715073413pdf_15-31 Juli 2022.pdf,1,APT PRANOTO,SAMARINDA,AAP,111.10,"18,219.81","18,268.92",122.21,
20220715073413pdf_15-31 Juli 2022.pdf,2,PATTIMURA,AMBON,AMQ,112.60,"18,486.93","18,536.76",123.99,
20220715073413pdf_15-31 Juli 2022.pdf,3,SYAMSUDDIN NOOR,BANJARMASIN,BDJ,111.10,"18,219.81","18,268.92",122.21,
20220715073413pdf_15-31 Juli 2022.pdf,4,HUSEIN SASTRANEGARA,BANDUNG,BDO,109.00,"17,897.04","17,945.28",119.98,
20220715073413pdf_15-31 Juli 2022.pdf,5,FRANS KAISIEPO,BIAK,BIK,112.60,"18,486.93","18,536.76",123.99,
20220715073413pdf_15-31 Juli 2022.pdf,6,FATMAWATI SOEKARNOPUTRI,BENGKULU,BKS,113.80,"18,709.53","18,759.96",125.55,
20220715073413pdf_15-31 Juli 2022.pdf,7,M. SALAHUDDIN,BIMA,BMU,111.50,"18,308.85","18,358.20",122.76,
20220715073413pdf_15-31 Juli 2022.pdf,8,SEPINGGAN,BALIKPAPAN,BPN,108.60,"17,808.00","17,856.00",119.42,
20220715073413pdf_15-31 Juli 2022.pdf,9,HANG NADIM,BATAM,BTH,108.70,"16,068.06","16,116.12",107.72,
20220715073413pdf_15-31 Juli 2022.pdf,10,SULTAN ISKANDAR MUDA,BANDA ACEH,BTJ,111.90,"18,364.50","18,414.00",123.21,
20220715073413pdf_15-31 Juli 2022.pdf,11,SOEKARNO HATTA,CENGKARENG,CGK,102.50,"16,806.30","16,851.60",112.75,
20220715073413pdf_15-31 Juli 2022.pdf,12,TUNGGUL WULUNG,CILACAP,CXP,110.20,"18,075.12","18,123.84",121.21,
20220715073413pdf_15-31 Juli 2022.pdf,13,SULTAN THAHA,JAMBI,DJB,116.40,"19,143.60","19,195.20",128.44,
20220715073413pdf_15-31 Juli 2022.pdf,14,SENTANI,JAYAPURA,DJJ,111.00,"18,164.16","18,213.12",121.87,
20220715073413pdf_15-31 Juli 2022.pdf,15,NGURAH RAI,DENPASAR,DPS,108.40,"17,763.48","17,811.36",119.09,
20220715073413pdf_15-31 Juli 2022.pdf,16,PINANG KAMPAI,DUMAI,DUM,111.90,"18,364.50","18,414.00",123.21,
20220715073413pdf_15-31 Juli 2022.pdf,17,H. AROEBOESMAN,ENDE,ENE,111.50,"18,308.85","18,358.20",122.76,
20220715073413pdf_15-31 Juli 2022.pdf,18,JALALUDDIN,GORONTALO,GTO,112.40,"18,453.54","18,503.28",123.77,
20220715073413pdf_15-31 Juli 2022.pdf,19,HALIM PERDANAKUSUMA,JAKARTA,HLP,107.10,"17,574.27","17,621.64",117.87,
20220715073413pdf_15-31 Juli 2022.pdf,20,ADISUCIPTO,YOGYAKARTA,JOG,109.40,"17,930.43","17,978.76",120.32,
20220715073413pdf_15-31 Juli 2022.pdf,21,WOLTER MONGINSIDI,KENDARI,KDI,112.40,"18,453.54","18,503.28",123.77,
20220715073413pdf_15-31 Juli 2022.pdf,22,UTAROM,KAIMANA,KNG,112.60,"18,486.93","18,536.76",123.99,
20220715073413pdf_15-31 Juli 2022.pdf,23,ELTARI,KUPANG,KOE,111.80,"18,308.85","18,358.20",122.76,
20220715073413pdf_15-31 Juli 2022.pdf,24,LOMBOK INTERNATIONAL,MATARAM,LOP,113.40,"18,620.49","18,670.68",124.88,
20220715073413pdf_15-31 Juli 2022.pdf,25,BUBUNG,LUWUK,LUW,112.40,"18,453.54","18,503.28",123.77,
20220715073413pdf_15-31 Juli 2022.pdf,26,SAM RATULANGI,MANADO,MDC,112.40,"18,453.54","18,503.28",123.77,
20220715073413pdf_15-31 Juli 2022.pdf,27,POLONIA,MEDAN,MES,111.90,"18,364.50","18,414.00",123.21,
20220715073413pdf_15-31 Juli 2022.pdf,28,MOPAH,MERAUKE,MKQ,112.60,"18,486.93","18,536.76",123.99,
20220715073413pdf_15-31 Juli 2022.pdf,29,RENDANI,MANOKWARI,MKW,112.60,"18,486.93","18,536.76",123.99,
20220715073413pdf_15-31 Juli 2022.pdf,30,KERTAJATI,MAJALENGKA,KJT,111.00,"18,164.16","18,213.12",121.87,
20220715073413pdf_15-31 Juli 2022.pdf,31,ABDURACHMAN SALEH,MALANG,MLG,110.00,"18,052.86","18,101.52",121.09,
20220715073413pdf_15-31 Juli 2022.pdf,32,WAI OTI,MAUMERE,MOF,111.50,"18,308.85","18,358.20",122.76,
20220715073413pdf_15-31 Juli 2022.pdf,33,PANIAI,NABIRE,NBX,112.60,"18,486.93","18,536.76",123.99,
20220715073413pdf_15-31 Juli 2022.pdf,34,RANAI,NATUNA,NTX,111.90,"18,364.50","18,414.00",123.21,
20220715073413pdf_15-31 Juli 2022.pdf,35,PONDOK CABE,JAKARTA,PCB,109.50,"17,963.82","18,012.24",120.54,
20220715073413pdf_15-31 Juli 2022.pdf,36,MINANGKABAU,PADANG,PDG,111.90,"18,264.33","18,313.56",122.54,
20220715073413pdf_15-31 Juli 2022.pdf,37,DEPATI AMIR,PANGKAL PINANG,PGK,111.70,"18,331.11","18,380.52",122.99,
20220715073413pdf_15-31 Juli 2022.pdf,38,ISKANDAR,PANGKALAN BUN,PKN,"111.10","18,219.81","18,268.92",122.21,
20220715073413pdf_15-31 Juli 2022.pdf,39,SULTAN SYARIF KASIM II,PEKANBARU,PKU,111.90,"18,364.50","18,414.00",123.21,
20220715073413pdf_15-31 Juli 2022.pdf,40,TJILIK RIWUT,PALANGKARAYA,PKY,111.10,"18,219.81","18,268.92",122.21,
20220715073413pdf_15-31 Juli 2022.pdf,41,SULTAN MAHMUD BADARUDDIN II,PALEMBANG,PLM,111.70,"18,331.11","18,380.52",122.99,
20220715073413pdf_15-31 Juli 2022.pdf,42,MUTIARA,PALU,PLW,112.40,"18,453.54","18,503.28",123.77,
20220715073413pdf_15-31 Juli 2022.pdf,43,SUPADIO,PONTIANAK,PNK,111.10,"18,219.81","18,268.92",122.21,
20220715073413pdf_15-31 Juli 2022.pdf,44,H. ASAN,SAMPIT,SMQ,111.10,"18,219.81","18,268.92",122.21,
20220715073413pdf_15-31 Juli 2022.pdf,45,ADISUMARMO,SOLO,SOC,110.20,"18,075.12","18,123.84",121.21,
20220715073413pdf_15-31 Juli 2022.pdf,46,SORONG DARATAN,SORONG,SOQ,117.60,"18,486.93","18,536.76",123.99,
20220715073413pdf_15-31 Juli 2022.pdf,47,ACHMAD YANI,SEMARANG,SRG,108.20,"17,730.09","17,777.88",118.98,
20220715073413pdf_15-31 Juli 2022.pdf,47,TEMINDUNG,SAMARINDA,SRI,111.10,"18,219.81","18,269.37",122.21,
20220715073413pdf_15-31 Juli 2022.pdf,48,JUANDA,SURABAYA,SUB,105.00,"17,195.85","17,242.20",115.31,
20220715073413pdf_15-31 Juli 2022.pdf,49,RADEN INTEN II,BANDAR LAMPUNG,TKG,108.40,"17,930.43","17,978.76",120.32,
20220715073413pdf_15-31 Juli 2022.pdf,50,KIJANG,TANJUNG PINANG,TNJ,113.00,"18,564.84","18,614.88",124.54,
20220715073413pdf_15-31 Juli 2022.pdf,51,JUWATA,TARAKAN,TRK,111.10,"18,219.81","18,268.92",122.21,
20220715073413pdf_15-31 Juli 2022.pdf,52,BABULLAH,TERNATE,TTE,112.60,"18,486.93","18,536.76",123.99,
20220715073413pdf_15-31 Juli 2022.pdf,53,HASANUDDIN,UJUNG PANDANG,UPG,109.10,"17,863.65","17,911.80",119.87,
20220715073413pdf_15-31 Juli 2022.pdf,54,MAU HAU,WAINGAPU,WGP,111.50,"18,308.85","18,358.20",122.76,
20220715073413pdf_15-31 Juli 2022.pdf,55,ISWAHYUDI,MADIUN,WIAR (ICAO),110.40,"18,141.90","18,190.80",121.65,
20220715073413pdf_15-31 Juli 2022.pdf,56,DUMATUBUN,TUAL,LUV,115.60,"18,987.78","19,038.96",127.33,
20220715073413pdf_15-31 Juli 2022.pdf,57,SILANGIT,SIBORONG-BORONG,DTB,111.10,"18,230.94","18,280.08",122.32,
20220715073413pdf_15-31 Juli 2022.pdf,58,KALIMARAU,BERAU,BEJ,111.10,"18,219.81","18,268.92",122.21,
20220715073413pdf_15-31 Juli 2022.pdf,59,KOMODO,LABUAN BAJO,LBJ,112.40,"18,453.54","18,503.28",123.77,
20220715073413pdf_15-31 Juli 2022.pdf,60,KUALANAMU,DELI SERDANG,KNO,107.50,"17,596.53","17,643.96",118.09,
20220715073413pdf_15-31 Juli 2022.pdf,61,TAMPA PADANG,MAMUJU,MJU,113.50,"18,620.49","18,670.68",124.88,
20220715073413pdf_15-31 Juli 2022.pdf,62,F.L. TOBING,PINANGSORI,FLZ,111.90,"18,364.50","18,414.00",123.21,
20220715073413pdf_15-31 Juli 2022.pdf,63,MOZES KILANGIN,TIMIKA,TIM,117.60,"18,486.93","18,536.76",123.99,
20220715073413pdf_15-31 Juli 2022.pdf,64,H.A.S. HANANDJOEDDIN,TANJUNG PANDAN,TJQ,115.20,"18,943.26","18,994.32",127.10,
20220715073413pdf_15-31 Juli 2022.pdf,65,BLIMBINGSARI,BANYUWANGI,BWX,111.50,"18,308.85","18,358.20",122.76,
20220715073413pdf_15-31 Juli 2022.pdf,66,TAMBOLAKA,SUMBA BARAT,TMC,114.80,"18,887.61","18,938.52",126.66,
20220715073413pdf_15-31 Juli 2022.pdf,67,BINAKA,GUNUNGSITOLI,GNS,111.90,"18,364.50","18,414.00",123.21,0
20220715073413pdf_15-31 Juli 2022.pdf,68,KULONPROGO,YOGYAKARTA,YIA,112.50,"18,475.80","18,525.60",123.88,0
20220715073413pdf_15-31 Juli 2022.pdf,70,PRESIDENTE NICOLAU LOBATO,TIMOR LESTE,DIL,98.00,,,,
20220715073413pdf_15-31 Juli 2022.pdf,70,JENDERAL BESAR SOEDIRMAN,PURBALINGGA,PWL,110.20,"18,075.12","18,123.84",121.21,
20220715073413pdf_15-31 Juli 2022.pdf,72,BUDIARTO,CURUG,BTO,110.00,"17,986.08","18,034.56",117.87,
20220805041108pdf_1-14 Agustus 2022.pdf,1,APT PRANOTO,SAMARINDA,AAP,105.30,"17,362.80","17,409.60",115.86,
20220805041108pdf_1-14 Agustus 2022.pdf,2,PATTIMURA,AMBON,AMQ,106.90,"18,075.12","18,123.84",120.65,
20220805041108pdf_1-14 Agustus 2022.pdf,3,SYAMSUDDIN NOOR,BANJARMASIN,BDJ,105.30,"17,362.80","17,409.60",115.86,
20220805041108pdf_1-14 Agustus 2022.pdf,4,HUSEIN SASTRANEGARA,BANDUNG,BDO,103.30,"17,040.03","17,085.96",113.64,
20220805041108pdf_1-14 Agustus 2022.pdf,5,FRANS KAISIEPO,BIAK,BIK,106.90,"17,629.92","17,677.44",120.65,
20220805041108pdf_1-14 Agustus 2022.pdf,6,FATMAWATI SOEKARNOPUTRI,BENGKULU,BKS,108.00,"17,852.52","17,900.64",119.09,
20220805041108pdf_1-14 Agustus 2022.pdf,7,M. SALAHUDDIN,BIMA,BMU,105.80,"17,451.84","17,498.88",116.42,
20220805041108pdf_1-14 Agustus 2022.pdf,8,SEPINGGAN,BALIKPAPAN,BPN,105.30,"17,351.67","17,398.44",115.75,
20220805041108pdf_1-14 Agustus 2022.pdf,9,HANG NADIM,BATAM,BTH,103.00,"15,295.75","15,341.50",102.11,
20220805041108pdf_1-14 Agustus 2022.pdf,10,SULTAN ISKANDAR MUDA,BANDA ACEH,BTJ,106.20,"17,507.49","17,554.68",116.75,
20220805041108pdf_1-14 Agustus 2022.pdf,11,SOEKARNO HATTA,CENGKARENG,CGK,94.50,"15,570.87","15,612.84",103.84,
20220805041108pdf_1-14 Agustus 2022.pdf,12,TUNGGUL WULUNG,CILACAP,CXP,104.50,"17,218.11","17,264.52",114.86,
20220805041108pdf_1-14 Agustus 2022.pdf,13,SULTAN THAHA,JAMBI,DJB,109.50,"18,097.38","18,146.16",120.76,
20220805041108pdf_1-14 Agustus 2022.pdf,14,SENTANI,JAYAPURA,DJJ,110.30,"18,153.03","18,201.96",121.09,
20220805041108pdf_1-14 Agustus 2022.pdf,15,NGURAH RAI,DENPASAR,DPS,102.70,"16,895.34","16,940.88",112.75,
20220805041108pdf_1-14 Agustus 2022.pdf,16,PINANG KAMPAI,DUMAI,DUM,106.20,"17,507.49","17,554.68",116.75,
20220805041108pdf_1-14 Agustus 2022.pdf,17,H. AROEBOESMAN,ENDE,ENE,105.80,"17,451.84","17,498.88",116.42,
20220805041108pdf_1-14 Agustus 2022.pdf,18,JALALUDDIN,GORONTALO,GTO,106.70,"17,596.53","17,643.96",117.42,
20220805041108pdf_1-14 Agustus 2022.pdf,19,HALIM PERDANAKUSUMA,JAKARTA,HLP,101.40,"16,717.26","16,762.32",111.52,
20220805041108pdf_1-14 Agustus 2022.pdf,20,ADISUCIPTO,YOGYAKARTA,JOG,103.60,"17,062.29","17,108.28",113.86,
20220805041108pdf_1-14 Agustus 2022.pdf,21,WOLTER MONGINSIDI,KENDARI,KDI,106.70,"17,596.53","17,643.96",117.42,
20220805041108pdf_1-14 Agustus 2022.pdf,22,UTAROM,KAIMANA,KNG,106.90,"17,629.92","17,677.44",120.65,
20220805041108pdf_1-14 Agustus 2022.pdf,23,ELTARI,KUPANG,KOE,108.50,"17,863.65","17,911.80",119.20,
20220805041108pdf_1-14 Agustus 2022.pdf,24,LOMBOK INTERNATIONAL,MATARAM,LOP,107.70,"17,763.48","17,811.36",118.53,
20220805041108pdf_1-14 Agustus 2022.pdf,25,BUBUNG,LUWUK,LUW,106.70,"17,596.53","17,643.96",117.42,
20220805041108pdf_1-14 Agustus 2022.pdf,26,SAM RATULANGI,MANADO,MDC,106.70,"17,596.53","17,643.96",117.42,
20220805041108pdf_1-14 Agustus 2022.pdf,27,POLONIA,MEDAN,MES,106.20,"17,507.49","17,554.68",116.75,
20220805041108pdf_1-14 Agustus 2022.pdf,28,MOPAH,MERAUKE,MKQ,106.90,"17,629.92","17,677.44",120.65,
20220805041108pdf_1-14 Agustus 2022.pdf,29,RENDANI,MANOKWARI,MKW,106.90,"17,629.92","17,677.44",120.65,
20220805041108pdf_1-14 Agustus 2022.pdf,30,KERTAJATI,MAJALENGKA,KJT,105.30,"17,195.85","17,242.20",114.75,
20220805041108pdf_1-14 Agustus 2022.pdf,31,ABDURACHMAN SALEH,MALANG,MLG,104.30,"17,195.85","17,242.20",114.75,
20220805041108pdf_1-14 Agustus 2022.pdf,32,WAI OTI,MAUMERE,MOF,105.80,"17,451.84","17,498.88",116.42,
20220805041108pdf_1-14 Agustus 2022.pdf,33,PANIAI,NABIRE,NBX,106.90,"17,629.92","17,677.44",120.65,
20220805041108pdf_1-14 Agustus 2022.pdf,34,RANAI,NATUNA,NTX,106.20,"17,507.49","17,554.68",116.75,
20220805041108pdf_1-14 Agustus 2022.pdf,35,PONDOK CABE,JAKARTA,PCB,103.70,"17,106.81","17,152.92",114.08,
20220805041108pdf_1-14 Agustus 2022.pdf,36,MINANGKABAU,PADANG,PDG,106.20,"17,507.49","17,554.68",116.75,
20220805041108pdf_1-14 Agustus 2022.pdf,37,DEPATI AMIR,PANGKAL PINANG,PGK,106.00,"17,474.10","17,521.20",116.64,
20220805041108pdf_1-14 Agustus 2022.pdf,38,ISKANDAR,PANGKALAN BUN,PKN,105.30,"17,362.80","17,409.60",115.86,
20220805041108pdf_1-14 Agustus 2022.pdf,39,SULTAN SYARIF KASIM II,PEKANBARU,PKU,106.20,"17,507.49","17,554.68",116.75,
20220805041108pdf_1-14 Agustus 2022.pdf,40,TJILIK RIWUT,PALANGKARAYA,PKY,105.30,"17,362.80","17,409.60",115.86,
20220805041108pdf_1-14 Agustus 2022.pdf,41,SULTAN MAHMUD BADARUDDIN II,PALEMBANG,PLM,"106.00","17,474.10","17,521.20",116.64,
20220805041108pdf_1-14 Agustus 2022.pdf,42,MUTIARA,PALU,PLW,106.70,"17,596.53","17,643.96",117.42,
20220805041108pdf_1-14 Agustus 2022.pdf,43,SUPADIO,PONTIANAK,PNK,105.30,"17,362.80","17,409.60",115.86,
20220805041108pdf_1-14 Agustus 2022.pdf,44,H. ASAN,SAMPIT,SMQ,105.30,"17,362.80","17,409.60",115.86,
20220805041108pdf_1-14 Agustus 2022.pdf,45,ADISUMARMO,SOLO,SOC,104.50,"17,218.11","17,264.52",114.86,
20220805041108pdf_1-14 Agustus 2022.pdf,46,SORONG DARATAN,SORONG,SOQ,111.90,"18,075.12","18,123.84",120.65,
20220805041108pdf_1-14 Agustus 2022.pdf,47,ACHMAD YANI,SEMARANG,SRG,102.40,"16,873.08","16,918.56",112.52,
20220805041108pdf_1-14 Agustus 2022.pdf,48,JUANDA,SURABAYA,SUB,99.30,"16,327.71","16,371.72",108.96,
20220805041108pdf_1-14 Agustus 2022.pdf,49,RADEN INTEN II,BANDAR LAMPUNG,TKG,105.20,"17,485.23","17,532.36",116.64,
20220805041108pdf_1-14 Agustus 2022.pdf,50,KIJANG,TANJUNG PINANG,TNJ,107.30,"17,707.83","17,755.56",118.20,
20220805041108pdf_1-14 Agustus 2022.pdf,51,JUWATA,TARAKAN,TRK,105.30,"17,362.80","17,409.60",115.86,
20220805041108pdf_1-14 Agustus 2022.pdf,52,BABULLAH,TERNATE,TTE,106.90,"17,629.92","17,677.44",120.65,
20220805041108pdf_1-14 Agustus 2022.pdf,53,HASANUDDIN,UJUNG PANDANG,UPG,103.40,"17,006.64","17,052.48",113.41,
20220805041108pdf_1-14 Agustus 2022.pdf,54,MAU HAU,WAINGAPU,WGP,105.80,"17,451.84","17,498.88",116.42,
20220805041108pdf_1-14 Agustus 2022.pdf,55,ISWAHYUDI,MADIUN,WIAR (ICAO),104.70,"17,284.89","17,331.48",115.31,
20220805041108pdf_1-14 Agustus 2022.pdf,56,DUMATUBUN,TUAL,LUV,112.30,"18,542.58","18,592.56",123.65,
20220805041108pdf_1-14 Agustus 2022.pdf,57,SILANGIT,SIBORONG-BORONG,DTB,105.40,"17,373.93","17,420.76",115.97,
20220805041108pdf_1-14 Agustus 2022.pdf,58,KALIMARAU,BERAU,BEJ,105.30,"17,362.80","17,409.60",115.86,
20220805041108pdf_1-14 Agustus 2022.pdf,59,KOMODO,LABUAN BAJO,LBJ,106.70,"17,596.53","17,643.96",117.42,
20220805041108pdf_1-14 Agustus 2022.pdf,60,KUALANAMU,DELI SERDANG,KNO,104.20,"17,140.20","17,186.40",114.42,
20220805041108pdf_1-14 Agustus 2022.pdf,61,TAMPA PADANG,MAMUJU,MJU,107.80,"17,763.48","17,811.36",118.53,
20220805041108pdf_1-14 Agustus 2022.pdf,62,F.L. TOBING,PINANGSORI,FLZ,106.20,"17,507.49","17,554.68",116.75,
20220805041108pdf_1-14 Agustus 2022.pdf,63,MOZES KILANGIN,TIMIKA,TIM,106.90,"17,629.92","17,677.44",117.64,
20220805041108pdf_1-14 Agustus 2022.pdf,64,H.A.S. HANANDJOEDDIN,TANJUNG PANDAN,TJQ,109.40,"18,086.25","18,135.00",120.65,
20220805041108pdf_1-14 Agustus 2022.pdf,65,BLIMBINGSARI,BANYUWANGI,BWX,105.80,"17,451.84","17,498.88",116.42,
20220805041108pdf_1-14 Agustus 2022.pdf,66,TAMBOLAKA,SUMBA BARAT,TMC,109.10,"18,030.60","18,079.20",120.32,
20220805041108pdf_1-14 Agustus 2022.pdf,67,BINAKA,GUNUNGSITOLI,GNS,106.20,"17,507.49","17,554.68",116.75,0
20220805041108pdf_1-14 Agustus 2022.pdf,68,KULONPROGO,YOGYAKARTA,YIA,106.80,"17,618.79","17,666.28",117.53,0
20220805041108pdf_1-14 Agustus 2022.pdf,69,KUABANG,HALMAHERA UTARA,KAZ,114.70,"18,954.39","19,005.48",126.44,0
20220805041108pdf_1-14 Agustus 2022.pdf,70,JENDERAL BESAR SOEDIRMAN,PURBALINGGA,PWL,104.50,"17,218.11","17,264.52",114.86,
20220805041108pdf_1-14 Agustus 2022.pdf,71,MATHILDA BATLAYERI,SAUMLAKI,SXK,114.70,"19,021.17","19,072.44",126.88,
20220805041108pdf_1-14 Agustus 2022.pdf,72,BUDIARTO,CURUG,BTO,104.30,"17,129.07","17,175.24",111.52,
20220815093651pdf_15 - 31 Agustus 2022.pdf,1,APT PRANOTO,SAMARINDA,AAP,104.70,"17,184.72","17,231.04",115.08,
20220815093651pdf_15 - 31 Agustus 2022.pdf,2,PATTIMURA,AMBON,AMQ,106.20,"17,351.67","17,398.44",116.20,
20220815093651pdf_15 - 31 Agustus 2022.pdf,3,SYAMSUDDIN NOOR,BANJARMASIN,BDJ,104.70,"17,184.72","17,231.04",115.08,
20220815093651pdf_15 - 31 Agustus 2022.pdf,4,HUSEIN SASTRANEGARA,BANDUNG,BDO,102.70,"16,861.95","16,907.40",112.97,
20220815093651pdf_15 - 31 Agustus 2022.pdf,5,FRANS KAISIEPO,BIAK,BIK,106.20,"17,451.84","17,498.88",116.20,
20220815093651pdf_15 - 31 Agustus 2022.pdf,6,FATMAWATI SOEKARNOPUTRI,BENGKULU,BKS,107.40,"17,674.44","17,722.08",118.42,
20220815093651pdf_15 - 31 Agustus 2022.pdf,7,M. SALAHUDDIN,BIMA,BMU,105.10,"17,273.76","17,320.32",115.64,
20220815093651pdf_15 - 31 Agustus 2022.pdf,8,SEPINGGAN,BALIKPAPAN,BPN,104.60,"17,184.72","17,231.04",115.08,
20220815093651pdf_15 - 31 Agustus 2022.pdf,9,HANG NADIM,BATAM,BTH,102.30,"15,135.27","15,180.54",101.40,
20220815093651pdf_15 - 31 Agustus 2022.pdf,10,SULTAN ISKANDAR MUDA,BANDA ACEH,BTJ,105.50,"17,329.41","17,376.12",116.09,
20220815093651pdf_15 - 31 Agustus 2022.pdf,11,SOEKARNO HATTA,CENGKARENG,CGK,91.20,"14,958.72","14,999.04",100.17,
20220815093651pdf_15 - 31 Agustus 2022.pdf,12,TUNGGUL WULUNG,CILACAP,CXP,103.80,"17,040.03","17,085.96",114.08,
20220815093651pdf_15 - 31 Agustus 2022.pdf,13,SULTAN THAHA,JAMBI,DJB,108.80,"17,919.30","17,967.60",119.98,
20220815093651pdf_15 - 31 Agustus 2022.pdf,14,SENTANI,JAYAPURA,DJJ,109.90,"18,008.34","18,056.88",120.65,
20220815093651pdf_15 - 31 Agustus 2022.pdf,15,NGURAH RAI,DENPASAR,DPS,101.90,"16,695.00","16,740.00",111.86,
20220815093651pdf_15 - 31 Agustus 2022.pdf,16,PINANG KAMPAI,DUMAI,DUM,105.50,"17,329.41","17,376.12",116.09,
20220815093651pdf_15 - 31 Agustus 2022.pdf,17,H. AROEBOESMAN,ENDE,ENE,105.10,"17,273.76","17,320.32",115.64,
20220815093651pdf_15 - 31 Agustus 2022.pdf,18,JALALUDDIN,GORONTALO,GTO,106.00,"17,418.45","17,465.40",116.64,
20220815093651pdf_15 - 31 Agustus 2022.pdf,19,HALIM PERDANAKUSUMA,JAKARTA,HLP,100.70,"16,539.18","16,583.76",110.74,
20220815093651pdf_15 - 31 Agustus 2022.pdf,20,ADISUCIPTO,YOGYAKARTA,JOG,102.80,"16,861.95","16,907.40",112.97,
20220815093651pdf_15 - 31 Agustus 2022.pdf,21,WOLTER MONGINSIDI,KENDARI,KDI,106.00,"17,418.45","17,465.40",116.64,
20220815093651pdf_15 - 31 Agustus 2022.pdf,22,UTAROM,KAIMANA,KNG,106.20,"17,451.84","17,498.88",116.20,
20220815093651pdf_15 - 31 Agustus 2022.pdf,23,ELTARI,KUPANG,KOE,108.00,"17,718.96","17,766.72",118.65,
20220815093651pdf_15 - 31 Agustus 2022.pdf,24,LOMBOK INTERNATIONAL,MATARAM,LOP,107.00,"17,585.40","17,632.80",117.76,
20220815093651pdf_15 - 31 Agustus 2022.pdf,25,BUBUNG,LUWUK,LUW,106.00,"17,418.45","17,465.40",116.64,
20220815093651pdf_15 - 31 Agustus 2022.pdf,26,SAM RATULANGI,MANADO,MDC,106.00,"17,418.45","17,465.40",116.64,
20220815093651pdf_15 - 31 Agustus 2022.pdf,27,POLONIA,MEDAN,MES,105.50,"17,329.41","17,376.12",116.09,
20220815093651pdf_15 - 31 Agustus 2022.pdf,28,MOPAH,MERAUKE,MKQ,106.20,"17,451.84","17,498.88",116.20,
20220815093651pdf_15 - 31 Agustus 2022.pdf,29,RENDANI,MANOKWARI,MKW,106.20,"17,451.84","17,498.88",116.20,
20220815093651pdf_15 - 31 Agustus 2022.pdf,30,KERTAJATI,MAJALENGKA,KJT,104.70,"17,017.77","17,063.64",113.97,
20220815093651pdf_15 - 31 Agustus 2022.pdf,31,ABDURACHMAN SALEH,MALANG,MLG,103.60,"17,017.77","17,063.64",113.97,
20220815093651pdf_15 - 31 Agustus 2022.pdf,32,WAI OTI,MAUMERE,MOF,105.10,"17,273.76","17,320.32",115.64,
20220815093651pdf_15 - 31 Agustus 2022.pdf,33,PANIAI,NABIRE,NBX,106.20,"17,451.84","17,498.88",116.20,
20220815093651pdf_15 - 31 Agustus 2022.pdf,34,RANAI,NATUNA,NTX,105.50,"17,329.41","17,376.12",116.09,
20220815093651pdf_15 - 31 Agustus 2022.pdf,35,PONDOK CABE,JAKARTA,PCB,103.10,"16,928.73","16,974.36",113.41,
20220815093651pdf_15 - 31 Agustus 2022.pdf,36,MINANGKABAU,PADANG,PDG,105.50,"17,329.41","17,376.12",116.09,
20220815093651pdf_15 - 31 Agustus 2022.pdf,37,DEPATI AMIR,PANGKAL PINANG,PGK,105.30,"17,296.02","17,342.64",115.86,
20220815093651pdf_15 - 31 Agustus 2022.pdf,38,ISKANDAR,PANGKALAN BUN,PKN,104.70,"17,184.72","17,231.04",115.08,
20220815093651pdf_15 - 31 Agustus 2022.pdf,39,SULTAN SYARIF KASIM II,PEKANBARU,PKU,105.50,"17,329.41","17,376.12",116.09,
20220815093651pdf_15 - 31 Agustus 2022.pdf,40,TJILIK RIWUT,PALANGKARAYA,PKY,104.70,"17,184.72","17,231.04",115.08,
20220815093651pdf_15 - 31 Agustus 2022.pdf,41,SULTAN MAHMUD BADARUDDIN II,PALEMBANG,PLM,"105.30","17,296.02","17,342.64",115.86,
20220815093651pdf_15 - 31 Agustus 2022.pdf,42,MUTIARA,PALU,PLW,106.00,"17,418.45","17,465.40",116.64,
20220815093651pdf_15 - 31 Agustus 2022.pdf,43,SUPADIO,PONTIANAK,PNK,104.70,"17,184.72","17,231.04",115.08,
20220815093651pdf_15 - 31 Agustus 2022.pdf,44,H. ASAN,SAMPIT,SMQ,104.70,"17,184.72","17,231.04",115.08,
20220815093651pdf_15 - 31 Agustus 2022.pdf,45,ADISUMARMO,SOLO,SOC,103.80,"17,040.03","17,085.96",114.08,
20220815093651pdf_15 - 31 Agustus 2022.pdf,46,SORONG DARATAN,SORONG,SOQ,111.20,"17,351.67","17,398.44",116.20,
20220815093651pdf_15 - 31 Agustus 2022.pdf,47,ACHMAD YANI,SEMARANG,SRG,101.80,"16,695.00","16,740.00",111.86,
20220815093651pdf_15 - 31 Agustus 2022.pdf,48,JUANDA,SURABAYA,SUB,98.40,"16,127.37","16,170.84",107.96,
20220815093651pdf_15 - 31 Agustus 2022.pdf,49,RADEN INTEN II,BANDAR LAMPUNG,TKG,104.70,"17,340.54","17,387.28",116.09,
20220815093651pdf_15 - 31 Agustus 2022.pdf,50,KIJANG,TANJUNG PINANG,TNJ,106.60,"17,529.75","17,577.00",117.42,
20220815093651pdf_15 - 31 Agustus 2022.pdf,51,JUWATA,TARAKAN,TRK,104.70,"17,184.72","17,231.04",115.08,
20220815093651pdf_15 - 31 Agustus 2022.pdf,52,BABULLAH,TERNATE,TTE,106.20,"17,451.84","17,498.88",116.20,
20220815093651pdf_15 - 31 Agustus 2022.pdf,53,HASANUDDIN,UJUNG PANDANG,UPG,102.70,"16,828.56","16,873.92",112.75,
20220815093651pdf_15 - 31 Agustus 2022.pdf,54,MAU HAU,WAINGAPU,WGP,105.10,"17,273.76","17,320.32",115.64,
20220815093651pdf_15 - 31 Agustus 2022.pdf,55,ISWAHYUDI,MADIUN,WIAR (ICAO),104.00,"17,117.94","17,164.08",114.64,
20220815093651pdf_15 - 31 Agustus 2022.pdf,56,DUMATUBUN,TUAL,LUV,111.80,"18,397.89","18,447.48",123.21,
20220815093651pdf_15 - 31 Agustus 2022.pdf,57,SILANGIT,SIBORONG-BORONG,DTB,104.70,"17,195.85","17,242.20",115.20,
20220815093651pdf_15 - 31 Agustus 2022.pdf,58,KALIMARAU,BERAU,BEJ,104.70,"17,184.72","17,231.04",115.08,
20220815093651pdf_15 - 31 Agustus 2022.pdf,59,KOMODO,LABUAN BAJO,LBJ,106.00,"17,418.45","17,465.40",116.64,
20220815093651pdf_15 - 31 Agustus 2022.pdf,60,KUALANAMU,DELI SERDANG,KNO,103.50,"16,962.12","17,007.84",113.64,
20220815093651pdf_15 - 31 Agustus 2022.pdf,61,TAMPA PADANG,MAMUJU,MJU,107.10,"17,585.40","17,632.80",117.76,
20220815093651pdf_15 - 31 Agustus 2022.pdf,62,F.L. TOBING,PINANGSORI,FLZ,105.50,"17,329.41","17,376.12",116.09,
20220815093651pdf_15 - 31 Agustus 2022.pdf,63,MOZES KILANGIN,TIMIKA,TIM,111.20,"17,451.84","17,498.88",116.87,
20220815093651pdf_15 - 31 Agustus 2022.pdf,64,H.A.S. HANANDJOEDDIN,TANJUNG PANDAN,TJQ,108.80,"17,908.17","17,956.44",119.98,
20220815093651pdf_15 - 31 Agustus 2022.pdf,65,BLIMBINGSARI,BANYUWANGI,BWX,105.10,"17,273.76","17,320.32",115.64,
20220815093651pdf_15 - 31 Agustus 2022.pdf,66,TAMBOLAKA,SUMBA BARAT,TMC,108.40,"17,852.52","17,900.64",119.54,
20220815093651pdf_15 - 31 Agustus 2022.pdf,67,BINAKA,GUNUNGSITOLI,GNS,105.50,"17,329.41","17,376.12",116.09,0
20220815093651pdf_15 - 31 Agustus 2022.pdf,68,KULONPROGO,YOGYAKARTA,YIA,106.20,"17,440.71","17,487.72",116.87,0
20220815093651pdf_15 - 31 Agustus 2022.pdf,69,KUABANG,HALMAHERA UTARA,KAZ,114.00,"18,776.31","18,826.92",125.77,0
20220815093651pdf_15 - 31 Agustus 2022.pdf,70,JENDERAL BESAR SOEDIRMAN,PURBALINGGA,PWL,103.80,"17,040.03","17,085.96",114.08,
20220815093651pdf_15 - 31 Agustus 2022.pdf,71,MATHILDA BATLAYERI,SAUMLAKI,SXK,114.00,"18,843.09","18,893.88",126.21,
20220815093651pdf_15 - 31 Agustus 2022.pdf,72,BUDIARTO,CURUG,BTO,103.70,"16,950.99","16,996.68",110.74,
20220901015902pdf_1-14 September 2022.pdf,1,APT PRANOTO,SAMARINDA,AAP,107.00,"17,440.71","17,487.72",117.64,
20220901015902pdf_1-14 September 2022.pdf,2,PATTIMURA,AMBON,AMQ,108.60,"17,707.83","17,755.56",119.54,
20220901015902pdf_1-14 September 2022.pdf,3,SYAMSUDDIN NOOR,BANJARMASIN,BDJ,107.00,"17,440.71","17,487.72",117.64,
20220901015902pdf_1-14 September 2022.pdf,4,HUSEIN SASTRANEGARA,BANDUNG,BDO,105.00,"17,117.94","17,164.08",115.53,
20220901015902pdf_1-14 September 2022.pdf,5,FRANS KAISIEPO,BIAK,BIK,108.60,"17,707.83","17,755.56",119.54,
20220901015902pdf_1-14 September 2022.pdf,6,FATMAWATI SOEKARNOPUTRI,BENGKULU,BKS,109.70,"17,930.43","17,978.76",120.98,
20220901015902pdf_1-14 September 2022.pdf,7,M. SALAHUDDIN,BIMA,BMU,107.50,"17,529.75","17,577.00",118.31,
20220901015902pdf_1-14 September 2022.pdf,8,SEPINGGAN,BALIKPAPAN,BPN,107.00,"17,451.84","17,498.88",117.76,
20220901015902pdf_1-14 September 2022.pdf,9,HANG NADIM,BATAM,BTH,104.60,"15,365.96","15,411.92",103.71,
20220901015902pdf_1-14 September 2022.pdf,10,SULTAN ISKANDAR MUDA,BANDA ACEH,BTJ,107.90,"17,585.40","17,632.80",118.65,
20220901015902pdf_1-14 September 2022.pdf,11,SOEKARNO HATTA,CENGKARENG,CGK,92.90,"15,125.67","15,166.44",102.06,
20220901015902pdf_1-14 September 2022.pdf,12,TUNGGUL WULUNG,CILACAP,CXP,106.10,"17,296.02","17,342.64",116.75,
20220901015902pdf_1-14 September 2022.pdf,13,SULTAN THAHA,JAMBI,DJB,111.20,"18,175.29","18,224.28",122.65,
20220901015902pdf_1-14 September 2022.pdf,14,SENTANI,JAYAPURA,DJJ,112.40,"18,286.59","18,335.88",123.43,
20220901015902pdf_1-14 September 2022.pdf,15,NGURAH RAI,DENPASAR,DPS,104.10,"16,939.86","16,985.52",114.31,
20220901015902pdf_1-14 September 2022.pdf,16,PINANG KAMPAI,DUMAI,DUM,107.90,"17,585.40","17,632.80",118.65,
20220901015902pdf_1-14 September 2022.pdf,17,H. AROEBOESMAN,ENDE,ENE,107.50,"17,529.75","17,577.00",118.31,
20220901015902pdf_1-14 September 2022.pdf,18,JALALUDDIN,GORONTALO,GTO,108.40,"17,674.44","17,722.08",119.31,
20220901015902pdf_1-14 September 2022.pdf,19,HALIM PERDANAKUSUMA,JAKARTA,HLP,101.70,"16,572.57","16,617.24",111.86,
20220901015902pdf_1-14 September 2022.pdf,20,ADISUCIPTO,YOGYAKARTA,JOG,105.00,"17,106.81","17,152.92",115.42,
20220901015902pdf_1-14 September 2022.pdf,21,WOLTER MONGINSIDI,KENDARI,KDI,108.40,"17,674.44","17,722.08",119.31,
20220901015902pdf_1-14 September 2022.pdf,22,UTAROM,KAIMANA,KNG,108.60,"17,707.83","17,755.56",119.54,
20220901015902pdf_1-14 September 2022.pdf,23,ELTARI,KUPANG,KOE,110.60,"17,997.21","18,045.72",121.43,
20220901015902pdf_1-14 September 2022.pdf,24,LOMBOK INTERNATIONAL,MATARAM,LOP,109.40,"17,841.39","17,889.48",120.43,
20220901015902pdf_1-14 September 2022.pdf,25,BUBUNG,LUWUK,LUW,108.40,"17,674.44","17,722.08",119.31,
20220901015902pdf_1-14 September 2022.pdf,26,SAM RATULANGI,MANADO,MDC,108.40,"17,674.44","17,722.08",119.31,
20220901015902pdf_1-14 September 2022.pdf,27,POLONIA,MEDAN,MES,107.90,"17,585.40","17,632.80",118.65,
20220901015902pdf_1-14 September 2022.pdf,28,MOPAH,MERAUKE,MKQ,108.60,"17,707.83","17,755.56",119.54,
20220901015902pdf_1-14 September 2022.pdf,29,RENDANI,MANOKWARI,MKW,108.60,"17,707.83","17,755.56",119.54,
20220901015902pdf_1-14 September 2022.pdf,30,KERTAJATI,MAJALENGKA,KJT,106.20,"17,273.76","17,320.32",116.53,
20220901015902pdf_1-14 September 2022.pdf,31,ABDURACHMAN SALEH,MALANG,MLG,105.90,"17,273.76","17,320.32",116.53,
20220901015902pdf_1-14 September 2022.pdf,32,WAI OTI,MAUMERE,MOF,107.50,"17,529.75","17,577.00",118.31,
20220901015902pdf_1-14 September 2022.pdf,33,PANIAI,NABIRE,NBX,108.60,"17,707.83","17,755.56",119.54,
20220901015902pdf_1-14 September 2022.pdf,34,RANAI,NATUNA,NTX,107.90,"17,585.40","17,632.80",118.65,
20220901015902pdf_1-14 September 2022.pdf,35,PONDOK CABE,JAKARTA,PCB,105.40,"17,184.72","17,231.04",115.97,
20220901015902pdf_1-14 September 2022.pdf,36,MINANGKABAU,PADANG,PDG,107.90,"17,952.69","18,001.08",121.09,
20220901015902pdf_1-14 September 2022.pdf,37,DEPATI AMIR,PANGKAL PINANG,PGK,"107.60","17,552.01","17,599.32",118.42,
20220901015902pdf_1-14 September 2022.pdf,38,ISKANDAR,PANGKALAN BUN,PKN,107.00,"17,440.71","17,487.72",117.64,
20220901015902pdf_1-14 September 2022.pdf,39,SULTAN SYARIF KASIM II,PEKANBARU,PKU,107.90,"17,585.40","17,632.80",118.65,
20220901015902pdf_1-14 September 2022.pdf,40,TJILIK RIWUT,PALANGKARAYA,PKY,107.00,"17,440.71","17,487.72",117.64,
20220901015902pdf_1-14 September 2022.pdf,41,SULTAN MAHMUD BADARUDDIN II,PALEMBANG,PLM,107.60,"17,552.01","17,599.32",118.42,
20220901015902pdf_1-14 September 2022.pdf,42,MUTIARA,PALU,PLW,108.40,"17,674.44","17,722.08",119.31,
20220901015902pdf_1-14 September 2022.pdf,43,SUPADIO,PONTIANAK,PNK,107.00,"17,440.71","17,487.72",117.64,
20220901015902pdf_1-14 September 2022.pdf,44,H. ASAN,SAMPIT,SMQ,107.00,"17,440.71","17,487.72",117.64,
20220901015902pdf_1-14 September 2022.pdf,45,ADISUMARMO,SOLO,SOC,106.10,"17,296.02","17,342.64",116.75,
20220901015902pdf_1-14 September 2022.pdf,46,SORONG DARATAN,SORONG,SOQ,108.60,"17,707.83","17,755.56",119.54,
20220901015902pdf_1-14 September 2022.pdf,47,ACHMAD YANI,SEMARANG,SRG,104.10,"16,950.99","16,996.68",114.42,
20220901015902pdf_1-14 September 2022.pdf,48,JUANDA,SURABAYA,SUB,100.60,"16,372.23","16,416.36",110.41,
20220901015902pdf_1-14 September 2022.pdf,49,RADEN INTEN II,BANDAR LAMPUNG,TKG,107.20,"17,618.79","17,666.28",118.87,
20220901015902pdf_1-14 September 2022.pdf,50,KIJANG,TANJUNG PINANG,TNJ,109.00,"17,785.74","17,833.68",119.98,
20220901015902pdf_1-14 September 2022.pdf,51,JUWATA,TARAKAN,TRK,107.00,"17,440.71","17,487.72",117.64,
20220901015902pdf_1-14 September 2022.pdf,52,BABULLAH,TERNATE,TTE,108.60,"17,707.83","17,755.56",119.54,
20220901015902pdf_1-14 September 2022.pdf,53,HASANUDDIN,UJUNG PANDANG,UPG,105.00,"17,084.55","17,130.60",115.31,
20220901015902pdf_1-14 September 2022.pdf,54,MAU HAU,WAINGAPU,WGP,107.50,"17,529.75","17,577.00",118.31,
20220901015902pdf_1-14 September 2022.pdf,55,ISWAHYUDI,MADIUN,WIAR (ICAO),106.40,"17,373.93","17,420.76",117.20,
20220901015902pdf_1-14 September 2022.pdf,56,DUMATUBUN,TUAL,LUV,114.40,"18,676.14","18,726.48",125.99,
20220901015902pdf_1-14 September 2022.pdf,57,SILANGIT,SIBORONG-BORONG,DTB,107.00,"17,451.84","17,498.88",117.76,
20220901015902pdf_1-14 September 2022.pdf,58,KALIMARAU,BERAU,BEJ,107.00,"17,440.71","17,487.72",117.64,
20220901015902pdf_1-14 September 2022.pdf,59,KOMODO,LABUAN BAJO,LBJ,108.40,"17,674.44","17,722.08",119.31,
20220901015902pdf_1-14 September 2022.pdf,60,KUALANAMU,DELI SERDANG,KNO,105.90,"17,229.24","17,275.68",116.20,
20220901015902pdf_1-14 September 2022.pdf,61,TAMPA PADANG,MAMUJU,MJU,109.50,"17,841.39","17,889.48",120.43,
20220901015902pdf_1-14 September 2022.pdf,62,F.L. TOBING,PINANGSORI,FLZ,107.90,"17,585.40","17,632.80",118.65,
20220901015902pdf_1-14 September 2022.pdf,63,MOZES KILANGIN,TIMIKA,TIM,108.60,"17,707.83","17,755.56",119.54,
20220901015902pdf_1-14 September 2022.pdf,64,H.A.S. HANANDJOEDDIN,TANJUNG PANDAN,TJQ,111.10,"18,164.16","18,213.12",122.54,
20220901015902pdf_1-14 September 2022.pdf,65,BLIMBINGSARI,BANYUWANGI,BWX,107.50,"17,529.75","17,577.00",118.31,
20220901015902pdf_1-14 September 2022.pdf,66,TAMBOLAKA,SUMBA BARAT,TMC,110.80,"18,108.51","18,157.32",122.21,
20220901015902pdf_1-14 September 2022.pdf,67,BINAKA,GUNUNGSITOLI,GNS,107.90,"17,585.40","17,632.80",118.65,0
20220901015902pdf_1-14 September 2022.pdf,68,KULONPROGO,YOGYAKARTA,YIA,108.50,"17,696.70","17,744.40",119.42,0
20220901015902pdf_1-14 September 2022.pdf,69,KUABANG,HALMAHERA UTARA,KAZ,116.40,"19,032.30","19,083.60",128.44,0
20220901015902pdf_1-14 September 2022.pdf,70,JENDERAL BESAR SOEDIRMAN,PURBALINGGA,PWL,106.10,"17,296.02","17,342.64",116.75,
20220901015902pdf_1-14 September 2022.pdf,71,MATHILDA BATLAYERI,SAUMLAKI,SXK,116.40,"19,099.08","19,150.56",128.89,
20220901015902pdf_1-14 September 2022.pdf,72,BUDIARTO,CURUG,BTO,105.20,"17,206.98","17,253.36",111.86,
20220915041316pdf_15-30 September 2022.pdf,1,APT PRANOTO,SAMARINDA,AAP,109.90,"17,974.95","18,023.40",120.87,
20220915041316pdf_15-30 September 2022.pdf,2,PATTIMURA,AMBON,AMQ,111.40,"18,242.07","18,291.24",122.65,
20220915041316pdf_15-30 September 2022.pdf,3,SYAMSUDDIN NOOR,BANJARMASIN,BDJ,109.90,"17,974.95","18,023.40",120.87,
20220915041316pdf_15-30 September 2022.pdf,4,HUSEIN SASTRANEGARA,BANDUNG,BDO,107.90,"17,652.18","17,699.76",118.76,
20220915041316pdf_15-30 September 2022.pdf,5,FRANS KAISIEPO,BIAK,BIK,111.40,"18,242.07","18,291.24",122.65,
20220915041316pdf_15-30 September 2022.pdf,6,FATMAWATI SOEKARNOPUTRI,BENGKULU,BKS,112.00,"18,375.63","18,425.16",123.54,
20220915041316pdf_15-30 September 2022.pdf,7,M. SALAHUDDIN,BIMA,BMU,110.40,"18,063.99","18,112.68",121.54,
20220915041316pdf_15-30 September 2022.pdf,8,SEPINGGAN,BALIKPAPAN,BPN,110.00,"17,997.21","18,045.72",120.98,
20220915041316pdf_15-30 September 2022.pdf,9,HANG NADIM,BATAM,BTH,107.50,"15,847.40","15,894.80",106.62,
20220915041316pdf_15-30 September 2022.pdf,10,SULTAN ISKANDAR MUDA,BANDA ACEH,BTJ,110.80,"18,130.77","18,179.64",121.87,
20220915041316pdf_15-30 September 2022.pdf,11,SOEKARNO HATTA,CENGKARENG,CGK,95.60,"15,615.39","15,657.48",105.07,
20220915041316pdf_15-30 September 2022.pdf,12,TUNGGUL WULUNG,CILACAP,CXP,109.00,"17,841.39","17,889.48",119.98,
20220915041316pdf_15-30 September 2022.pdf,13,SULTAN THAHA,JAMBI,DJB,112.40,"18,431.28","18,480.96",123.99,
20220915041316pdf_15-30 September 2022.pdf,14,SENTANI,JAYAPURA,DJJ,115.40,"18,843.09","18,893.88",126.77,
20220915041316pdf_15-30 September 2022.pdf,15,NGURAH RAI,DENPASAR,DPS,106.90,"17,462.97","17,510.04",117.42,
20220915041316pdf_15-30 September 2022.pdf,16,PINANG KAMPAI,DUMAI,DUM,110.80,"18,130.77","18,179.64",121.87,
20220915041316pdf_15-30 September 2022.pdf,17,H. AROEBOESMAN,ENDE,ENE,110.40,"18,063.99","18,112.68",121.54,
20220915041316pdf_15-30 September 2022.pdf,18,JALALUDDIN,GORONTALO,GTO,111.20,"18,208.68","18,257.76",122.43,
20220915041316pdf_15-30 September 2022.pdf,19,HALIM PERDANAKUSUMA,JAKARTA,HLP,102.10,"16,695.00","16,740.00",112.30,
20220915041316pdf_15-30 September 2022.pdf,20,ADISUCIPTO,YOGYAKARTA,JOG,107.80,"17,629.92","17,677.44",118.53,
20220915041316pdf_15-30 September 2022.pdf,21,WOLTER MONGINSIDI,KENDARI,KDI,111.20,"18,208.68","18,257.76",122.43,
20220915041316pdf_15-30 September 2022.pdf,22,UTAROM,KAIMANA,KNG,111.40,"18,242.07","18,291.24",122.65,
20220915041316pdf_15-30 September 2022.pdf,23,ELTARI,KUPANG,KOE,113.50,"18,553.71","18,603.72",124.77,
20220915041316pdf_15-30 September 2022.pdf,24,LOMBOK INTERNATIONAL,MATARAM,LOP,112.20,"18,375.63","18,425.16",123.54,
20220915041316pdf_15-30 September 2022.pdf,25,BUBUNG,LUWUK,LUW,111.20,"18,208.68","18,257.76",122.43,
20220915041316pdf_15-30 September 2022.pdf,26,SAM RATULANGI,MANADO,MDC,111.20,"18,208.68","18,257.76",122.43,
20220915041316pdf_15-30 September 2022.pdf,27,POLONIA,MEDAN,MES,110.80,"18,130.77","18,179.64",121.87,
20220915041316pdf_15-30 September 2022.pdf,28,MOPAH,MERAUKE,MKQ,111.40,"18,242.07","18,291.24",122.65,
20220915041316pdf_15-30 September 2022.pdf,29,RENDANI,MANOKWARI,MKW,111.40,"18,242.07","18,291.24",122.65,
20220915041316pdf_15-30 September 2022.pdf,30,KERTAJATI,MAJALENGKA,KJT,109.10,"17,808.00","17,856.00",119.76,
20220915041316pdf_15-30 September 2022.pdf,31,ABDURACHMAN SALEH,MALANG,MLG,108.80,"17,808.00","17,856.00",119.76,
20220915041316pdf_15-30 September 2022.pdf,32,WAI OTI,MAUMERE,MOF,110.40,"18,063.99","18,112.68",121.54,
20220915041316pdf_15-30 September 2022.pdf,33,PANIAI,NABIRE,NBX,111.40,"18,242.07","18,291.24",122.65,
20220915041316pdf_15-30 September 2022.pdf,34,RANAI,NATUNA,NTX,110.80,"18,130.77","18,179.64",121.87,
20220915041316pdf_15-30 September 2022.pdf,35,PONDOK CABE,JAKARTA,PCB,108.30,"17,718.96","17,766.72",119.20,
20220915041316pdf_15-30 September 2022.pdf,36,MINANGKABAU,PADANG,PDG,110.80,"18,509.19","18,559.08",124.43,
20220915041316pdf_15-30 September 2022.pdf,37,DEPATI AMIR,PANGKAL PINANG,PGK,"110.50","18,086.25","18,135.00",121.65,
20220915041316pdf_15-30 September 2022.pdf,38,ISKANDAR,PANGKALAN BUN,PKN,109.90,"17,974.95","18,023.40",120.87,
20220915041316pdf_15-30 September 2022.pdf,39,SULTAN SYARIF KASIM II,PEKANBARU,PKU,110.80,"18,130.77","18,179.64",121.87,
20220915041316pdf_15-30 September 2022.pdf,40,TJILIK RIWUT,PALANGKARAYA,PKY,109.90,"17,974.95","18,023.40",120.87,
20220915041316pdf_15-30 September 2022.pdf,41,SULTAN MAHMUD BADARUDDIN II,PALEMBANG,PLM,110.50,"18,086.25","18,135.00",121.65,
20220915041316pdf_15-30 September 2022.pdf,42,MUTIARA,PALU,PLW,111.20,"18,208.68","18,257.76",122.43,
20220915041316pdf_15-30 September 2022.pdf,43,SUPADIO,PONTIANAK,PNK,109.90,"17,974.95","18,023.40",120.87,
20220915041316pdf_15-30 September 2022.pdf,44,H. ASAN,SAMPIT,SMQ,109.90,"17,974.95","18,023.40",120.87,
20220915041316pdf_15-30 September 2022.pdf,45,ADISUMARMO,SOLO,SOC,109.00,"17,841.39","17,889.48",119.98,
20220915041316pdf_15-30 September 2022.pdf,46,SORONG DARATAN,SORONG,SOQ,111.40,"18,242.07","18,291.24",122.65,
20220915041316pdf_15-30 September 2022.pdf,47,ACHMAD YANI,SEMARANG,SRG,107.00,"17,485.23","17,532.36",117.64,
20220915041316pdf_15-30 September 2022.pdf,48,JUANDA,SURABAYA,SUB,103.50,"16,906.47","16,952.04",113.64,
20220915041316pdf_15-30 September 2022.pdf,49,RADEN INTEN II,BANDAR LAMPUNG,TKG,110.30,"18,197.55","18,246.60",122.43,
20220915041316pdf_15-30 September 2022.pdf,50,KIJANG,TANJUNG PINANG,TNJ,111.90,"18,319.98","18,369.36",123.21,
20220915041316pdf_15-30 September 2022.pdf,51,JUWATA,TARAKAN,TRK,109.90,"17,974.95","18,023.40",120.87,
20220915041316pdf_15-30 September 2022.pdf,52,BABULLAH,TERNATE,TTE,111.40,"18,242.07","18,291.24",122.65,
20220915041316pdf_15-30 September 2022.pdf,53,HASANUDDIN,UJUNG PANDANG,UPG,107.90,"17,618.79","17,666.28",118.53,
20220915041316pdf_15-30 September 2022.pdf,54,MAU HAU,WAINGAPU,WGP,110.40,"18,063.99","18,112.68",121.54,
20220915041316pdf_15-30 September 2022.pdf,55,ISWAHYUDI,MADIUN,WIAR (ICAO),109.30,"17,908.17","17,956.44",120.43,
20220915041316pdf_15-30 September 2022.pdf,56,DUMATUBUN,TUAL,LUV,117.10,"19,188.12","19,239.84",129.00,
20220915041316pdf_15-30 September 2022.pdf,57,SILANGIT,SIBORONG-BORONG,DTB,109.90,"17,986.08","18,034.56",120.98,
20220915041316pdf_15-30 September 2022.pdf,58,KALIMARAU,BERAU,BEJ,109.90,"17,974.95","18,023.40",120.87,
20220915041316pdf_15-30 September 2022.pdf,59,KOMODO,LABUAN BAJO,LBJ,111.20,"18,208.68","18,257.76",122.43,
20220915041316pdf_15-30 September 2022.pdf,60,KUALANAMU,DELI SERDANG,KNO,108.90,"17,774.61","17,822.52",119.54,
20220915041316pdf_15-30 September 2022.pdf,61,TAMPA PADANG,MAMUJU,MJU,112.30,"18,375.63","18,425.16",123.54,
20220915041316pdf_15-30 September 2022.pdf,62,F.L. TOBING,PINANGSORI,FLZ,110.80,"18,130.77","18,179.64",121.87,
20220915041316pdf_15-30 September 2022.pdf,63,MOZES KILANGIN,TIMIKA,TIM,111.40,"18,242.07","18,291.24",122.65,
20220915041316pdf_15-30 September 2022.pdf,64,H.A.S. HANANDJOEDDIN,TANJUNG PANDAN,TJQ,112.20,"18,397.89","18,447.48",123.77,
20220915041316pdf_15-30 September 2022.pdf,65,BLIMBINGSARI,BANYUWANGI,BWX,110.40,"18,063.99","18,112.68",121.54,
20220915041316pdf_15-30 September 2022.pdf,66,TAMBOLAKA,SUMBA BARAT,TMC,113.70,"18,642.75","18,693.00",125.44,
20220915041316pdf_15-30 September 2022.pdf,67,BINAKA,GUNUNGSITOLI,GNS,110.80,"18,130.77","18,179.64",121.87,0
20220915041316pdf_15-30 September 2022.pdf,68,KULONPROGO,YOGYAKARTA,YIA,111.40,"18,230.94","18,280.08",122.65,0
20220915041316pdf_15-30 September 2022.pdf,69,KUABANG,HALMAHERA UTARA,KAZ,116.90,"19,176.99","19,228.68",129.00,0
20220915041316pdf_15-30 September 2022.pdf,70,JENDERAL BESAR SOEDIRMAN,PURBALINGGA,PWL,109.00,"17,841.39","17,889.48",119.98,
20220915041316pdf_15-30 September 2022.pdf,71,MATHILDA BATLAYERI,SAUMLAKI,SXK,116.60,"19,199.25","19,251.00",129.11,
20220915041316pdf_15-30 September 2022.pdf,72,BUDIARTO,CURUG,BTO,108.10,"17,741.22","17,789.04",112.30,
20221001000421pdf_1-14 Oktober 2022.pdf,1,APT PRANOTO,SAMARINDA,AAP,106.90,"17,552.01","17,599.32",117.64,
20221001000421pdf_1-14 Oktober 2022.pdf,2,PATTIMURA,AMBON,AMQ,108.50,"17,819.13","17,867.16",119.42,
20221001000421pdf_1-14 Oktober 2022.pdf,3,SYAMSUDDIN NOOR,BANJARMASIN,BDJ,106.90,"17,552.01","17,599.32",117.64,
20221001000421pdf_1-14 Oktober 2022.pdf,4,HUSEIN SASTRANEGARA,BANDUNG,BDO,104.90,"17,229.24","17,275.68",115.42,
20221001000421pdf_1-14 Oktober 2022.pdf,5,FRANS KAISIEPO,BIAK,BIK,108.50,"17,819.13","17,867.16",119.42,
20221001000421pdf_1-14 Oktober 2022.pdf,6,FATMAWATI SOEKARNOPUTRI,BENGKULU,BKS,109.10,"17,952.69","18,001.08",120.32,
20221001000421pdf_1-14 Oktober 2022.pdf,7,M. SALAHUDDIN,BIMA,BMU,107.40,"17,641.05","17,688.60",118.20,
20221001000421pdf_1-14 Oktober 2022.pdf,8,SEPINGGAN,BALIKPAPAN,BPN,105.70,"17,351.67","17,398.44",116.31,
20221001000421pdf_1-14 Oktober 2022.pdf,9,HANG NADIM,BATAM,BTH,104.60,"15,466.26","15,512.52",103.61,
20221001000421pdf_1-14 Oktober 2022.pdf,10,SULTAN ISKANDAR MUDA,BANDA ACEH,BTJ,107.90,"17,707.83","17,755.56",118.65,
20221001000421pdf_1-14 Oktober 2022.pdf,11,SOEKARNO HATTA,CENGKARENG,CGK,92.10,"15,103.41","15,144.12",101.17,
20221001000421pdf_1-14 Oktober 2022.pdf,12,TUNGGUL WULUNG,CILACAP,CXP,106.10,"17,418.45","17,465.40",116.75,
20221001000421pdf_1-14 Oktober 2022.pdf,13,SULTAN THAHA,JAMBI,DJB,109.30,"17,997.21","18,045.72",120.54,
20221001000421pdf_1-14 Oktober 2022.pdf,14,SENTANI,JAYAPURA,DJJ,109.90,"18,008.34","18,056.88",120.65,
20221001000421pdf_1-14 Oktober 2022.pdf,15,NGURAH RAI,DENPASAR,DPS,105.90,"17,351.67","17,398.44",116.31,
20221001000421pdf_1-14 Oktober 2022.pdf,16,PINANG KAMPAI,DUMAI,DUM,107.90,"17,707.83","17,755.56",118.65,
20221001000421pdf_1-14 Oktober 2022.pdf,17,H. AROEBOESMAN,ENDE,ENE,107.40,"17,641.05","17,688.60",118.20,
20221001000421pdf_1-14 Oktober 2022.pdf,18,JALALUDDIN,GORONTALO,GTO,108.30,"17,785.74","17,833.68",119.20,
20221001000421pdf_1-14 Oktober 2022.pdf,19,HALIM PERDANAKUSUMA,JAKARTA,HLP,99.10,"16,272.06","16,315.92",108.96,
20221001000421pdf_1-14 Oktober 2022.pdf,20,ADISUCIPTO,YOGYAKARTA,JOG,105.90,"17,373.93","17,420.76",116.42,
20221001000421pdf_1-14 Oktober 2022.pdf,21,WOLTER MONGINSIDI,KENDARI,KDI,108.30,"17,785.74","17,833.68",119.20,
20221001000421pdf_1-14 Oktober 2022.pdf,22,UTAROM,KAIMANA,KNG,108.50,"17,819.13","17,867.16",119.42,
20221001000421pdf_1-14 Oktober 2022.pdf,23,ELTARI,KUPANG,KOE,103.10,"16,884.21","16,929.72",113.08,
20221001000421pdf_1-14 Oktober 2022.pdf,24,LOMBOK INTERNATIONAL,MATARAM,LOP,109.30,"17,952.69","18,001.08",120.32,
20221001000421pdf_1-14 Oktober 2022.pdf,25,BUBUNG,LUWUK,LUW,108.30,"17,785.74","17,833.68",119.20,
20221001000421pdf_1-14 Oktober 2022.pdf,26,SAM RATULANGI,MANADO,MDC,108.30,"17,785.74","17,833.68",119.20,
20221001000421pdf_1-14 Oktober 2022.pdf,27,POLONIA,MEDAN,MES,107.90,"17,707.83","17,755.56",118.65,
20221001000421pdf_1-14 Oktober 2022.pdf,28,MOPAH,MERAUKE,MKQ,108.50,"17,819.13","17,867.16",119.42,
20221001000421pdf_1-14 Oktober 2022.pdf,29,RENDANI,MANOKWARI,MKW,108.50,"17,819.13","17,867.16",119.42,
20221001000421pdf_1-14 Oktober 2022.pdf,30,KERTAJATI,MAJALENGKA,KJT,106.20,"17,385.06","17,431.92",116.53,
20221001000421pdf_1-14 Oktober 2022.pdf,31,ABDURACHMAN SALEH,MALANG,MLG,105.90,"17,385.06","17,431.92",116.53,
20221001000421pdf_1-14 Oktober 2022.pdf,32,WAI OTI,MAUMERE,MOF,107.40,"17,641.05","17,688.60",118.20,
20221001000421pdf_1-14 Oktober 2022.pdf,33,PANIAI,NABIRE,NBX,108.50,"17,819.13","17,867.16",119.42,
20221001000421pdf_1-14 Oktober 2022.pdf,34,RANAI,NATUNA,NTX,107.90,"17,707.83","17,755.56",118.65,
20221001000421pdf_1-14 Oktober 2022.pdf,35,PONDOK CABE,JAKARTA,PCB,105.30,"17,296.02","17,342.64",115.86,
20221001000421pdf_1-14 Oktober 2022.pdf,36,MINANGKABAU,PADANG,PDG,107.90,"17,507.49","17,554.68",117.31,
20221001000421pdf_1-14 Oktober 2022.pdf,37,DEPATI AMIR,PANGKAL PINANG,PGK,"107.50","17,663.31","17,710.92",118.31,
20221001000421pdf_1-14 Oktober 2022.pdf,38,ISKANDAR,PANGKALAN BUN,PKN,106.90,"17,552.01","17,599.32",117.64,
20221001000421pdf_1-14 Oktober 2022.pdf,39,SULTAN SYARIF KASIM II,PEKANBARU,PKU,107.90,"17,707.83","17,755.56",118.65,
20221001000421pdf_1-14 Oktober 2022.pdf,40,TJILIK RIWUT,PALANGKARAYA,PKY,106.90,"17,552.01","17,599.32",117.64,
20221001000421pdf_1-14 Oktober 2022.pdf,41,SULTAN MAHMUD BADARUDDIN II,PALEMBANG,PLM,107.50,"17,663.31","17,710.92",118.31,
20221001000421pdf_1-14 Oktober 2022.pdf,42,MUTIARA,PALU,PLW,108.30,"17,785.74","17,833.68",119.20,
20221001000421pdf_1-14 Oktober 2022.pdf,43,SUPADIO,PONTIANAK,PNK,106.90,"17,552.01","17,599.32",117.64,
20221001000421pdf_1-14 Oktober 2022.pdf,44,H. ASAN,SAMPIT,SMQ,106.90,"17,552.01","17,599.32",117.64,
20221001000421pdf_1-14 Oktober 2022.pdf,45,ADISUMARMO,SOLO,SOC,106.10,"17,418.45","17,465.40",116.75,
20221001000421pdf_1-14 Oktober 2022.pdf,46,SORONG DARATAN,SORONG,SOQ,108.50,"17,819.13","17,867.16",119.42,
20221001000421pdf_1-14 Oktober 2022.pdf,47,ACHMAD YANI,SEMARANG,SRG,105.50,"17,318.28","17,364.96",115.97,
20221001000421pdf_1-14 Oktober 2022.pdf,48,JUANDA,SURABAYA,SUB,103.10,"16,895.34","16,940.88",113.19,
20221001000421pdf_1-14 Oktober 2022.pdf,49,RADEN INTEN II,BANDAR LAMPUNG,TKG,107.40,"17,774.61","17,822.52",119.09,
20221001000421pdf_1-14 Oktober 2022.pdf,50,KIJANG,TANJUNG PINANG,TNJ,108.90,"17,908.17","17,956.44",119.98,
20221001000421pdf_1-14 Oktober 2022.pdf,51,JUWATA,TARAKAN,TRK,106.90,"17,552.01","17,599.32",117.64,
20221001000421pdf_1-14 Oktober 2022.pdf,52,BABULLAH,TERNATE,TTE,108.50,"17,819.13","17,867.16",119.42,
20221001000421pdf_1-14 Oktober 2022.pdf,53,HASANUDDIN,UJUNG PANDANG,UPG,106.00,"17,362.80","17,409.60",116.31,
20221001000421pdf_1-14 Oktober 2022.pdf,54,MAU HAU,WAINGAPU,WGP,107.40,"17,641.05","17,688.60",118.20,
20221001000421pdf_1-14 Oktober 2022.pdf,55,ISWAHYUDI,MADIUN,WIAR (ICAO),106.30,"17,485.23","17,532.36",117.20,
20221001000421pdf_1-14 Oktober 2022.pdf,56,DUMATUBUN,TUAL,LUV,109.60,"18,019.47","18,068.04",120.76,
20221001000421pdf_1-14 Oktober 2022.pdf,57,SILANGIT,SIBORONG-BORONG,DTB,107.40,"17,641.05","17,688.60",118.20,
20221001000421pdf_1-14 Oktober 2022.pdf,58,KALIMARAU,BERAU,BEJ,106.90,"17,552.01","17,599.32",117.64,
20221001000421pdf_1-14 Oktober 2022.pdf,59,KOMODO,LABUAN BAJO,LBJ,108.30,"17,785.74","17,833.68",119.20,
20221001000421pdf_1-14 Oktober 2022.pdf,60,KUALANAMU,DELI SERDANG,KNO,107.00,"17,540.88","17,588.16",117.53,
20221001000421pdf_1-14 Oktober 2022.pdf,61,TAMPA PADANG,MAMUJU,MJU,109.40,"17,952.69","18,001.08",120.32,
20221001000421pdf_1-14 Oktober 2022.pdf,62,F.L. TOBING,PINANGSORI,FLZ,107.90,"17,707.83","17,755.56",118.65,
20221001000421pdf_1-14 Oktober 2022.pdf,63,MOZES KILANGIN,TIMIKA,TIM,108.50,"17,819.13","17,867.16",119.42,
20221001000421pdf_1-14 Oktober 2022.pdf,64,H.A.S. HANANDJOEDDIN,TANJUNG PANDAN,TJQ,109.20,"17,974.95","18,023.40",120.43,
20221001000421pdf_1-14 Oktober 2022.pdf,65,BLIMBINGSARI,BANYUWANGI,BWX,107.40,"17,641.05","17,688.60",118.20,
20221001000421pdf_1-14 Oktober 2022.pdf,66,TAMBOLAKA,SUMBA BARAT,TMC,109.20,"17,974.95","18,023.40",120.43,
20221001000421pdf_1-14 Oktober 2022.pdf,67,BINAKA,GUNUNGSITOLI,GNS,107.90,"17,707.83","17,755.56",118.65,
20221001000421pdf_1-14 Oktober 2022.pdf,68,KULONPROGO,YOGYAKARTA,YIA,109.40,"17,974.95","18,023.40",120.43,
20221001000421pdf_1-14 Oktober 2022.pdf,69,KUABANG,HALMAHERA UTARA,KAZ,110.00,"18,097.38","18,146.16",121.21,
20221001000421pdf_1-14 Oktober 2022.pdf,70,JENDERAL BESAR SOEDIRMAN,PURBALINGGA,PWL,106.10,"17,418.45","17,465.40",116.75,
20221001000421pdf_1-14 Oktober 2022.pdf,71,MATHILDA BATLAYERI,SAUMLAKI,SXK,109.70,"18,108.51","18,157.32",121.32,
20221001000421pdf_1-14 Oktober 2022.pdf,72,BUDIARTO,CURUG,BTO,105.20,"17,318.28","17,364.96",108.96,
20221015052901pdf_15-31 Oktober 2022.pdf,1,APT PRANOTO,SAMARINDA,AAP,104.80,"17,507.49","17,554.68",115.20,
20221015052901pdf_15-31 Oktober 2022.pdf,2,PATTIMURA,AMBON,AMQ,106.30,"17,774.61","17,822.52",116.98,
20221015052901pdf_15-31 Oktober 2022.pdf,3,SYAMSUDDIN NOOR,BANJARMASIN,BDJ,104.80,"17,507.49","17,554.68",115.20,
20221015052901pdf_15-31 Oktober 2022.pdf,4,HUSEIN SASTRANEGARA,BANDUNG,BDO,102.80,"17,184.72","17,231.04",113.08,
20221015052901pdf_15-31 Oktober 2022.pdf,5,FRANS KAISIEPO,BIAK,BIK,106.30,"17,774.61","17,822.52",116.98,
20221015052901pdf_15-31 Oktober 2022.pdf,6,FATMAWATI SOEKARNOPUTRI,BENGKULU,BKS,106.90,"17,908.17","17,956.44",117.87,
20221015052901pdf_15-31 Oktober 2022.pdf,7,M. SALAHUDDIN,BIMA,BMU,105.20,"17,596.53","17,643.96",115.75,
20221015052901pdf_15-31 Oktober 2022.pdf,8,SEPINGGAN,BALIKPAPAN,BPN,103.60,"17,307.15","17,353.80",113.86,
20221015052901pdf_15-31 Oktober 2022.pdf,9,HANG NADIM,BATAM,BTH,102.50,"15,426.14","15,472.28",101.50,
20221015052901pdf_15-31 Oktober 2022.pdf,10,SULTAN ISKANDAR MUDA,BANDA ACEH,BTJ,105.70,"17,663.31","17,710.92",116.20,
20221015052901pdf_15-31 Oktober 2022.pdf,11,SOEKARNO HATTA,CENGKARENG,CGK,89.90,"15,003.24","15,043.68",98.72,
20221015052901pdf_15-31 Oktober 2022.pdf,12,TUNGGUL WULUNG,CILACAP,CXP,104.00,"17,373.93","17,420.76",114.31,
20221015052901pdf_15-31 Oktober 2022.pdf,13,SULTAN THAHA,JAMBI,DJB,107.20,"17,952.69","18,001.08",118.20,
20221015052901pdf_15-31 Oktober 2022.pdf,14,SENTANI,JAYAPURA,DJJ,107.70,"17,963.82","18,012.24",118.20,
20221015052901pdf_15-31 Oktober 2022.pdf,15,NGURAH RAI,DENPASAR,DPS,103.70,"17,307.15","17,353.80",113.86,
20221015052901pdf_15-31 Oktober 2022.pdf,16,PINANG KAMPAI,DUMAI,DUM,105.70,"17,663.31","17,710.92",116.20,
20221015052901pdf_15-31 Oktober 2022.pdf,17,H. AROEBOESMAN,ENDE,ENE,105.20,"17,596.53","17,643.96",115.75,
20221015052901pdf_15-31 Oktober 2022.pdf,18,JALALUDDIN,GORONTALO,GTO,106.10,"17,741.22","17,789.04",116.75,
20221015052901pdf_15-31 Oktober 2022.pdf,19,HALIM PERDANAKUSUMA,JAKARTA,HLP,97.10,"16,227.54","16,271.28",106.74,
20221015052901pdf_15-31 Oktober 2022.pdf,20,ADISUCIPTO,YOGYAKARTA,JOG,103.80,"17,329.41","17,376.12",114.08,
20221015052901pdf_15-31 Oktober 2022.pdf,21,WOLTER MONGINSIDI,KENDARI,KDI,106.10,"17,741.22","17,789.04",116.75,
20221015052901pdf_15-31 Oktober 2022.pdf,22,UTAROM,KAIMANA,KNG,106.30,"17,774.61","17,822.52",116.98,
20221015052901pdf_15-31 Oktober 2022.pdf,23,ELTARI,KUPANG,KOE,101.00,"16,839.69","16,885.08",110.85,
20221015052901pdf_15-31 Oktober 2022.pdf,24,LOMBOK INTERNATIONAL,MATARAM,LOP,107.10,"17,908.17","17,956.44",117.87,
20221015052901pdf_15-31 Oktober 2022.pdf,25,BUBUNG,LUWUK,LUW,106.10,"17,741.22","17,789.04",116.75,
20221015052901pdf_15-31 Oktober 2022.pdf,26,SAM RATULANGI,MANADO,MDC,106.10,"17,741.22","17,789.04",116.75,
20221015052901pdf_15-31 Oktober 2022.pdf,27,POLONIA,MEDAN,MES,105.70,"17,663.31","17,710.92",116.20,
20221015052901pdf_15-31 Oktober 2022.pdf,28,MOPAH,MERAUKE,MKQ,106.30,"17,774.61","17,822.52",116.98,
20221015052901pdf_15-31 Oktober 2022.pdf,29,RENDANI,MANOKWARI,MKW,106.30,"17,774.61","17,822.52",116.98,
20221015052901pdf_15-31 Oktober 2022.pdf,30,KERTAJATI,MAJALENGKA,KJT,104.00,"17,340.54","17,387.28",114.08,
20221015052901pdf_15-31 Oktober 2022.pdf,31,ABDURACHMAN SALEH,MALANG,MLG,103.70,"17,340.54","17,387.28",114.08,
20221015052901pdf_15-31 Oktober 2022.pdf,32,WAI OTI,MAUMERE,MOF,105.20,"17,596.53","17,643.96",115.75,
20221015052901pdf_15-31 Oktober 2022.pdf,33,PANIAI,NABIRE,NBX,106.30,"17,774.61","17,822.52",116.98,
20221015052901pdf_15-31 Oktober 2022.pdf,34,RANAI,NATUNA,NTX,105.70,"17,663.31","17,710.92",116.20,
20221015052901pdf_15-31 Oktober 2022.pdf,35,PONDOK CABE,JAKARTA,PCB,103.20,"17,251.50","17,298.00",113.53,
20221015052901pdf_15-31 Oktober 2022.pdf,36,MINANGKABAU,PADANG,PDG,105.70,"17,462.97","17,510.04",114.86,
20221015052901pdf_15-31 Oktober 2022.pdf,37,DEPATI AMIR,PANGKAL PINANG,PGK,"105.40","17,618.79","17,666.28",115.97,
20221015052901pdf_15-31 Oktober 2022.pdf,38,ISKANDAR,PANGKALAN BUN,PKN,104.80,"17,507.49","17,554.68",115.20,
20221015052901pdf_15-31 Oktober 2022.pdf,39,SULTAN SYARIF KASIM II,PEKANBARU,PKU,105.70,"17,663.31","17,710.92",116.20,
20221015052901pdf_15-31 Oktober 2022.pdf,40,TJILIK RIWUT,PALANGKARAYA,PKY,104.80,"17,507.49","17,554.68",115.20,
20221015052901pdf_15-31 Oktober 2022.pdf,41,SULTAN MAHMUD BADARUDDIN II,PALEMBANG,PLM,105.40,"17,618.79","17,666.28",115.97,
20221015052901pdf_15-31 Oktober 2022.pdf,42,MUTIARA,PALU,PLW,106.10,"17,741.22","17,789.04",116.75,
20221015052901pdf_15-31 Oktober 2022.pdf,43,SUPADIO,PONTIANAK,PNK,104.80,"17,507.49","17,554.68",115.20,
20221015052901pdf_15-31 Oktober 2022.pdf,44,H. ASAN,SAMPIT,SMQ,104.80,"17,507.49","17,554.68",115.20,
20221015052901pdf_15-31 Oktober 2022.pdf,45,ADISUMARMO,SOLO,SOC,104.00,"17,373.93","17,420.76",114.31,
20221015052901pdf_15-31 Oktober 2022.pdf,46,SORONG DARATAN,SORONG,SOQ,106.30,"17,774.61","17,822.52",116.98,
20221015052901pdf_15-31 Oktober 2022.pdf,47,ACHMAD YANI,SEMARANG,SRG,103.40,"17,273.76","17,320.32",113.64,
20221015052901pdf_15-31 Oktober 2022.pdf,48,JUANDA,SURABAYA,SUB,101.00,"16,850.82","16,896.24",110.85,
20221015052901pdf_15-31 Oktober 2022.pdf,49,RADEN INTEN II,BANDAR LAMPUNG,TKG,105.20,"17,730.09","17,777.88",116.64,
20221015052901pdf_15-31 Oktober 2022.pdf,50,KIJANG,TANJUNG PINANG,TNJ,106.80,"17,863.65","17,911.80",117.53,
20221015052901pdf_15-31 Oktober 2022.pdf,51,JUWATA,TARAKAN,TRK,104.80,"17,507.49","17,554.68",115.20,
20221015052901pdf_15-31 Oktober 2022.pdf,52,BABULLAH,TERNATE,TTE,106.30,"17,774.61","17,822.52",116.98,
20221015052901pdf_15-31 Oktober 2022.pdf,53,HASANUDDIN,UJUNG PANDANG,UPG,103.90,"17,318.28","17,364.96",113.97,
20221015052901pdf_15-31 Oktober 2022.pdf,54,MAU HAU,WAINGAPU,WGP,105.20,"17,596.53","17,643.96",115.75,
20221015052901pdf_15-31 Oktober 2022.pdf,55,ISWAHYUDI,MADIUN,WIAR (ICAO),104.20,"17,440.71","17,487.72",114.75,
20221015052901pdf_15-31 Oktober 2022.pdf,56,DUMATUBUN,TUAL,LUV,107.40,"17,974.95","18,023.40",118.31,
20221015052901pdf_15-31 Oktober 2022.pdf,57,SILANGIT,SIBORONG-BORONG,DTB,105.20,"17,596.53","17,643.96",115.75,
20221015052901pdf_15-31 Oktober 2022.pdf,58,KALIMARAU,BERAU,BEJ,104.80,"17,507.49","17,554.68",115.20,
20221015052901pdf_15-31 Oktober 2022.pdf,59,KOMODO,LABUAN BAJO,LBJ,106.10,"17,741.22","17,789.04",116.75,
20221015052901pdf_15-31 Oktober 2022.pdf,60,KUALANAMU,DELI SERDANG,KNO,104.90,"17,496.36","17,543.52",115.08,
20221015052901pdf_15-31 Oktober 2022.pdf,61,TAMPA PADANG,MAMUJU,MJU,107.20,"17,908.17","17,956.44",117.87,
20221015052901pdf_15-31 Oktober 2022.pdf,62,F.L. TOBING,PINANGSORI,FLZ,105.70,"17,663.31","17,710.92",116.20,
20221015052901pdf_15-31 Oktober 2022.pdf,63,MOZES KILANGIN,TIMIKA,TIM,106.30,"17,774.61","17,822.52",116.98,
20221015052901pdf_15-31 Oktober 2022.pdf,64,H.A.S. HANANDJOEDDIN,TANJUNG PANDAN,TJQ,107.00,"17,930.43","17,978.76",117.98,
20221015052901pdf_15-31 Oktober 2022.pdf,65,BLIMBINGSARI,BANYUWANGI,BWX,105.20,"17,596.53","17,643.96",115.75,
20221015052901pdf_15-31 Oktober 2022.pdf,66,TAMBOLAKA,SUMBA BARAT,TMC,107.00,"17,930.43","17,978.76",117.98,
20221015052901pdf_15-31 Oktober 2022.pdf,67,BINAKA,GUNUNGSITOLI,GNS,105.70,"17,663.31","17,710.92",116.20,
20221015052901pdf_15-31 Oktober 2022.pdf,68,KULONPROGO,YOGYAKARTA,YIA,107.20,"17,930.43","17,978.76",117.98,
20221015052901pdf_15-31 Oktober 2022.pdf,69,KUABANG,HALMAHERA UTARA,KAZ,107.80,"18,052.86","18,101.52",118.76,
20221015052901pdf_15-31 Oktober 2022.pdf,70,JENDERAL BESAR SOEDIRMAN,PURBALINGGA,PWL,104.00,"17,373.93","17,420.76",114.31,
20221015052901pdf_15-31 Oktober 2022.pdf,71,MATHILDA BATLAYERI,SAUMLAKI,SXK,107.40,"18,063.99","18,112.68",118.87,
20221015052901pdf_15-31 Oktober 2022.pdf,72,BUDIARTO,CURUG,BTO,103.00,"17,273.76","17,320.32",106.74,
20221031163135pdf_1-14 November 2022.pdf,1,APT PRANOTO,SAMARINDA,AAP,110.00,"18,665.01","18,715.32",121.09,
20221031163135pdf_1-14 November 2022.pdf,2,PATTIMURA,AMBON,AMQ,109.60,"18,598.23","18,648.36",120.65,
20221031163135pdf_1-14 November 2022.pdf,3,SYAMSUDDIN NOOR,BANJARMASIN,BDJ,110.00,"18,665.01","18,715.32",121.09,
20221031163135pdf_1-14 November 2022.pdf,4,HUSEIN SASTRANEGARA,BANDUNG,BDO,108.10,"18,342.24","18,391.68",118.98,
20221031163135pdf_1-14 November 2022.pdf,5,FRANS KAISIEPO,BIAK,BIK,109.60,"18,598.23","18,648.36",120.65,
20221031163135pdf_1-14 November 2022.pdf,6,FATMAWATI SOEKARNOPUTRI,BENGKULU,BKS,109.10,"18,553.71","18,603.72",120.32,
20221031163135pdf_1-14 November 2022.pdf,7,M. SALAHUDDIN,BIMA,BMU,109.40,"18,575.97","18,626.04",120.43,
20221031163135pdf_1-14 November 2022.pdf,8,SEPINGGAN,BALIKPAPAN,BPN,108.80,"18,464.67","18,514.44",119.76,
20221031163135pdf_1-14 November 2022.pdf,9,HANG NADIM,BATAM,BTH,107.70,"16,469.26","16,518.52",106.82,
20221031163135pdf_1-14 November 2022.pdf,10,SULTAN ISKANDAR MUDA,BANDA ACEH,BTJ,108.70,"18,442.41","18,492.12",119.65,
20221031163135pdf_1-14 November 2022.pdf,11,SOEKARNO HATTA,CENGKARENG,CGK,93.90,"15,904.77","15,947.64",103.18,
20221031163135pdf_1-14 November 2022.pdf,12,TUNGGUL WULUNG,CILACAP,CXP,109.20,"18,531.45","18,581.40",120.20,
20221031163135pdf_1-14 November 2022.pdf,13,SULTAN THAHA,JAMBI,DJB,109.40,"18,598.23","18,648.36",120.65,
20221031163135pdf_1-14 November 2022.pdf,14,SENTANI,JAYAPURA,DJJ,109.80,"18,587.10","18,637.20",120.54,
20221031163135pdf_1-14 November 2022.pdf,15,NGURAH RAI,DENPASAR,DPS,109.00,"18,464.67","18,514.44",119.76,
20221031163135pdf_1-14 November 2022.pdf,16,PINANG KAMPAI,DUMAI,DUM,108.70,"18,442.41","18,492.12",119.65,
20221031163135pdf_1-14 November 2022.pdf,17,H. AROEBOESMAN,ENDE,ENE,109.40,"18,575.97","18,626.04",120.43,
20221031163135pdf_1-14 November 2022.pdf,18,JALALUDDIN,GORONTALO,GTO,109.40,"18,564.84","18,614.88",120.43,
20221031163135pdf_1-14 November 2022.pdf,19,HALIM PERDANAKUSUMA,JAKARTA,HLP,102.50,"17,385.06","17,431.92",112.75,
20221031163135pdf_1-14 November 2022.pdf,20,ADISUCIPTO,YOGYAKARTA,JOG,109.50,"18,575.97","18,626.04",120.43,
20221031163135pdf_1-14 November 2022.pdf,21,WOLTER MONGINSIDI,KENDARI,KDI,109.40,"18,564.84","18,614.88",120.43,
20221031163135pdf_1-14 November 2022.pdf,22,UTAROM,KAIMANA,KNG,109.60,"18,598.23","18,648.36",120.65,
20221031163135pdf_1-14 November 2022.pdf,23,ELTARI,KUPANG,KOE,106.50,"18,030.60","18,079.20",116.87,
20221031163135pdf_1-14 November 2022.pdf,24,LOMBOK INTERNATIONAL,MATARAM,LOP,109.30,"18,553.71","18,603.72",120.32,
20221031163135pdf_1-14 November 2022.pdf,25,BUBUNG,LUWUK,LUW,109.40,"18,564.84","18,614.88",120.43,
20221031163135pdf_1-14 November 2022.pdf,26,SAM RATULANGI,MANADO,MDC,109.40,"18,564.84","18,614.88",120.43,
20221031163135pdf_1-14 November 2022.pdf,27,POLONIA,MEDAN,MES,108.70,"18,442.41","18,492.12",119.65,
20221031163135pdf_1-14 November 2022.pdf,28,MOPAH,MERAUKE,MKQ,109.60,"18,598.23","18,648.36",120.65,
20221031163135pdf_1-14 November 2022.pdf,29,RENDANI,MANOKWARI,MKW,109.60,"18,598.23","18,648.36",120.65,
20221031163135pdf_1-14 November 2022.pdf,30,KERTAJATI,MAJALENGKA,KJT,109.30,"18,498.06","18,547.92",119.98,
20221031163135pdf_1-14 November 2022.pdf,31,ABDURACHMAN SALEH,MALANG,MLG,109.00,"18,498.06","18,547.92",119.98,
20221031163135pdf_1-14 November 2022.pdf,32,WAI OTI,MAUMERE,MOF,109.40,"18,575.97","18,626.04",120.43,
20221031163135pdf_1-14 November 2022.pdf,33,PANIAI,NABIRE,NBX,109.60,"18,598.23","18,648.36",120.65,
20221031163135pdf_1-14 November 2022.pdf,34,RANAI,NATUNA,NTX,108.70,"18,442.41","18,492.12",119.65,
20221031163135pdf_1-14 November 2022.pdf,35,PONDOK CABE,JAKARTA,PCB,108.50,"18,409.02","18,458.64",119.42,
20221031163135pdf_1-14 November 2022.pdf,36,MINANGKABAU,PADANG,PDG,108.70,"18,319.98","18,369.36",118.87,
20221031163135pdf_1-14 November 2022.pdf,37,DEPATI AMIR,PANGKAL PINANG,PGK,108.60,"18,431.28","18,480.96",119.54,
20221031163135pdf_1-14 November 2022.pdf,38,ISKANDAR,PANGKALAN BUN,PKN,110.00,"18,665.01","18,715.32",121.09,
20221031163135pdf_1-14 November 2022.pdf,39,SULTAN SYARIF KASIM II,PEKANBARU,PKU,108.70,"18,442.41","18,492.12",119.65,
20221031163135pdf_1-14 November 2022.pdf,40,TJILIK RIWUT,PALANGKARAYA,PKY,"110.00","18,665.01","18,715.32",121.09,
20221031163135pdf_1-14 November 2022.pdf,41,SULTAN MAHMUD BADARUDDIN II,PALEMBANG,PLM,108.60,"18,431.28","18,480.96",119.54,
20221031163135pdf_1-14 November 2022.pdf,42,MUTIARA,PALU,PLW,109.40,"18,564.84","18,614.88",120.43,
20221031163135pdf_1-14 November 2022.pdf,43,SUPADIO,PONTIANAK,PNK,110.00,"18,665.01","18,715.32",121.09,
20221031163135pdf_1-14 November 2022.pdf,44,H. ASAN,SAMPIT,SMQ,110.00,"18,665.01","18,715.32",121.09,
20221031163135pdf_1-14 November 2022.pdf,45,ADISUMARMO,SOLO,SOC,109.20,"18,531.45","18,581.40",120.20,
20221031163135pdf_1-14 November 2022.pdf,46,SORONG DARATAN,SORONG,SOQ,109.60,"18,598.23","18,648.36",120.65,
20221031163135pdf_1-14 November 2022.pdf,47,ACHMAD YANI,SEMARANG,SRG,108.80,"18,442.41","18,492.12",119.65,
20221031163135pdf_1-14 November 2022.pdf,48,JUANDA,SURABAYA,SUB,106.30,"18,008.34","18,056.88",116.75,
20221031163135pdf_1-14 November 2022.pdf,49,RADEN INTEN II,BANDAR LAMPUNG,TKG,107.70,"18,431.28","18,480.96",119.54,
20221031163135pdf_1-14 November 2022.pdf,50,KIJANG,TANJUNG PINANG,TNJ,109.30,"18,564.84","18,614.88",120.43,
20221031163135pdf_1-14 November 2022.pdf,51,JUWATA,TARAKAN,TRK,110.00,"18,665.01","18,715.32",121.09,
20221031163135pdf_1-14 November 2022.pdf,52,BABULLAH,TERNATE,TTE,109.60,"18,598.23","18,648.36",120.65,
20221031163135pdf_1-14 November 2022.pdf,53,HASANUDDIN,UJUNG PANDANG,UPG,108.90,"18,442.41","18,492.12",119.65,
20221031163135pdf_1-14 November 2022.pdf,54,MAU HAU,WAINGAPU,WGP,109.40,"18,575.97","18,626.04",120.43,
20221031163135pdf_1-14 November 2022.pdf,55,ISWAHYUDI,MADIUN,WIAR (ICAO),109.20,"18,564.84","18,614.88",120.43,
20221031163135pdf_1-14 November 2022.pdf,56,DUMATUBUN,TUAL,LUV,109.50,"18,587.10","18,637.20",120.54,
20221031163135pdf_1-14 November 2022.pdf,57,SILANGIT,SIBORONG-BORONG,DTB,108.30,"18,375.63","18,425.16",119.20,
20221031163135pdf_1-14 November 2022.pdf,58,KALIMARAU,BERAU,BEJ,110.00,"18,665.01","18,715.32",121.09,
20221031163135pdf_1-14 November 2022.pdf,59,KOMODO,LABUAN BAJO,LBJ,111.30,"18,898.74","18,949.68",122.54,
20221031163135pdf_1-14 November 2022.pdf,60,KUALANAMU,DELI SERDANG,KNO,108.40,"18,353.37","18,402.84",119.09,
20221031163135pdf_1-14 November 2022.pdf,61,TAMPA PADANG,MAMUJU,MJU,109.90,"18,642.75","18,693.00",120.87,
20221031163135pdf_1-14 November 2022.pdf,62,F.L. TOBING,PINANGSORI,FLZ,108.70,"18,442.41","18,492.12",119.65,
20221031163135pdf_1-14 November 2022.pdf,63,MOZES KILANGIN,TIMIKA,TIM,109.60,"18,598.23","18,648.36",120.65,
20221031163135pdf_1-14 November 2022.pdf,64,H.A.S. HANANDJOEDDIN,TANJUNG PANDAN,TJQ,109.20,"18,575.97","18,626.04",120.43,
20221031163135pdf_1-14 November 2022.pdf,65,BLIMBINGSARI,BANYUWANGI,BWX,109.40,"18,575.97","18,626.04",120.43,
20221031163135pdf_1-14 November 2022.pdf,66,TAMBOLAKA,SUMBA BARAT,TMC,109.40,"18,598.23","18,648.36",120.65,
20221031163135pdf_1-14 November 2022.pdf,67,BINAKA,GUNUNGSITOLI,GNS,108.70,"18,442.41","18,492.12",119.65,
20221031163135pdf_1-14 November 2022.pdf,68,KULONPROGO,YOGYAKARTA,YIA,109.50,"18,587.10","18,637.20",120.54,
20221031163135pdf_1-14 November 2022.pdf,69,KUABANG,HALMAHERA UTARA,KAZ,109.60,"18,631.62","18,681.84",120.87,
20221031163135pdf_1-14 November 2022.pdf,70,JENDERAL BESAR SOEDIRMAN,PURBALINGGA,PWL,109.20,"18,531.45","18,581.40",120.20,
20221031163135pdf_1-14 November 2022.pdf,71,MATHILDA BATLAYERI,SAUMLAKI,SXK,109.50,"18,687.27","18,737.64",121.21,
20221031163135pdf_1-14 November 2022.pdf,72,BUDIARTO,CURUG,BTO,108.30,"18,431.28","18,480.96",112.75,
20221115042910pdf_15-30 November 2022.pdf,1,APT PRANOTO,SAMARINDA,AAP,108.60,"18,665.01","18,715.32",119.42,
20221115042910pdf_15-30 November 2022.pdf,2,PATTIMURA,AMBON,AMQ,108.50,"18,653.88","18,704.16",119.42,
20221115042910pdf_15-30 November 2022.pdf,3,SYAMSUDDIN NOOR,BANJARMASIN,BDJ,108.60,"18,665.01","18,715.32",119.42,
20221115042910pdf_15-30 November 2022.pdf,4,HUSEIN SASTRANEGARA,BANDUNG,BDO,105.10,"18,075.12","18,123.84",115.64,
20221115042910pdf_15-30 November 2022.pdf,5,FRANS KAISIEPO,BIAK,BIK,108.50,"18,653.88","18,704.16",119.42,
20221115042910pdf_15-30 November 2022.pdf,6,FATMAWATI SOEKARNOPUTRI,BENGKULU,BKS,107.70,"18,553.71","18,603.72",118.76,
20221115042910pdf_15-30 November 2022.pdf,7,M. SALAHUDDIN,BIMA,BMU,108.20,"18,609.36","18,659.52",119.09,
20221115042910pdf_15-30 November 2022.pdf,8,SEPINGGAN,BALIKPAPAN,BPN,107.60,"18,498.06","18,547.92",118.42,
20221115042910pdf_15-30 November 2022.pdf,9,HANG NADIM,BATAM,BTH,106.70,"16,519.41","16,568.82",105.72,
20221115042910pdf_15-30 November 2022.pdf,10,SULTAN ISKANDAR MUDA,BANDA ACEH,BTJ,107.30,"18,442.41","18,492.12",118.09,
20221115042910pdf_15-30 November 2022.pdf,11,SOEKARNO HATTA,CENGKARENG,CGK,92.40,"15,849.12","15,891.84",101.51,
20221115042910pdf_15-30 November 2022.pdf,12,TUNGGUL WULUNG,CILACAP,CXP,108.00,"18,564.84","18,614.88",118.87,
20221115042910pdf_15-30 November 2022.pdf,13,SULTAN THAHA,JAMBI,DJB,108.00,"18,598.23","18,648.36",119.09,
20221115042910pdf_15-30 November 2022.pdf,14,SENTANI,JAYAPURA,DJJ,108.70,"18,631.62","18,681.84",119.31,
20221115042910pdf_15-30 November 2022.pdf,15,NGURAH RAI,DENPASAR,DPS,107.80,"18,498.06","18,547.92",118.42,
20221115042910pdf_15-30 November 2022.pdf,16,PINANG KAMPAI,DUMAI,DUM,107.30,"18,442.41","18,492.12",118.09,
20221115042910pdf_15-30 November 2022.pdf,17,H. AROEBOESMAN,ENDE,ENE,108.20,"18,609.36","18,659.52",119.09,
20221115042910pdf_15-30 November 2022.pdf,18,JALALUDDIN,GORONTALO,GTO,108.30,"18,620.49","18,670.68",119.20,
20221115042910pdf_15-30 November 2022.pdf,19,HALIM PERDANAKUSUMA,JAKARTA,HLP,99.40,"17,073.42","17,119.44",109.30,
20221115042910pdf_15-30 November 2022.pdf,20,ADISUCIPTO,YOGYAKARTA,JOG,108.30,"18,609.36","18,659.52",119.09,
20221115042910pdf_15-30 November 2022.pdf,21,WOLTER MONGINSIDI,KENDARI,KDI,108.30,"18,620.49","18,670.68",119.20,
20221115042910pdf_15-30 November 2022.pdf,22,UTAROM,KAIMANA,KNG,108.50,"18,653.88","18,704.16",119.42,
20221115042910pdf_15-30 November 2022.pdf,23,ELTARI,KUPANG,KOE,105.40,"18,086.25","18,135.00",115.75,
20221115042910pdf_15-30 November 2022.pdf,24,LOMBOK INTERNATIONAL,MATARAM,LOP,108.10,"18,587.10","18,637.20",118.98,
20221115042910pdf_15-30 November 2022.pdf,25,BUBUNG,LUWUK,LUW,108.30,"18,620.49","18,670.68",119.20,
20221115042910pdf_15-30 November 2022.pdf,26,SAM RATULANGI,MANADO,MDC,108.30,"18,620.49","18,670.68",119.20,
20221115042910pdf_15-30 November 2022.pdf,27,POLONIA,MEDAN,MES,107.30,"18,442.41","18,492.12",118.09,
20221115042910pdf_15-30 November 2022.pdf,28,MOPAH,MERAUKE,MKQ,108.50,"18,653.88","18,704.16",119.42,
20221115042910pdf_15-30 November 2022.pdf,29,RENDANI,MANOKWARI,MKW,108.50,"18,653.88","18,704.16",119.42,
20221115042910pdf_15-30 November 2022.pdf,30,KERTAJATI,MAJALENGKA,KJT,98.80,"16,962.12","17,007.84",108.63,
20221115042910pdf_15-30 November 2022.pdf,31,ABDURACHMAN SALEH,MALANG,MLG,107.90,"18,553.71","18,603.72",118.76,
20221115042910pdf_15-30 November 2022.pdf,32,WAI OTI,MAUMERE,MOF,108.20,"18,609.36","18,659.52",119.09,
20221115042910pdf_15-30 November 2022.pdf,33,PANIAI,NABIRE,NBX,108.50,"18,653.88","18,704.16",119.42,
20221115042910pdf_15-30 November 2022.pdf,34,RANAI,NATUNA,NTX,107.30,"18,442.41","18,492.12",118.09,
20221115042910pdf_15-30 November 2022.pdf,35,PONDOK CABE,JAKARTA,PCB,107.40,"18,464.67","18,514.44",118.20,
20221115042910pdf_15-30 November 2022.pdf,36,MINANGKABAU,PADANG,PDG,107.30,"18,319.98","18,369.36",117.31,
20221115042910pdf_15-30 November 2022.pdf,37,DEPATI AMIR,PANGKAL PINANG,PGK,"107.20","18,431.28","18,480.96",117.98,
20221115042910pdf_15-30 November 2022.pdf,38,ISKANDAR,PANGKALAN BUN,PKN,108.60,"18,665.01","18,715.32",119.42,
20221115042910pdf_15-30 November 2022.pdf,39,SULTAN SYARIF KASIM II,PEKANBARU,PKU,107.30,"18,442.41","18,492.12",118.09,
20221115042910pdf_15-30 November 2022.pdf,40,TJILIK RIWUT,PALANGKARAYA,PKY,108.60,"18,665.01","18,715.32",119.42,
20221115042910pdf_15-30 November 2022.pdf,41,SULTAN MAHMUD BADARUDDIN II,PALEMBANG,PLM,107.20,"18,431.28","18,480.96",117.98,
20221115042910pdf_15-30 November 2022.pdf,42,MUTIARA,PALU,PLW,108.30,"18,620.49","18,670.68",119.20,
20221115042910pdf_15-30 November 2022.pdf,43,SUPADIO,PONTIANAK,PNK,108.60,"18,665.01","18,715.32",119.42,
20221115042910pdf_15-30 November 2022.pdf,44,H. ASAN,SAMPIT,SMQ,108.60,"18,665.01","18,715.32",119.42,
20221115042910pdf_15-30 November 2022.pdf,45,ADISUMARMO,SOLO,SOC,108.00,"18,564.84","18,614.88",118.87,
20221115042910pdf_15-30 November 2022.pdf,46,SORONG DARATAN,SORONG,SOQ,108.50,"18,653.88","18,704.16",119.42,
20221115042910pdf_15-30 November 2022.pdf,47,ACHMAD YANI,SEMARANG,SRG,107.70,"18,498.06","18,547.92",118.42,
20221115042910pdf_15-30 November 2022.pdf,48,JUANDA,SURABAYA,SUB,105.30,"18,063.99","18,112.68",115.64,
20221115042910pdf_15-30 November 2022.pdf,49,RADEN INTEN II,BANDAR LAMPUNG,TKG,106.30,"18,431.28","18,480.96",117.98,
20221115042910pdf_15-30 November 2022.pdf,50,KIJANG,TANJUNG PINANG,TNJ,107.90,"18,564.84","18,614.88",118.87,
20221115042910pdf_15-30 November 2022.pdf,51,JUWATA,TARAKAN,TRK,108.60,"18,665.01","18,715.32",119.42,
20221115042910pdf_15-30 November 2022.pdf,52,BABULLAH,TERNATE,TTE,108.50,"18,653.88","18,704.16",119.42,
20221115042910pdf_15-30 November 2022.pdf,53,HASANUDDIN,UJUNG PANDANG,UPG,107.80,"18,498.06","18,547.92",118.42,
20221115042910pdf_15-30 November 2022.pdf,54,MAU HAU,WAINGAPU,WGP,108.20,"18,609.36","18,659.52",119.09,
20221115042910pdf_15-30 November 2022.pdf,55,ISWAHYUDI,MADIUN,WIAR (ICAO),108.10,"18,620.49","18,670.68",119.20,
20221115042910pdf_15-30 November 2022.pdf,56,DUMATUBUN,TUAL,LUV,108.30,"18,631.62","18,681.84",119.31,
20221115042910pdf_15-30 November 2022.pdf,57,SILANGIT,SIBORONG-BORONG,DTB,106.90,"18,375.63","18,425.16",117.64,
20221115042910pdf_15-30 November 2022.pdf,58,KALIMARAU,BERAU,BEJ,108.60,"18,665.01","18,715.32",119.42,
20221115042910pdf_15-30 November 2022.pdf,59,KOMODO,LABUAN BAJO,LBJ,108.60,"18,676.14","18,726.48",119.54,
20221115042910pdf_15-30 November 2022.pdf,60,KUALANAMU,DELI SERDANG,KNO,107.00,"18,353.37","18,402.84",117.53,
20221115042910pdf_15-30 November 2022.pdf,61,TAMPA PADANG,MAMUJU,MJU,108.70,"18,676.14","18,726.48",119.54,
20221115042910pdf_15-30 November 2022.pdf,62,F.L. TOBING,PINANGSORI,FLZ,107.30,"18,442.41","18,492.12",118.09,
20221115042910pdf_15-30 November 2022.pdf,63,MOZES KILANGIN,TIMIKA,TIM,108.50,"18,653.88","18,704.16",119.42,
20221115042910pdf_15-30 November 2022.pdf,64,H.A.S. HANANDJOEDDIN,TANJUNG PANDAN,TJQ,107.80,"18,575.97","18,626.04",118.87,
20221115042910pdf_15-30 November 2022.pdf,65,BLIMBINGSARI,BANYUWANGI,BWX,108.20,"18,609.36","18,659.52",119.09,
20221115042910pdf_15-30 November 2022.pdf,66,TAMBOLAKA,SUMBA BARAT,TMC,108.20,"18,631.62","18,681.84",119.31,
20221115042910pdf_15-30 November 2022.pdf,67,BINAKA,GUNUNGSITOLI,GNS,107.30,"18,442.41","18,492.12",118.09,
20221115042910pdf_15-30 November 2022.pdf,68,KULONPROGO,YOGYAKARTA,YIA,108.30,"18,620.49","18,670.68",119.20,
20221115042910pdf_15-30 November 2022.pdf,69,KUABANG,HALMAHERA UTARA,KAZ,108.50,"18,687.27","18,737.64",119.65,
20221115042910pdf_15-30 November 2022.pdf,70,JENDERAL BESAR SOEDIRMAN,PURBALINGGA,PWL,108.00,"18,564.84","18,614.88",118.87,
20221115042910pdf_15-30 November 2022.pdf,71,MATHILDA BATLAYERI,SAUMLAKI,SXK,108.10,"18,687.27","18,737.64",119.65,
20221115042910pdf_15-30 November 2022.pdf,72,BUDIARTO,CURUG,BTO,107.20,"18,486.93","18,536.76",109.30,
20221130081608pdf_1-14 Desember 2022.pdf,1,APT PRANOTO,SAMARINDA,AAP,108.10,"18,609.36","18,659.52",118.98,
20221130081608pdf_1-14 Desember 2022.pdf,2,PATTIMURA,AMBON,AMQ,108.90,"18,742.92","18,793.44",119.87,
20221130081608pdf_1-14 Desember 2022.pdf,3,SYAMSUDDIN NOOR,BANJARMASIN,BDJ,108.10,"18,609.36","18,659.52",118.98,
20221130081608pdf_1-14 Desember 2022.pdf,4,HUSEIN SASTRANEGARA,BANDUNG,BDO,105.00,"18,075.12","18,123.84",115.53,
20221130081608pdf_1-14 Desember 2022.pdf,5,FRANS KAISIEPO,BIAK,BIK,108.90,"18,742.92","18,793.44",119.87,
20221130081608pdf_1-14 Desember 2022.pdf,6,FATMAWATI SOEKARNOPUTRI,BENGKULU,BKS,107.10,"18,475.80","18,525.60",118.09,
20221130081608pdf_1-14 Desember 2022.pdf,7,M. SALAHUDDIN,BIMA,BMU,107.80,"18,553.71","18,603.72",118.65,
20221130081608pdf_1-14 Desember 2022.pdf,8,SEPINGGAN,BALIKPAPAN,BPN,107.20,"18,442.41","18,492.12",117.87,
20221130081608pdf_1-14 Desember 2022.pdf,9,HANG NADIM,BATAM,BTH,106.10,"16,449.20","16,498.40",105.11,
20221130081608pdf_1-14 Desember 2022.pdf,10,SULTAN ISKANDAR MUDA,BANDA ACEH,BTJ,106.70,"18,364.50","18,414.00",117.42,
20221130081608pdf_1-14 Desember 2022.pdf,11,SOEKARNO HATTA,CENGKARENG,CGK,92.20,"15,849.12","15,891.84",101.28,
20221130081608pdf_1-14 Desember 2022.pdf,12,TUNGGUL WULUNG,CILACAP,CXP,107.60,"18,509.19","18,559.08",118.31,
20221130081608pdf_1-14 Desember 2022.pdf,13,SULTAN THAHA,JAMBI,DJB,107.40,"18,520.32","18,570.24",118.42,
20221130081608pdf_1-14 Desember 2022.pdf,14,SENTANI,JAYAPURA,DJJ,108.90,"18,698.40","18,748.80",119.54,
20221130081608pdf_1-14 Desember 2022.pdf,15,NGURAH RAI,DENPASAR,DPS,107.30,"18,442.41","18,492.12",117.87,
20221130081608pdf_1-14 Desember 2022.pdf,16,PINANG KAMPAI,DUMAI,DUM,106.70,"18,364.50","18,414.00",117.42,
20221130081608pdf_1-14 Desember 2022.pdf,17,H. AROEBOESMAN,ENDE,ENE,107.80,"18,553.71","18,603.72",118.65,
20221130081608pdf_1-14 Desember 2022.pdf,18,JALALUDDIN,GORONTALO,GTO,108.20,"18,620.49","18,670.68",119.09,
20221130081608pdf_1-14 Desember 2022.pdf,19,HALIM PERDANAKUSUMA,JAKARTA,HLP,99.30,"17,073.42","17,119.44",109.19,
20221130081608pdf_1-14 Desember 2022.pdf,20,ADISUCIPTO,YOGYAKARTA,JOG,107.90,"18,553.71","18,603.72",118.65,
20221130081608pdf_1-14 Desember 2022.pdf,21,WOLTER MONGINSIDI,KENDARI,KDI,108.20,"18,620.49","18,670.68",119.09,
20221130081608pdf_1-14 Desember 2022.pdf,22,UTAROM,KAIMANA,KNG,108.90,"18,742.92","18,793.44",119.87,
20221130081608pdf_1-14 Desember 2022.pdf,23,ELTARI,KUPANG,KOE,105.00,"18,030.60","18,079.20",115.31,
20221130081608pdf_1-14 Desember 2022.pdf,24,LOMBOK INTERNATIONAL,MATARAM,LOP,107.60,"18,531.45","18,581.40",118.42,
20221130081608pdf_1-14 Desember 2022.pdf,25,BUBUNG,LUWUK,LUW,108.20,"18,620.49","18,670.68",119.09,
20221130081608pdf_1-14 Desember 2022.pdf,26,SAM RATULANGI,MANADO,MDC,108.20,"18,620.49","18,670.68",119.09,
20221130081608pdf_1-14 Desember 2022.pdf,27,POLONIA,MEDAN,MES,106.70,"18,364.50","18,414.00",117.42,
20221130081608pdf_1-14 Desember 2022.pdf,28,MOPAH,MERAUKE,MKQ,108.90,"18,742.92","18,793.44",119.87,
20221130081608pdf_1-14 Desember 2022.pdf,29,RENDANI,MANOKWARI,MKW,108.90,"18,742.92","18,793.44",119.87,
20221130081608pdf_1-14 Desember 2022.pdf,30,KERTAJATI,MAJALENGKA,KJT,98.60,"16,962.12","17,007.84",108.41,
20221130081608pdf_1-14 Desember 2022.pdf,31,ABDURACHMAN SALEH,MALANG,MLG,107.40,"18,498.06","18,547.92",118.20,
20221130081608pdf_1-14 Desember 2022.pdf,32,WAI OTI,MAUMERE,MOF,107.80,"18,553.71","18,603.72",118.65,
20221130081608pdf_1-14 Desember 2022.pdf,33,PANIAI,NABIRE,NBX,108.90,"18,742.92","18,793.44",119.87,
20221130081608pdf_1-14 Desember 2022.pdf,34,RANAI,NATUNA,NTX,106.70,"18,364.50","18,414.00",117.42,
20221130081608pdf_1-14 Desember 2022.pdf,35,PONDOK CABE,JAKARTA,PCB,107.20,"18,464.67","18,514.44",117.98,
20221130081608pdf_1-14 Desember 2022.pdf,36,MINANGKABAU,PADANG,PDG,106.70,"18,242.07","18,291.24",116.64,
20221130081608pdf_1-14 Desember 2022.pdf,37,DEPATI AMIR,PANGKAL PINANG,PGK,"106.60","18,353.37","18,402.84",117.31,
20221130081608pdf_1-14 Desember 2022.pdf,38,ISKANDAR,PANGKALAN BUN,PKN,108.10,"18,609.36","18,659.52",118.98,
20221130081608pdf_1-14 Desember 2022.pdf,39,SULTAN SYARIF KASIM II,PEKANBARU,PKU,106.70,"18,364.50","18,414.00",117.42,
20221130081608pdf_1-14 Desember 2022.pdf,40,TJILIK RIWUT,PALANGKARAYA,PKY,108.10,"18,609.36","18,659.52",118.98,
20221130081608pdf_1-14 Desember 2022.pdf,41,SULTAN MAHMUD BADARUDDIN II,PALEMBANG,PLM,106.60,"18,353.37","18,402.84",117.31,
20221130081608pdf_1-14 Desember 2022.pdf,42,MUTIARA,PALU,PLW,108.20,"18,620.49","18,670.68",119.09,
20221130081608pdf_1-14 Desember 2022.pdf,43,SUPADIO,PONTIANAK,PNK,108.10,"18,609.36","18,659.52",118.98,
20221130081608pdf_1-14 Desember 2022.pdf,44,H. ASAN,SAMPIT,SMQ,108.10,"18,609.36","18,659.52",118.98,
20221130081608pdf_1-14 Desember 2022.pdf,45,ADISUMARMO,SOLO,SOC,107.60,"18,509.19","18,559.08",118.31,
20221130081608pdf_1-14 Desember 2022.pdf,46,SORONG DARATAN,SORONG,SOQ,108.90,"18,742.92","18,793.44",119.87,
20221130081608pdf_1-14 Desember 2022.pdf,47,ACHMAD YANI,SEMARANG,SRG,107.20,"18,442.41","18,492.12",117.87,
20221130081608pdf_1-14 Desember 2022.pdf,48,JUANDA,SURABAYA,SUB,104.80,"18,008.34","18,056.88",115.08,
20221130081608pdf_1-14 Desember 2022.pdf,49,RADEN INTEN II,BANDAR LAMPUNG,TKG,105.80,"18,353.37","18,402.84",117.31,
20221130081608pdf_1-14 Desember 2022.pdf,50,KIJANG,TANJUNG PINANG,TNJ,107.30,"18,486.93","18,536.76",118.20,
20221130081608pdf_1-14 Desember 2022.pdf,51,JUWATA,TARAKAN,TRK,108.10,"18,609.36","18,659.52",118.98,
20221130081608pdf_1-14 Desember 2022.pdf,52,BABULLAH,TERNATE,TTE,108.90,"18,742.92","18,793.44",119.87,
20221130081608pdf_1-14 Desember 2022.pdf,53,HASANUDDIN,UJUNG PANDANG,UPG,107.70,"18,498.06","18,547.92",118.31,
20221130081608pdf_1-14 Desember 2022.pdf,54,MAU HAU,WAINGAPU,WGP,107.80,"18,553.71","18,603.72",118.65,
20221130081608pdf_1-14 Desember 2022.pdf,55,ISWAHYUDI,MADIUN,WIAR (ICAO),107.70,"18,564.84","18,614.88",118.65,
20221130081608pdf_1-14 Desember 2022.pdf,56,DUMATUBUN,TUAL,LUV,108.60,"18,698.40","18,748.80",119.54,
20221130081608pdf_1-14 Desember 2022.pdf,57,SILANGIT,SIBORONG-BORONG,DTB,106.30,"18,297.72","18,347.04",116.98,
20221130081608pdf_1-14 Desember 2022.pdf,58,KALIMARAU,BERAU,BEJ,108.10,"18,609.36","18,659.52",118.98,
20221130081608pdf_1-14 Desember 2022.pdf,59,KOMODO,LABUAN BAJO,LBJ,108.20,"18,620.49","18,670.68",119.09,
20221130081608pdf_1-14 Desember 2022.pdf,60,KUALANAMU,DELI SERDANG,KNO,106.40,"18,275.46","18,324.72",116.87,
20221130081608pdf_1-14 Desember 2022.pdf,61,TAMPA PADANG,MAMUJU,MJU,108.60,"18,676.14","18,726.48",119.42,
20221130081608pdf_1-14 Desember 2022.pdf,62,F.L. TOBING,PINANGSORI,FLZ,106.70,"18,364.50","18,414.00",117.42,
20221130081608pdf_1-14 Desember 2022.pdf,63,MOZES KILANGIN,TIMIKA,TIM,108.90,"18,742.92","18,793.44",119.87,
20221130081608pdf_1-14 Desember 2022.pdf,64,H.A.S. HANANDJOEDDIN,TANJUNG PANDAN,TJQ,107.20,"18,498.06","18,547.92",118.20,
20221130081608pdf_1-14 Desember 2022.pdf,65,BLIMBINGSARI,BANYUWANGI,BWX,107.80,"18,553.71","18,603.72",118.65,
20221130081608pdf_1-14 Desember 2022.pdf,66,TAMBOLAKA,SUMBA BARAT,TMC,107.70,"18,575.97","18,626.04",118.76,
20221130081608pdf_1-14 Desember 2022.pdf,67,BINAKA,GUNUNGSITOLI,GNS,106.70,"18,364.50","18,414.00",117.42,
20221130081608pdf_1-14 Desember 2022.pdf,68,KULONPROGO,YOGYAKARTA,YIA,107.80,"18,564.84","18,614.88",118.65,
20221130081608pdf_1-14 Desember 2022.pdf,69,KUABANG,HALMAHERA UTARA,KAZ,108.90,"18,776.31","18,826.92",119.98,
20221130081608pdf_1-14 Desember 2022.pdf,70,JENDERAL BESAR SOEDIRMAN,PURBALINGGA,PWL,107.60,"18,509.19","18,559.08",118.31,
20221130081608pdf_1-14 Desember 2022.pdf,71,MATHILDA BATLAYERI,SAUMLAKI,SXK,108.60,"18,798.57","18,849.24",120.20,
20221130081608pdf_1-14 Desember 2022.pdf,72,BUDIARTO,CURUG,BTO,107.10,"18,486.93","18,536.76",109.19,
20221215020747pdf_15-31 Desember 2022.pdf,1,APT PRANOTO,SAMARINDA,AAP,104.00,"17,852.52","17,900.64",114.31,
20221215020747pdf_15-31 Desember 2022.pdf,2,PATTIMURA,AMBON,AMQ,105.20,"18,075.12","18,123.84",115.75,
20221215020747pdf_15-31 Desember 2022.pdf,3,SYAMSUDDIN NOOR,BANJARMASIN,BDJ,104.00,"17,852.52","17,900.64",114.31,
20221215020747pdf_15-31 Desember 2022.pdf,4,HUSEIN SASTRANEGARA,BANDUNG,BDO,101.30,"17,396.19","17,443.08",111.41,
20221215020747pdf_15-31 Desember 2022.pdf,5,FRANS KAISIEPO,BIAK,BIK,105.20,"18,075.12","18,123.84",115.75,
20221215020747pdf_15-31 Desember 2022.pdf,6,FATMAWATI SOEKARNOPUTRI,BENGKULU,BKS,102.00,"17,552.01","17,599.32",112.41,
20221215020747pdf_15-31 Desember 2022.pdf,7,M. SALAHUDDIN,BIMA,BMU,103.60,"17,796.87","17,844.84",113.97,
20221215020747pdf_15-31 Desember 2022.pdf,8,SEPINGGAN,BALIKPAPAN,BPN,102.50,"17,596.53","17,643.96",112.75,
20221215020747pdf_15-31 Desember 2022.pdf,9,HANG NADIM,BATAM,BTH,101.20,"15,656.83","15,703.66",100.30,
20221215020747pdf_15-31 Desember 2022.pdf,10,SULTAN ISKANDAR MUDA,BANDA ACEH,BTJ,101.90,"17,485.23","17,532.36",111.97,
20221215020747pdf_15-31 Desember 2022.pdf,11,SOEKARNO HATTA,CENGKARENG,CGK,88.50,"15,170.19","15,211.08",97.16,
20221215020747pdf_15-31 Desember 2022.pdf,12,TUNGGUL WULUNG,CILACAP,CXP,104.30,"17,908.17","17,956.44",114.64,
20221215020747pdf_15-31 Desember 2022.pdf,13,SULTAN THAHA,JAMBI,DJB,102.20,"17,596.53","17,643.96",112.64,
20221215020747pdf_15-31 Desember 2022.pdf,14,SENTANI,JAYAPURA,DJJ,105.30,"18,030.60","18,079.20",115.53,
20221215020747pdf_15-31 Desember 2022.pdf,15,NGURAH RAI,DENPASAR,DPS,103.20,"17,685.57","17,733.24",113.30,
20221215020747pdf_15-31 Desember 2022.pdf,16,PINANG KAMPAI,DUMAI,DUM,101.90,"17,485.23","17,532.36",111.97,
20221215020747pdf_15-31 Desember 2022.pdf,17,H. AROEBOESMAN,ENDE,ENE,103.60,"17,796.87","17,844.84",113.97,
20221215020747pdf_15-31 Desember 2022.pdf,18,JALALUDDIN,GORONTALO,GTO,104.50,"17,952.69","18,001.08",114.97,
20221215020747pdf_15-31 Desember 2022.pdf,19,HALIM PERDANAKUSUMA,JAKARTA,HLP,95.60,"16,394.49","16,438.68",105.07,
20221215020747pdf_15-31 Desember 2022.pdf,20,ADISUCIPTO,YOGYAKARTA,JOG,103.20,"17,707.83","17,755.56",113.41,
20221215020747pdf_15-31 Desember 2022.pdf,21,WOLTER MONGINSIDI,KENDARI,KDI,104.50,"17,952.69","18,001.08",114.97,
20221215020747pdf_15-31 Desember 2022.pdf,22,UTAROM,KAIMANA,KNG,105.20,"18,075.12","18,123.84",115.75,
20221215020747pdf_15-31 Desember 2022.pdf,23,ELTARI,KUPANG,KOE,100.80,"17,273.76","17,320.32",110.63,
20221215020747pdf_15-31 Desember 2022.pdf,24,LOMBOK INTERNATIONAL,MATARAM,LOP,103.50,"17,774.61","17,822.52",113.86,
20221215020747pdf_15-31 Desember 2022.pdf,25,BUBUNG,LUWUK,LUW,104.50,"17,952.69","18,001.08",114.97,
20221215020747pdf_15-31 Desember 2022.pdf,26,SAM RATULANGI,MANADO,MDC,104.50,"17,952.69","18,001.08",114.97,
20221215020747pdf_15-31 Desember 2022.pdf,27,POLONIA,MEDAN,MES,101.90,"17,485.23","17,532.36",111.97,
20221215020747pdf_15-31 Desember 2022.pdf,28,MOPAH,MERAUKE,MKQ,105.20,"18,075.12","18,123.84",115.75,
20221215020747pdf_15-31 Desember 2022.pdf,29,RENDANI,MANOKWARI,MKW,105.20,"18,075.12","18,123.84",115.75,
20221215020747pdf_15-31 Desember 2022.pdf,30,KERTAJATI,MAJALENGKA,KJT,94.90,"16,283.19","16,327.08",104.29,
20221215020747pdf_15-31 Desember 2022.pdf,31,ABDURACHMAN SALEH,MALANG,MLG,103.30,"17,741.22","17,789.04",113.64,
20221215020747pdf_15-31 Desember 2022.pdf,32,WAI OTI,MAUMERE,MOF,103.60,"17,796.87","17,844.84",113.97,
20221215020747pdf_15-31 Desember 2022.pdf,33,PANIAI,NABIRE,NBX,105.20,"18,075.12","18,123.84",115.75,
20221215020747pdf_15-31 Desember 2022.pdf,34,RANAI,NATUNA,NTX,101.90,"17,485.23","17,532.36",111.97,
20221215020747pdf_15-31 Desember 2022.pdf,35,PONDOK CABE,JAKARTA,PCB,103.60,"17,796.87","17,844.84",113.97,
20221215020747pdf_15-31 Desember 2022.pdf,36,MINANGKABAU,PADANG,PDG,101.90,"17,362.80","17,409.60",111.19,
20221215020747pdf_15-31 Desember 2022.pdf,37,DEPATI AMIR,PANGKAL PINANG,PGK,"101.50","17,429.58","17,476.56",111.63,
20221215020747pdf_15-31 Desember 2022.pdf,38,ISKANDAR,PANGKALAN BUN,PKN,104.00,"17,852.52","17,900.64",114.31,
20221215020747pdf_15-31 Desember 2022.pdf,39,SULTAN SYARIF KASIM II,PEKANBARU,PKU,101.90,"17,485.23","17,532.36",111.97,
20221215020747pdf_15-31 Desember 2022.pdf,40,TJILIK RIWUT,PALANGKARAYA,PKY,104.00,"17,852.52","17,900.64",114.31,
20221215020747pdf_15-31 Desember 2022.pdf,41,SULTAN MAHMUD BADARUDDIN II,PALEMBANG,PLM,101.50,"17,429.58","17,476.56",111.63,
20221215020747pdf_15-31 Desember 2022.pdf,42,MUTIARA,PALU,PLW,104.50,"17,952.69","18,001.08",114.97,
20221215020747pdf_15-31 Desember 2022.pdf,43,SUPADIO,PONTIANAK,PNK,104.00,"17,852.52","17,900.64",114.31,
20221215020747pdf_15-31 Desember 2022.pdf,44,H. ASAN,SAMPIT,SMQ,104.00,"17,852.52","17,900.64",114.31,
20221215020747pdf_15-31 Desember 2022.pdf,45,ADISUMARMO,SOLO,SOC,104.30,"17,908.17","17,956.44",114.64,
20221215020747pdf_15-31 Desember 2022.pdf,46,SORONG DARATAN,SORONG,SOQ,105.20,"18,075.12","18,123.84",115.75,
20221215020747pdf_15-31 Desember 2022.pdf,47,ACHMAD YANI,SEMARANG,SRG,102.60,"17,596.53","17,643.96",112.75,
20221215020747pdf_15-31 Desember 2022.pdf,48,JUANDA,SURABAYA,SUB,100.70,"17,251.50","17,298.00",110.52,
20221215020747pdf_15-31 Desember 2022.pdf,49,RADEN INTEN II,BANDAR LAMPUNG,TKG,100.60,"17,429.58","17,476.56",111.63,
20221215020747pdf_15-31 Desember 2022.pdf,50,KIJANG,TANJUNG PINANG,TNJ,102.50,"17,607.66","17,655.12",112.75,
20221215020747pdf_15-31 Desember 2022.pdf,51,JUWATA,TARAKAN,TRK,104.00,"17,852.52","17,900.64",114.31,
20221215020747pdf_15-31 Desember 2022.pdf,52,BABULLAH,TERNATE,TTE,105.20,"18,075.12","18,123.84",115.75,
20221215020747pdf_15-31 Desember 2022.pdf,53,HASANUDDIN,UJUNG PANDANG,UPG,104.10,"17,830.26","17,878.32",114.19,
20221215020747pdf_15-31 Desember 2022.pdf,54,MAU HAU,WAINGAPU,WGP,103.60,"17,796.87","17,844.84",113.97,
20221215020747pdf_15-31 Desember 2022.pdf,55,ISWAHYUDI,MADIUN,WIAR (ICAO),103.50,"17,808.00","17,856.00",114.08,
20221215020747pdf_15-31 Desember 2022.pdf,56,DUMATUBUN,TUAL,LUV,104.90,"18,030.60","18,079.20",115.53,
20221215020747pdf_15-31 Desember 2022.pdf,57,SILANGIT,SIBORONG-BORONG,DTB,101.40,"17,418.45","17,465.40",111.52,
20221215020747pdf_15-31 Desember 2022.pdf,58,KALIMARAU,BERAU,BEJ,104.00,"17,852.52","17,900.64",114.31,
20221215020747pdf_15-31 Desember 2022.pdf,59,KOMODO,LABUAN BAJO,LBJ,104.00,"17,874.78","17,922.96",114.42,
20221215020747pdf_15-31 Desember 2022.pdf,60,KUALANAMU,DELI SERDANG,KNO,101.60,"17,396.19","17,443.08",111.41,
20221215020747pdf_15-31 Desember 2022.pdf,61,TAMPA PADANG,MAMUJU,MJU,104.90,"18,008.34","18,056.88",115.31,
20221215020747pdf_15-31 Desember 2022.pdf,62,F.L. TOBING,PINANGSORI,FLZ,101.90,"17,485.23","17,532.36",111.97,
20221215020747pdf_15-31 Desember 2022.pdf,63,MOZES KILANGIN,TIMIKA,TIM,105.20,"18,075.12","18,123.84",115.75,
20221215020747pdf_15-31 Desember 2022.pdf,64,H.A.S. HANANDJOEDDIN,TANJUNG PANDAN,TJQ,102.10,"17,563.14","17,610.48",112.52,
20221215020747pdf_15-31 Desember 2022.pdf,65,BLIMBINGSARI,BANYUWANGI,BWX,103.60,"17,796.87","17,844.84",113.97,
20221215020747pdf_15-31 Desember 2022.pdf,66,TAMBOLAKA,SUMBA BARAT,TMC,103.60,"17,830.26","17,878.32",114.19,
20221215020747pdf_15-31 Desember 2022.pdf,67,BINAKA,GUNUNGSITOLI,GNS,101.90,"17,485.23","17,532.36",111.97,
20221215020747pdf_15-31 Desember 2022.pdf,68,KULONPROGO,YOGYAKARTA,YIA,103.20,"17,718.96","17,766.72",113.53,
20221215020747pdf_15-31 Desember 2022.pdf,69,KUABANG,HALMAHERA UTARA,KAZ,105.20,"18,108.51","18,157.32",115.97,
20221215020747pdf_15-31 Desember 2022.pdf,70,JENDERAL BESAR SOEDIRMAN,PURBALINGGA,PWL,104.30,"17,908.17","17,956.44",114.64,
20221215020747pdf_15-31 Desember 2022.pdf,71,MATHILDA BATLAYERI,SAUMLAKI,SXK,105.00,"18,130.77","18,179.64",116.09,
20221215020747pdf_15-31 Desember 2022.pdf,72,BUDIARTO,CURUG,BTO,103.50,"17,819.13","17,867.16",105.07,