Iata,Jumlah Penumpang
AAP,4087
AAP,25924
AAP,4398
AAP,35914
AAP,7228
AAP,2605
ABU,7234
ADD,1995
ADL,20564
AKL,8765
AMQ,9730
AMQ,1264
AMQ,6862
AMQ,1001
AMQ,2593
AMQ,2510
AMQ,1743
AMQ,7830
AMQ,581
AMQ,8465
AMQ,4371
AMQ,2657
AMQ,31117
ARD,7874
BDJ,23336
BDJ,3478
BDJ,97185
BDJ,7881
BDJ,7023
BDJ,6495
BDJ,18140
BDJ,86874
BDJ,8563
BDJ,3561
BDO,9299
BDO,30865
BDO,1303
BDO,19355
BDO,1529
BDO,7722
BDO,13191
BDO,7200
BEJ,30193
BIK,10565
BIK,2775
BIK,11440
BJW,7325
BJW,2873
BKI,876
BKK,38723
BKK,17127
BKS,1509
BKS,52549
BKS,3328
BKS,1260
BMU,8978
BMU,15828
BMU,1783
BNE,34541
BPN,102589
BPN,7158
BPN,2946
BPN,4815
BPN,2714
BPN,6804
BPN,2149
BPN,4650
BPN,9399
BPN,4935
BPN,3407
BPN,9169
BPN,85368
BPN,3280
BPN,34099
BPN,37938
BTH,101015
BTH,11314
BTH,4765
BTH,3436
BTH,8414
BTH,56660
BTH,1648
BTH,5402
BTH,34169
BTH,9053
BTH,44223
BTH,17640
BTH,21543
BTH,1283
BTH,7810
BTH,37476
BTH,2095
BTH,6540
BTH,2592
BTJ,27337
BTJ,28442
BTJ,19404
BTJ,2352
BTW,2714
BUU,4318
BUU,3206
BWX,15470
BWX,4744
BXB,13766
CAN,24445
CAN,41111
CAN,4862
CGK,10245
CGK,86746
CGK,17851
CGK,34352
CGK,363789
CGK,25578
CGK,43233
CGK,7605
CGK,5940
CGK,3776
CGK,57831
CGK,36738
CGK,42487
CGK,20193
CGK,110475
CGK,3486
CGK,22176
CGK,2838
CGK,1546
CGK,2906
CGK,282851
CGK,8810
CGK,229241
CGK,10752
CGK,11184
CGK,64591
CGK,16335
CGK,64793
CGK,28215
CGK,7721
CGK,6189
CGK,29931
CGK,16284
CGK,1049
CGK,32799
CGK,129371
CGK,6369
CGK,30464
CGK,95975
CGK,133492
CGK,33876
CGK,140391
CGK,21257
CGK,2197
CGK,159707
CGK,16929
CGK,10135
CGK,334069
CGK,5164
CGK,67260
CGK,23018
CGK,146047
CGK,7129
CGK,317744
CGK,20517
CGK,8390
CGK,1313
CGK,5177
CGK,44385
CGK,116352
CGK,17071
CGK,36291
CGK,8129
CGK,16324
CGK,231865
CGK,7762
CGK,5239
CNS,5778
CSX,5309
DEX,7970
DEX,2506
DIL,8801
DJB,2818
DJB,1903
DJB,2125
DJB,6142
DJB,1485
DJJ,16542
DJJ,1878
DJJ,6125
DJJ,4076
DJJ,16272
DJJ,23796
DJJ,1885
DJJ,38695
DJJ,30494
DJJ,1694
DOB,1443
DOH,56208
DPS,8785
DPS,36776
DPS,2824
DPS,1739
DPS,10445
DPS,55944
DPS,41024
DPS,17132
DPS,46707
DPS,8446
DPS,14001
DPS,9118
DPS,16151
DPS,167640
DPS,25965
DPS,59501
DPS,5936
DPS,67526
DPS,28272
DPS,5803
DPS,5791
DPS,14623
DPS,938
DPS,3566
DPS,23479
DPS,196727
DPS,19974
DPS,9538
DPS,133703
DPS,11992
DPS,65106
DPS,14812
DPS,6693
DPS,10459
DPS,32626
DPS,37004
DPS,6048
DPS,5693
DPS,773
DTB,1768
DTB,2985
DUM,2199
DUM,3882
ENE,12132
ENE,6920
ENE,2054
FLZ,6421
GNS,21619
GNS,2390
GTO,6776
GTO,1889
GTO,21827
HKG,15757
HLP,72287
HLP,42134
HLP,2888
HLP,4275
HLP,31194
HLP,25124
HLP,10704
HLP,42700
HLP,26775
HLP,32115
HLP,78420
HLP,5322
HLP,8762
HLP,5955
HLP,2845
JBB,2188
JED,4789
JED,26465
JHB,5834
JOG,10323
KBU,1381
KCH,10593
KDI,6322
KDI,65623
KDI,2922
KEI,182
KJT,7079
KJT,1944
KNG,968
KNG,2256
KNO,78394
KNO,3658
KNO,5228
KNO,3172
KNO,18275
KNO,58034
KNO,39256
KNO,15038
KNO,32457
KNO,2213
KNO,1297
KNO,2172
KOE,471
KOE,6111
KOE,1851
KOE,9814
KOE,1133
KOE,3738
KOE,268
KOE,46149
KOE,7267
KOE,2521
KOE,6229
KSR,3524
KTG,23156
KTG,2865
KUL,13551
KUL,24850
KUL,24915
KUL,12843
KUL,8293
KUL,3197
KUL,9221
KUL,60341
KUL,9774
LAH,3313
LBJ,2063
LBJ,637
LBJ,4999
LBJ,1613
LLJ,3038
LNU,4000
LOP,2730
LOP,64125
LOP,7908
LOP,3800
LUV,746
LUW,2916
LUW,5253
LUW,12354
MDC,2767
MDC,2486
MDC,2457
MDC,4761
MDC,14903
MDC,11534
MDC,12375
MDC,29868
MED,9102
MJU,8333
MKQ,954
MKQ,7774
MKW,815
MKW,14981
MKW,15913
MKZ,1652
MOF,4242
MOH,1990
MOH,3391
NBX,1304
NBX,5845
NNX,2001
NTI,60
OTI,3272
PDG,3315
PDG,5957
PEN,5799
PGK,22918
PGK,13197
PGQ,2713
PKU,2814
PKU,6631
PKU,9137
PKU,1397
PKU,2044
PKY,1603
PKY,23686
PKY,5170
PLM,6984
PLM,4566
PLM,14790
PLM,4912
PLM,1497
PLW,3647
PLW,2142
PLW,1741
PLW,36771
PNK,5780
PNK,6432
PNK,6637
PNK,28552
PNK,7129
PNK,6728
PSJ,1810
RAQ,3174
SIN,8329
SIN,71105
SIN,3281
SMQ,9066
SOQ,7219
SOQ,3783
SOQ,28584
SQN,640
SRG,18717
SRG,4738
SUB,1034
SUB,8761
SUB,103030
TIM,20528
TIM,1439
TJS,13
TRK,981
TRK,9627
TRK,2130
TTE,17127
UPG,3871
AAP,3524
AAP,23210
AAP,3603
AAP,32178
AAP,6162
AAP,1198
ABU,8328
ADD,1502
ADL,34165
AKL,5847
AMQ,9817
AMQ,1495
AMQ,7745
AMQ,803
AMQ,2874
AMQ,1068
AMQ,1207
AMQ,3614
AMQ,490
AMQ,5926
AMQ,3960
AMQ,2865
AMQ,31182
AMS,4061
ARD,7462
BDJ,22814
BDJ,3476
BDJ,98353
BDJ,4305
BDJ,6570
BDJ,4110
BDJ,15060
BDJ,74849
BDJ,7274
BDJ,889
BDO,12374
BDO,27946
BDO,4586
BDO,9613
BDO,1552
BDO,9774
BDO,14087
BDO,8631
BEJ,29851
BIK,12487
BIK,1912
BIK,11344
BJW,6550
BJW,2150
BKK,25452
BKK,15888
BKS,1096
BKS,51658
BKS,2970
BKS,1436
BMU,8991
BMU,15072
BMU,1846
BNE,48027
BPN,112512
BPN,3720
BPN,2466
BPN,3403
BPN,2345
BPN,5417
BPN,1784
BPN,4460
BPN,8658
BPN,3970
BPN,2095
BPN,7965
BPN,74835
BPN,3171
BPN,35595
BPN,35679
BTH,92928
BTH,9540
BTH,1943
BTH,2306
BTH,6386
BTH,49922
BTH,1447
BTH,6115
BTH,28420
BTH,6360
BTH,34741
BTH,14045
BTH,14331
BTH,1200
BTH,5634
BTH,32811
BTH,2703
BTH,5337
BTH,2040
BTJ,27380
BTJ,27981
BTJ,15329
BTJ,1923
BTW,2510
BUU,4245
BUU,3422
BWX,12863
BWX,5076
BXB,12342
CAN,2641
CAN,1523
CGK,9720
CGK,80862
CGK,14235
CGK,28567
CGK,302423
CGK,14987
CGK,37552
CGK,7147
CGK,21904
CGK,31030
CGK,34252
CGK,18065
CGK,88154
CGK,2899
CGK,22863
CGK,2484
CGK,1153
CGK,1
CGK,245737
CGK,8914
CGK,166788
CGK,9336
CGK,10552
CGK,67032
CGK,14263
CGK,57641
CGK,24762
CGK,6100
CGK,6574
CGK,39230
CGK,13973
CGK,26655
CGK,123930
CGK,774
CGK,22084
CGK,79428
CGK,120110
CGK,31307
CGK,141887
CGK,21235
CGK,835
CGK,142332
CGK,1363
CGK,7311
CGK,169342
CGK,5703
CGK,65315
CGK,21193
CGK,143365
CGK,6982
CGK,317469
CGK,15939
CGK,421
CGK,1060
CGK,3572
CGK,36249
CGK,115530
CGK,17026
CGK,27349
CGK,5998
CGK,14879
CGK,237258
CGK,6183
CNS,10838
DEX,5654
DEX,1823
DIL,5741
DJB,1840
DJB,1384
DJB,1681
DJB,6137
DJB,1141
DJJ,14529
DJJ,5585
DJJ,5612
DJJ,3177
DJJ,12029
DJJ,21970
DJJ,1784
DJJ,32617
DJJ,25133
DJJ,1793
DOB,1551
DOH,52010
DPS,14194
DPS,31445
DPS,5468
DPS,22710
DPS,30179
DPS,15420
DPS,40823
DPS,7667
DPS,9481
DPS,3890
DPS,13612
DPS,133430
DPS,19761
DPS,50886
DPS,4931
DPS,90269
DPS,23329
DPS,6013
DPS,12938
DPS,520
DPS,2382
DPS,1226
DPS,154187
DPS,17069
DPS,7943
DPS,106868
DPS,10687
DPS,69940
DPS,164
DPS,6840
DPS,8936
DPS,24923
DPS,37646
DPS,5538
DPS,204
DTB,1063
DTB,1945
DUM,1686
DUM,3741
ENE,11844
ENE,6252
ENE,1642
FLZ,5386
GNS,20867
GNS,1440
GTO,6839
GTO,1825
GTO,25957
HKG,5698
HLP,73261
HLP,35529
HLP,2929
HLP,3635
HLP,25634
HLP,21025
HLP,10305
HLP,37188
HLP,30159
HLP,39708
HLP,77420
HLP,1768
HLP,7615
HLP,5101
HLP,1313
JBB,2095
JED,4328
JED,26604
JED,5055
JHB,4365
JOG,11978
KBU,1291
KCH,7871
KDI,4945
KDI,67009
KDI,2901
KEI,200
KJT,3434
KJT,583
KNG,824
KNG,2544
KNO,40580
KNO,3749
KNO,4548
KNO,3039
KNO,15015
KNO,35468
KNO,33199
KNO,11800
KNO,15799
KNO,2369
KNO,1966
KNO,1569
KOE,1071
KOE,6805
KOE,2010
KOE,8148
KOE,1285
KOE,3343
KOE,175
KOE,41630
KOE,7087
KOE,2335
KOE,5935
KSR,3427
KTG,20648
KTG,2309
KUL,10890
KUL,20085
KUL,14928
KUL,8131
KUL,6503
KUL,2249
KUL,7596
KUL,43713
KUL,7733
LAH,2832
LBJ,1479
LBJ,507
LBJ,4037
LLJ,2946
LNU,3667
LOP,1719
LOP,54036
LOP,7197
LOP,1832
LUV,463
LUW,2918
LUW,5425
LUW,13694
MDC,3112
MDC,2258
MDC,3230
MDC,9312
MDC,10725
MDC,10185
MDC,28255
MED,8594
MJU,9158
MKQ,678
MKQ,6341
MKW,546
MKW,17010
MKW,11857
MKZ,2588
MOF,1684
MOH,2068
MOH,3237
NBX,995
NBX,4475
NNX,2275
NTI,57
OTI,3127
PDG,3030
PDG,4196
PEN,4959
PGK,20369
PGK,13968
PGQ,2609
PKU,2403
PKU,2844
PKU,6150
PKU,358
PKU,1201
PKY,1711
PKY,18541
PKY,4218
PLM,4543
PLM,3966
PLM,8301
PLM,5024
PLW,3109
PLW,2478
PLW,1696
PLW,36581
PNK,5608
PNK,5919
PNK,5408
PNK,24513
PNK,6284
PNK,6319
PSJ,2043
RAQ,3045
SIN,4898
SIN,40868
SIN,1828
SMQ,7808
SOQ,5952
SOQ,2061
SOQ,26208
SQN,508
SRG,19596
SRG,4336
SUB,867
SUB,6476
SUB,91842
TIM,16669
TIM,1554
TRK,802
TRK,7422
TRK,180
TTE,17458
UPG,1177
AAP,2305
AAP,16964
AAP,1674
AAP,29226
AAP,5902
AAP,595
ABU,6183
ADD,486
ADL,9282
AKL,4053
AMQ,9117
AMQ,1561
AMQ,5589
AMQ,862
AMQ,2511
AMQ,642
AMQ,1344
AMQ,3531
AMQ,535
AMQ,8392
AMQ,3751
AMQ,2268
AMQ,23709
AMS,9943
ARD,6563
BDJ,18312
BDJ,1958
BDJ,68720
BDJ,3348
BDJ,4633
BDJ,2572
BDJ,15464
BDJ,64385
BDJ,7482
BDJ,1845
BDO,11246
BDO,14148
BDO,3872
BDO,4319
BDO,1215
BDO,6794
BDO,11186
BDO,7009
BEJ,23576
BEJ,1042
BIK,9532
BIK,1142
BIK,8557
BJW,5297
BJW,2611
BKK,8014
BKK,7272
BKS,1868
BKS,45946
BKS,2098
BKS,1822
BMU,8435
BMU,12109
BMU,2164
BNE,19370
BPN,79768
BPN,2464
BPN,1504
BPN,1770
BPN,2262
BPN,5005
BPN,1437
BPN,3019
BPN,8142
BPN,2412
BPN,567
BPN,7251
BPN,71871
BPN,2280
BPN,35088
BPN,33241
BPN,2445
BTH,72224
BTH,9562
BTH,1101
BTH,2017
BTH,2812
BTH,50930
BTH,1504
BTH,4115
BTH,25998
BTH,6032
BTH,31767
BTH,13057
BTH,9906
BTH,1464
BTH,5921
BTH,42731
BTH,1748
BTH,6108
BTH,1873
BTH,1134
BTJ,18545
BTJ,29544
BTJ,7517
BTJ,1392
BTW,2014
BUU,3600
BUU,2089
BWX,13092
BWX,3580
BXB,15662
CGK,4284
CGK,68850
CGK,10151
CGK,190792
CGK,13767
CGK,21908
CGK,5295
CGK,11716
CGK,15050
CGK,8509
CGK,6672
CGK,17150
CGK,1303
CGK,14555
CGK,1407
CGK,888
CGK,197729
CGK,7874
CGK,82853
CGK,8717
CGK,8833
CGK,51959
CGK,4102
CGK,53319
CGK,3271
CGK,4499
CGK,4401
CGK,31307
CGK,6543
CGK,14468
CGK,108084
CGK,8637
CGK,57353
CGK,98568
CGK,24551
CGK,101683
CGK,17632
CGK,93587
CGK,2994
CGK,73928
CGK,3391
CGK,40622
CGK,15789
CGK,89284
CGK,4289
CGK,228231
CGK,10712
CGK,766
CGK,3651
CGK,32561
CGK,75193
CGK,14184
CGK,15746
CGK,3142
CGK,13434
CGK,188899
CGK,9984
CNS,3093
DEX,4724
DEX,1071
DIL,3573
DJB,1775
DJB,1912
DJB,2067
DJB,3177
DJB,1733
DJJ,10294
DJJ,3734
DJJ,4400
DJJ,2214
DJJ,8915
DJJ,16627
DJJ,1652
DJJ,24800
DJJ,19471
DJJ,1410
DOB,1229
DOH,40168
DPS,3311
DPS,22015
DPS,1764
DPS,10217
DPS,11491
DPS,9423
DPS,26634
DPS,4727
DPS,3646
DPS,10474
DPS,66531
DPS,19009
DPS,39339
DPS,2385
DPS,32628
DPS,11792
DPS,4977
DPS,9442
DPS,213
DPS,1395
DPS,79990
DPS,12657
DPS,4777
DPS,78592
DPS,9206
DPS,32919
DPS,5120
DPS,7479
DPS,5813
DPS,30867
DPS,4486
DPS,1449
DTB,1761
DTB,903
DUM,1889
DUM,2254
ENE,9994
ENE,4536
ENE,2573
FLZ,4394
GNS,21061
GNS,873
GTO,4239
GTO,2267
GTO,22686
HKG,3007
HLP,57497
HLP,30421
HLP,2247
HLP,4522
HLP,24909
HLP,21286
HLP,10733
HLP,33458
HLP,23989
HLP,31460
HLP,60116
HLP,2763
HLP,9290
HLP,5161
HLP,2250
JBB,1607
JED,2361
JED,5650
JED,1050
JHB,2360
JOG,15510
KBU,2352
KCH,3729
KDI,5620
KDI,52618
KDI,2181
KEI,280
KJT,607
KJT,59
KNG,546
KNG,1469
KNO,21648
KNO,2415
KNO,2175
KNO,13509
KNO,19006
KNO,26154
KNO,10471
KNO,6287
KNO,2149
KNO,2211
KNO,660
KOE,1952
KOE,5223
KOE,1945
KOE,6769
KOE,1240
KOE,2605
KOE,72
KOE,39012
KOE,6754
KOE,2145
KOE,5809
KSR,2361
KTG,16068
KTG,1959
KUL,6248
KUL,8958
KUL,7137
KUL,3388
KUL,2305
KUL,3568
KUL,23066
KUL,3277
LAH,2444
LBJ,2334
LBJ,984
LBJ,4980
LLJ,2099
LNU,2145
LOP,1207
LOP,50338
LOP,5238
LOP,765
LUV,451
LUW,2183
LUW,3493
LUW,13097
MDC,1812
MDC,1664
MDC,1799
MDC,6524
MDC,10631
MDC,7699
MDC,25580
MJU,7045
MKQ,628
MKQ,6008
MKW,15624
MKW,10199
MOF,1114
MOH,1671
MOH,2384
NBX,775
NBX,3198
NNX,2019
NTI,50
OTI,2465
PDG,1724
PDG,857
PDG,576
PEN,2126
PGK,16974
PGK,9618
PGQ,2609
PKU,2080
PKU,875
PKU,7022
PKU,340
PKU,2103
PKU,1386
PKY,2504
PKY,19990
PKY,4456
PLM,966
PLM,5262
PLM,3929
PLM,4561
PLW,3248
PLW,1914
PLW,1677
PLW,30448
PNK,5026
PNK,455
PNK,4447
PNK,5028
PNK,23899
PNK,5477
PNK,6869
PSJ,1934
RAQ,2658
SIN,2399
SIN,13414
SIN,693
SMQ,6827
SOQ,6503
SOQ,985
SOQ,25401
SQN,507
SRG,12954
SRG,4067
SUB,1478
SUB,5515
SUB,189
SUB,93538
TIM,13588
TIM,1007
TJS,18
TKG,653
TRK,368
TRK,8623
TTE,16925
UPG,2243
AAP,4057
AAP,12190
AAP,2366
ABU,1497
AMQ,3802
AMQ,937
AMQ,2058
AMQ,838
AMQ,605
AMQ,259
AMQ,309
AMQ,1021
AMQ,479
AMQ,9246
AMS,2279
ARD,2475
BDJ,3628
BDJ,275
BDJ,14121
BDJ,516
BDJ,369
BDJ,3133
BDJ,18827
BDJ,1557
BDJ,1108
BDO,1970
BDO,573
BDO,11
BDO,596
BDO,986
BDO,1198
BEJ,3141
BJW,2223
BJW,1068
BKK,436
BKS,6787
BKS,129
BKS,11
BMU,2465
BMU,3978
BMU,1225
BPN,17352
BPN,144
BPN,200
BPN,291
BPN,221
BPN,206
BPN,2637
BPN,21543
BPN,510
BPN,10867
BPN,9636
BPN,2615
BTH,19762
BTH,2453
BTH,199
BTH,14122
BTH,491
BTH,1483
BTH,7892
BTH,218
BTH,6572
BTH,3052
BTH,1996
BTH,840
BTH,3041
BTH,18324
BTH,2219
BTH,604
BTJ,2562
BTJ,5733
BTW,519
BUU,639
BUU,204
BWX,1915
BWX,929
BXB,20
CGK,13179
CGK,4424
CGK,20611
CGK,3043
CGK,331
CGK,148
CGK,2990
CGK,2415
CGK,5341
CGK,258
CGK,350
CGK,101
CGK,37248
CGK,2154
CGK,3975
CGK,364
CGK,922
CGK,14095
CGK,7790
CGK,632
CGK,3291
CGK,5275
CGK,25177
CGK,7565
CGK,20050
CGK,4443
CGK,13239
CGK,1028
CGK,17357
CGK,930
CGK,2604
CGK,187
CGK,7314
CGK,15
CGK,16254
CGK,166
CGK,34134
CGK,1075
CGK,42
CGK,3513
CGK,14851
CGK,2663
CGK,4239
CGK,302
CGK,1647
CGK,31636
CGK,15656
DJB,111
DJB,17
DJB,402
DJB,16
DJJ,50
DJJ,172
DOB,508
DOH,2773
DPS,1637
DPS,964
DPS,1107
DPS,5660
DPS,3602
DPS,1246
DPS,103
DPS,2892
DPS,685
DPS,16584
DPS,1256
DPS,200
DPS,3187
DPS,3125
DPS,2510
DPS,1187
DTB,73
DUM,28
DUM,217
ENE,1741
ENE,1845
ENE,1222
FLZ,861
GNS,5750
GTO,513
GTO,143
GTO,5401
HLP,1969
HLP,7034
HLP,204
HLP,347
HLP,6196
HLP,8684
HLP,931
HLP,7990
HLP,2952
HLP,3460
HLP,10953
HLP,151
HLP,1656
HLP,90
HLP,3689
JBB,56
JOG,4082
KBU,134
KDI,2272
KDI,12821
KDI,747
KNO,630
KNO,205
KNO,2161
KNO,3446
KNO,2312
KNO,295
KNO,280
KNO,4758
KOE,1679
KOE,1762
KOE,1144
KOE,9551
KOE,2862
KOE,847
KOE,2566
KSR,1184
KTG,4831
KTG,834
KUL,2005
LAH,632
LBJ,279
LBJ,127
LBJ,2918
LLJ,89
LNU,455
LOP,15447
LOP,1971
LOP,318
LUW,328
LUW,288
LUW,4029
MDC,148
MDC,80
MDC,3074
MDC,2421
MDC,5992
MJU,1619
MKW,646
MKW,3205
MOF,704
MOH,136
MOH,762
NNX,68
OTI,687
PDG,26
PGK,1105
PGK,529
PGQ,411
PKU,324
PKU,1931
PKU,201
PKU,3375
PKY,18
PKY,8361
PKY,144
PLM,729
PLM,925
PLM,217
PLM,808
PLW,1022
PLW,258
PLW,310
PLW,9078
PNK,1404
PNK,1621
PNK,315
PNK,2562
PNK,13518
PNK,647
PNK,3939
PSJ,123
RAQ,668
SMQ,43
SMQ,3058
SOQ,272
SOQ,2038
SQN,192
SRG,4107
SRG,1088
SUB,183
SUB,2080
SUB,27254
TJS,2
TKG,2235
TRK,261
TRK,700
TTE,7087
UPG,8532
AAP,426
AMQ,247
AMQ,15
AMQ,35
AMQ,189
AMQ,332
AMS,1149
BDJ,30
BDJ,2434
BDJ,1553
BDO,14
BEJ,541
BKK,170
BKS,308
BMU,16
BPN,5148
BPN,2792
BPN,707
BPN,965
BPN,684
BTH,3552
BTH,219
BTH,16
BTH,65
BTH,32
BTH,49
BTJ,951
BTJ,23
BWX,34
BXB,89
CGK,1099
CGK,1917
CGK,4312
CGK,1653
CGK,552
CGK,4115
CGK,525
CGK,411
CGK,498
CGK,6548
CGK,1609
CGK,98
CGK,1240
CGK,363
CGK,2470
CGK,2011
CGK,885
CGK,2984
CGK,748
CGK,3361
CGK,2314
CGK,1038
CGK,1431
CGK,2
CGK,367
CGK,1518
CGK,5501
CGK,318
CGK,221
CGK,1151
CGK,286
CGK,3024
CGK,159
CGK,6104
CGK,2593
DJJ,43
DJJ,69
DJJ,63
DPS,99
DPS,199
DPS,77
DPS,1147
DPS,25
JOG,4
KDI,1232
KNO,699
KNO,19
KNO,11
KOE,363
KUL,486
KUL,639
LOP,431
MDC,61
MDC,127
MKW,236
PLM,118
PNK,102
PNK,43
SMQ,30
SMQ,12
SOQ,660
SRG,324
SUB,131
SUB,1927
TIM,69
TTE,424
UPG,371
AAP,5032
AAP,6892
AAP,277
AAP,199
ABU,239
AMQ,185
AMQ,304
AMQ,73
AMQ,6946
AMS,1296
ARD,1226
BDJ,1138
BDJ,62
BDJ,11815
BDJ,53
BDJ,6292
BDJ,15749
BDJ,1771
BDJ,4701
BDO,95
BDO,678
BDO,166
BDO,1722
BDO,374
BEJ,7074
BEJ,445
BIK,263
BIK,1090
BJW,1872
BJW,911
BKK,110
BKS,182
BKS,6090
BMU,1529
BMU,1196
BPN,17891
BPN,46
BPN,37
BPN,4833
BPN,1495
BPN,23302
BPN,11122
BPN,11798
BPN,13510
BTH,22207
BTH,13085
BTH,903
BTH,620
BTH,5434
BTH,6509
BTH,2173
BTH,194
BTH,406
BTH,11666
BTH,1514
BTH,447
BTJ,3538
BTJ,4004
BTW,100
BWX,157
BWX,383
CGK,10195
CGK,3354
CGK,4547
CGK,12063
CGK,325
CGK,1009
CGK,3696
CGK,834
CGK,4645
CGK,162
CGK,133
CGK,594
CGK,43793
CGK,2802
CGK,255
CGK,7572
CGK,6782
CGK,347
CGK,766
CGK,502
CGK,3243
CGK,14792
CGK,8493
CGK,19921
CGK,5648
CGK,17050
CGK,24157
CGK,650
CGK,2748
CGK,1004
CGK,2083
CGK,1349
CGK,11582
CGK,301
CGK,29074
CGK,488
CGK,2562
CGK,7019
CGK,965
CGK,3474
CGK,1239
CGK,43398
CGK,13445
DJJ,389
DJJ,385
DJJ,333
DJJ,263
DJJ,27
DPS,126
DPS,1745
DPS,531
DPS,265
DPS,2
DPS,1439
DPS,755
DPS,154
DPS,627
DPS,542
DPS,323
DPS,237
ENE,557
ENE,370
ENE,980
FLZ,39
GNS,3057
GTO,38
GTO,2873
HLP,552
HLP,1437
HLP,1660
HLP,1905
HLP,2497
HLP,1239
HLP,944
HLP,2483
HLP,985
JOG,230
KBU,49
KDI,166
KDI,16257
KDI,558
KNO,2190
KNO,132
KNO,625
KNO,149
KNO,1397
KNO,89
KNO,90
KNO,2463
KOE,1030
KOE,1833
KOE,474
KOE,670
KOE,10157
KOE,2139
KOE,429
KOE,2245
KSR,16
KTG,1055
KTG,874
KUL,1997
LBJ,392
LBJ,433
LBJ,1859
LNU,32
LOP,6983
LOP,33
LUW,87
LUW,78
LUW,1951
MDC,51
MDC,973
MDC,466
MDC,8711
MKQ,498
MKW,3370
MKW,2135
MOF,805
MOH,260
PGK,957
PGK,585
PKU,3611
PKY,463
PLM,572
PLW,5221
PNK,177
PNK,1599
PNK,7817
PNK,141
RAQ,162
SMQ,353
SMQ,2744
SOQ,4951
SRG,432
SRG,1905
SUB,268
SUB,27241
TIM,2897
TTE,6600
UPG,8202
AAP,14191
AAP,13939
AAP,3116
AAP,4829
ABU,1004
AMQ,4814
AMQ,2093
AMQ,193
AMQ,82
AMQ,682
AMQ,866
AMQ,10618
AMS,1665
ARD,5143
BDJ,3367
BDJ,25897
BDJ,1220
BDJ,8428
BDJ,26080
BDJ,2655
BDJ,6714
BDO,362
BDO,915
BDO,437
BDO,3548
BDO,286
BEJ,12555
BIK,2382
BIK,3997
BJW,5281
BJW,1498
BKK,216
BKS,18162
BMU,2493
BMU,3312
BMU,3156
BPN,40870
BPN,9919
BPN,34722
BPN,131
BPN,26587
BPN,18314
BPN,17678
BTH,47063
BTH,259
BTH,26342
BTH,1544
BTH,1694
BTH,13558
BTH,15412
BTH,7934
BTH,291
BTH,19913
BTH,2303
BTH,364
BTJ,8363
BTJ,7045
BWX,3850
BWX,382
CGK,24619
CGK,6668
CGK,7905
CGK,36954
CGK,588
CGK,3517
CGK,4763
CGK,1459
CGK,6145
CGK,2801
CGK,861
CGK,4324
CGK,819
CGK,91128
CGK,5192
CGK,4522
CGK,675
CGK,19306
CGK,12593
CGK,699
CGK,109
CGK,773
CGK,218
CGK,3534
CGK,35642
CGK,23569
CGK,44014
CGK,12464
CGK,33918
CGK,56333
CGK,630
CGK,4055
CGK,1335
CGK,11579
CGK,4425
CGK,29163
CGK,57971
CGK,729
CGK,1461
CGK,8908
CGK,19384
CGK,6034
CGK,4734
CGK,2217
CGK,84865
CGK,30838
DEX,1984
DEX,481
DJB,188
DJJ,3233
DJJ,484
DJJ,1106
DJJ,1751
DJJ,873
DJJ,2445
DJJ,3131
DJJ,430
DOH,2414
DPS,2654
DPS,3170
DPS,4308
DPS,854
DPS,14872
DPS,226
DPS,829
DPS,3129
DPS,760
DPS,1786
DPS,688
DTB,289
DUM,8
DUM,57
ENE,6332
ENE,2726
ENE,2896
FLZ,651
GNS,8992
GTO,365
GTO,326
GTO,7574
HLP,1229
HLP,6901
HLP,7369
HLP,6312
HLP,367
HLP,9458
HLP,2936
HLP,3519
HLP,10292
HLP,3973
JBB,25
JED,22
JOG,1280
KBU,768
KDI,28663
KDI,2083
KEI,10
KNG,1074
KNO,2171
KNO,1019
KNO,201
KNO,2462
KNO,731
KNO,2711
KNO,156
KNO,716
KNO,126
KNO,453
KOE,997
KOE,4899
KOE,5976
KOE,1248
KOE,2850
KOE,20543
KOE,6368
KOE,1226
KOE,4712
KTG,6059
KTG,1210
KUL,1363
KUL,2896
LAH,402
LBJ,977
LBJ,5098
LLJ,300
LNU,118
LOP,18008
LOP,2838
LUW,676
LUW,735
LUW,5065
MDC,178
MDC,5557
MDC,3179
MDC,15801
MJU,1554
MKQ,639
MKQ,4410
MKW,10594
MKW,7949
MOF,2691
MOH,39
MOH,1532
NNX,6
PGK,3724
PGK,3889
PGQ,68
PKU,255
PKU,209
PKU,4172
PKY,766
PKY,11059
PKY,2657
PLM,106
PLW,74
PLW,11961
PNK,1115
PNK,2084
PNK,270
PNK,18375
RAQ,788
SIN,151
SMQ,386
SMQ,5061
SOQ,1000
SOQ,10914
SRG,1106
SRG,1803
SUB,370
SUB,51858
TIM,6629
TKG,808
TTE,12127
UPG,11973
AAP,18408
AAP,18459
AAP,2717
AAP,1742
ABU,1529
AMQ,5733
AMQ,205
AMQ,3580
AMQ,2728
AMQ,218
AMQ,1275
AMQ,1388
AMQ,17860
AMS,1409
ARD,5937
BDJ,5108
BDJ,33627
BDJ,1572
BDJ,11343
BDJ,36747
BDJ,2995
BDJ,8500
BDO,867
BDO,3303
BDO,2126
BDO,988
BDO,1394
BDO,976
BDO,2746
BDO,282
BDO,238
BEJ,15545
BIK,6104
BIK,7219
BJW,5979
BJW,2137
BKK,118
BKS,27181
BMU,3487
BMU,6857
BMU,2366
BPN,43328
BPN,13
BPN,12249
BPN,3243
BPN,44458
BPN,304
BPN,31942
BPN,30202
BPN,21890
BTH,50013
BTH,293
BTH,32635
BTH,1203
BTH,2053
BTH,18217
BTH,18982
BTH,12430
BTH,143
BTH,2076
BTH,24845
BTH,2427
BTH,240
BTH,3046
BTJ,8384
BTJ,8829
BWX,4020
BWX,149
BWX,1286
CGK,112
CGK,33242
CGK,6465
CGK,9178
CGK,78726
CGK,3135
CGK,6368
CGK,3333
CGK,1116
CGK,5245
CGK,4757
CGK,207
CGK,5084
CGK,796
CGK,105574
CGK,5502
CGK,3954
CGK,2839
CGK,9
CGK,28090
CGK,13967
CGK,472
CGK,809
CGK,1331
CGK,532
CGK,4158
CGK,52920
CGK,32472
CGK,52209
CGK,14945
CGK,47791
CGK,1517
CGK,85012
CGK,471
CGK,3888
CGK,1998
CGK,18940
CGK,5143
CGK,34086
CGK,87848
CGK,377
CGK,1618
CGK,14322
CGK,28312
CGK,6548
CGK,4365
CGK,2561
CGK,129679
CGK,43038
DEX,2109
DJB,62
DJB,169
DJJ,3186
DJJ,1276
DJJ,1070
DJJ,942
DJJ,5459
DJJ,1024
DJJ,4643
DJJ,3357
DJJ,741
DOB,241
DOH,841
DPS,7512
DPS,5827
DPS,9519
DPS,570
DPS,7048
DPS,1785
DPS,28381
DPS,279
DPS,865
DPS,4651
DPS,3719
DPS,2263
DPS,1641
DTB,49
DUM,15
DUM,176
ENE,7595
ENE,2976
ENE,2624
FLZ,1487
GNS,10776
GTO,384
GTO,14739
HLP,5340
HLP,16101
HLP,10984
HLP,12189
HLP,4103
HLP,11482
HLP,4667
HLP,6916
HLP,15611
HLP,1587
HLP,7512
JBB,25
JOG,2997
KBU,1131
KDI,39420
KDI,2656
KEI,262
KNG,10
KNG,1856
KNO,2006
KNO,1269
KNO,339
KNO,3055
KNO,678
KNO,6539
KNO,683
KNO,120
KNO,555
KNO,65
KOE,5731
KOE,1440
KOE,7567
KOE,1800
KOE,2675
KOE,24870
KOE,7509
KOE,1322
KOE,5901
KSR,1160
KTG,7970
KTG,1416
KUL,1370
KUL,217
KUL,2552
KUL,273
LAH,890
LBJ,917
LBJ,4835
LLJ,593
LNU,144
LOP,26019
LOP,3683
LUW,656
LUW,723
LUW,6010
MDC,385
MDC,34
MDC,2517
MDC,3763
MDC,28260
MJU,3327
MKQ,561
MKQ,5135
MKW,15060
MKW,12918
MOF,2879
MOH,27
MOH,2058
NBX,264
NNX,6
PGK,4247
PGK,4264
PGQ,247
PKU,227
PKU,122
PKU,6094
PKY,432
PKY,11444
PKY,3291
PLM,62
PLM,388
PLW,48
PLW,17598
PNK,1905
PNK,2555
PNK,663
PNK,2382
RAQ,1284
SIN,244
SMQ,405
SMQ,5884
SOQ,2391
SOQ,12835
SRG,2113
SRG,2980
SUB,515
SUB,70929
TIM,8473
TKG,1018
TTE,14628
UPG,16922
AAP,237
AAP,13191
AAP,15594
AAP,2412
AAP,86
ABU,1841
AMQ,6756
AMQ,789
AMQ,4348
AMQ,37
AMQ,2713
AMQ,105
AMQ,316
AMQ,938
AMQ,1118
AMQ,16200
AMS,2180
ARD,4869
BDJ,657
BDJ,6222
BDJ,29400
BDJ,1034
BDJ,10706
BDJ,33593
BDJ,2688
BDJ,7450
BDO,3303
BDO,10784
BDO,7728
BDO,3258
BDO,1834
BDO,822
BDO,2055
BDO,257
BDO,991
BEJ,14843
BIK,7079
BIK,7187
BJW,5328
BJW,2508
BKK,380
BKS,22563
BMU,3251
BMU,7796
BMU,1981
BPN,37147
BPN,921
BPN,758
BPN,9618
BPN,4558
BPN,37747
BPN,361
BPN,28102
BPN,27433
BPN,17788
BTH,40958
BTH,905
BTH,21
BTH,29661
BTH,1270
BTH,2570
BTH,13940
BTH,176
BTH,14156
BTH,9616
BTH,1356
BTH,87
BTH,2647
BTH,20053
BTH,1603
BTH,29
BTH,3620
BTJ,8867
BTJ,8347
BWX,3420
BWX,794
BWX,1493
BXB,6
CAN,320
CGK,26127
CGK,6930
CGK,5372
CGK,69444
CGK,4851
CGK,6477
CGK,384
CGK,4238
CGK,1086
CGK,5112
CGK,3429
CGK,1142
CGK,3054
CGK,800
CGK,87139
CGK,4673
CGK,3435
CGK,5071
CGK,7
CGK,24434
CGK,21737
CGK,245
CGK,886
CGK,1083
CGK,488
CGK,3408
CGK,35272
CGK,26566
CGK,39509
CGK,14982
CGK,41981
CGK,2353
CGK,64516
CGK,473
CGK,3995
CGK,1417
CGK,14405
CGK,5449
CGK,29271
CGK,78568
CGK,488
CGK,5
CGK,1264
CGK,11577
CGK,25044
CGK,7506
CGK,5143
CGK,2146
CGK,114075
CGK,34329
DEX,2905
DJB,59
DJJ,4514
DJJ,4424
DJJ,2618
DJJ,1707
DJJ,7861
DJJ,1337
DJJ,8440
DJJ,5474
DJJ,1086
DOB,825
DOH,216
DPS,7585
DPS,6713
DPS,14678
DPS,798
DPS,5981
DPS,2568
DPS,22599
DPS,998
DPS,4630
DPS,11575
DPS,2107
DPS,3067
DTB,30
DUM,53
ENE,8442
ENE,3474
ENE,1695
FLZ,1456
GNS,6658
GTO,910
GTO,25
GTO,14191
HLP,4587
HLP,12949
HLP,7841
HLP,7301
HLP,2024
HLP,7958
HLP,3816
HLP,2693
HLP,12038
HLP,1040
HLP,4139
JBB,67
JOG,2149
KBU,899
KDI,40712
KDI,2349
KEI,259
KNG,1778
KNO,1743
KNO,1116
KNO,241
KNO,1620
KNO,400
KNO,4419
KNO,1132
KNO,230
KNO,720
KOE,343
KOE,5198
KOE,438
KOE,6686
KOE,420
KOE,2472
KOE,22882
KOE,6170
KOE,1037
KOE,5316
KSR,1958
KTG,7543
KTG,967
KUL,1460
KUL,59
KUL,87
KUL,2131
KUL,189
LAH,1112
LBJ,741
LBJ,4814
LLJ,531
LNU,146
LOP,25619
LOP,3754
LUW,758
LUW,1008
LUW,6180
MDC,422
MDC,190
MDC,4326
MDC,27049
MJU,3433
MKQ,555
MKQ,5419
MKW,15362
MKW,12356
MOF,2375
MOH,481
MOH,2223
NBX,1279
NNX,6
PGK,6034
PGK,6748
PGQ,272
PKU,262
PKU,30
PKU,5347
PKY,9602
PKY,2882
PLM,1045
PLW,42
PLW,97
PLW,14480
PNK,1033
PNK,1981
PNK,237
RAQ,1121
SIN,483
SIN,11
SMQ,208
SMQ,4454
SOQ,1951
SOQ,12073
SRG,1506
SRG,2752
SUB,64264
TIM,11070
TKG,592
TTE,17961
UPG,16443
AAP,325
AAP,17153
AAP,18064
AAP,3426
ABU,1956
ADD,1120
AMQ,8910
AMQ,882
AMQ,5485
AMQ,2749
AMQ,365
AMQ,1706
AMQ,1812
AMQ,18403
AMS,2698
ARD,4275
BDJ,1411
BDJ,7551
BDJ,37460
BDJ,1396
BDJ,13166
BDJ,40531
BDJ,3174
BDJ,6886
BDO,4285
BDO,12584
BDO,737
BDO,9454
BDO,4535
BDO,2309
BDO,190
BDO,2181
BDO,296
BDO,457
BEJ,16603
BIK,6514
BIK,51
BIK,5157
BJW,6235
BJW,3217
BKK,555
BKS,24552
BMU,3100
BMU,9033
BMU,2172
BPN,37815
BPN,980
BPN,5817
BPN,5315
BPN,46676
BPN,311
BPN,27192
BPN,36299
BPN,19595
BTH,48778
BTH,1057
BTH,31630
BTH,1507
BTH,2961
BTH,14995
BTH,18747
BTH,12229
BTH,2503
BTH,3271
BTH,22021
BTH,1311
BTH,2824
BTJ,10756
BTJ,8323
BWX,5949
BWX,1101
BWX,1413
CAN,1500
CGK,28901
CGK,3191
CGK,9409
CGK,100595
CGK,6813
CGK,8740
CGK,1947
CGK,4616
CGK,1119
CGK,5628
CGK,5497
CGK,4442
CGK,4923
CGK,1002
CGK,102708
CGK,4872
CGK,2911
CGK,8044
CGK,104
CGK,28682
CGK,23514
CGK,272
CGK,60
CGK,1735
CGK,459
CGK,4325
CGK,45564
CGK,26684
CGK,49460
CGK,16996
CGK,48378
CGK,2523
CGK,68446
CGK,4711
CGK,1648
CGK,18257
CGK,4350
CGK,40119
CGK,96027
CGK,428
CGK,5
CGK,1442
CGK,13717
CGK,29642
CGK,8589
CGK,6742
CGK,2643
CGK,142963
CGK,46589
DEX,2943
DJJ,5975
DJJ,3015
DJJ,3377
DJJ,1764
DJJ,900
DJJ,9454
DJJ,1453
DJJ,23912
DJJ,6535
DJJ,978
DOB,883
DPS,7173
DPS,7456
DPS,18168
DPS,345
DPS,7029
DPS,3125
DPS,31968
DPS,623
DPS,5411
DPS,14481
DPS,2009
DPS,3599
ENE,7322
ENE,3509
ENE,1505
FLZ,1294
GNS,7157
GTO,1138
GTO,15569
HKG,399
HLP,5990
HLP,16572
HLP,12062
HLP,11538
HLP,1727
HLP,10812
HLP,4711
HLP,2614
HLP,15058
HLP,1396
HLP,3665
JOG,2913
KBU,1208
KDI,46208
KDI,2505
KEI,214
KNG,1324
KNO,2015
KNO,1163
KNO,88
KNO,1897
KNO,359
KNO,4412
KNO,1154
KNO,243
KNO,828
KOE,715
KOE,4141
KOE,6457
KOE,2334
KOE,22631
KOE,6093
KOE,974
KOE,6419
KSR,3024
KTG,8108
KTG,1091
KUL,1315
KUL,50
KUL,3887
KUL,228
LAH,1028
LBJ,5003
LLJ,546
LNU,78
LOP,31498
LOP,4403
LUW,60
LUW,52
LUW,3508
MDC,718
MDC,149
MDC,4627
MDC,28947
MJU,4275
MKQ,346
MKQ,4498
MKW,1830
MKW,12952
MKW,13625
MOF,2422
MOH,1154
MOH,1990
NBX,1618
PGK,7405
PGK,7757
PGQ,340
PKU,293
PKU,6004
PKY,11530
PKY,2933
PLM,903
PLW,7373
PNK,941
PNK,2693
PNK,211
RAQ,1123
SIN,1010
SIN,17
SMQ,5335
SOQ,751
SOQ,14612
SRG,2541
SRG,3364
SUB,73893
TIM,10185
TKG,1147
TTE,23862
UPG,17576
AAP,386
AAP,23934
AAP,18373
AAP,5268
ABU,2674
ADD,930
AMQ,10556
AMQ,1052
AMQ,5582
AMQ,27
AMQ,2700
AMQ,579
AMQ,72
AMQ,3308
AMQ,1968
AMQ,25062
AMS,2120
ARD,5427
BDJ,2745
BDJ,9204
BDJ,48675
BDJ,1955
BDJ,13934
BDJ,45904
BDJ,3995
BDJ,8040
BDO,5020
BDO,16748
BDO,991
BDO,11460
BDO,4918
BDO,4576
BDO,4484
BDO,1344
BEJ,21635
BEJ,427
BIK,8658
BIK,791
BIK,7574
BJW,6705
BJW,3419
BKK,528
BKS,30271
BMU,3889
BMU,10545
BMU,2057
BPN,51094
BPN,211
BPN,14082
BPN,8018
BPN,61178
BPN,845
BPN,29611
BPN,32853
BPN,23329
BTH,59445
BTH,3063
BTH,36875
BTH,1445
BTH,2971
BTH,16563
BTH,19090
BTH,12558
BTH,3025
BTH,3568
BTH,25265
BTH,2206
BTH,4133
BTJ,16654
BTJ,10924
BWX,9463
BWX,1181
BWX,1371
BXB,91
CAN,1815
CGK,40076
CGK,4991
CGK,9794
CGK,157146
CGK,7165
CGK,9432
CGK,1815
CGK,4835
CGK,1772
CGK,6367
CGK,7561
CGK,5610
CGK,7515
CGK,1272
CGK,142434
CGK,6453
CGK,4232
CGK,12232
CGK,1461
CGK,39277
CGK,30939
CGK,256
CGK,12737
CGK,1017
CGK,5922
CGK,72130
CGK,37686
CGK,66585
CGK,22725
CGK,71159
CGK,8510
CGK,83515
CGK,6487
CGK,1161
CGK,27649
CGK,6221
CGK,52909
CGK,136246
CGK,429
CGK,1973
CGK,19306
CGK,40938
CGK,9837
CGK,7043
CGK,415
CGK,4882
CGK,186393
CGK,71609
DEX,2992
DJJ,8263
DJJ,4159
DJJ,4387
DJJ,1958
DJJ,835
DJJ,11644
DJJ,1867
DJJ,28773
DJJ,8184
DJJ,1116
DOB,1036
DPS,9658
DPS,9825
DPS,24380
DPS,854
DPS,8553
DPS,4085
DPS,53426
DPS,895
DPS,6272
DPS,26440
DPS,2745
DPS,7176
ENE,7953
ENE,3354
ENE,1812
FLZ,1817
GNS,13744
GTO,2347
GTO,498
GTO,19208
HKG,526
HLP,7722
HLP,16203
HLP,476
HLP,8403
HLP,10907
HLP,574
HLP,9908
HLP,3805
HLP,4163
HLP,14433
HLP,1570
HLP,3889
JOG,3101
KBU,1364
KDI,54874
KDI,2978
KEI,25
KNG,14
KNG,1753
KNO,1223
KNO,1420
KNO,136
KNO,4414
KNO,466
KNO,6444
KNO,1303
KNO,303
KNO,1157
KNO,231
KOE,2536
KOE,4034
KOE,6666
KOE,768
KOE,2568
KOE,26996
KOE,6554
KOE,1006
KOE,6815
KSR,3479
KTG,10506
KTG,1461
KUL,1145
KUL,1681
LAH,1256
LBJ,6901
LLJ,620
LNU,108
LOP,36675
LOP,5593
LOP,2578
LUW,1628
LUW,2125
LUW,7735
MDC,1060
MDC,300
MDC,103
MDC,5167
MDC,36126
MJU,4971
MKQ,314
MKQ,4991
MKW,2536
MKW,17497
MKW,16755
MOF,3001
MOH,513
MOH,2892
NBX,1901
OJU,52
PGK,8669
PGK,10341
PGQ,397
PKU,507
PKU,7467
PKY,14726
PKY,4211
PLM,231
PLM,993
PLW,66
PLW,14368
PNK,1748
PNK,2296
PNK,445
PNK,3557
RAQ,1206
SIN,1113
SMQ,4635
SOQ,1238
SOQ,20375
SRG,3127
SRG,3804
SUB,650
SUB,86482
TIM,12829
TKG,1456
TRK,2758
TTE,24692
UPG,22669
AAP,451
AAP,23186
AAP,20170
AAP,6624
ABU,1918
ADD,1130
AMQ,11135
AMQ,990
AMQ,6250
AMQ,3155
AMQ,496
AMQ,3616
AMQ,3023
AMQ,2192
AMQ,25744
AMS,3558
ARD,5013
BDJ,3667
BDJ,10524
BDJ,48942
BDJ,1825
BDJ,14402
BDJ,45109
BDJ,3767
BDJ,9532
BDO,5290
BDO,19169
BDO,793
BDO,10169
BDO,5239
BDO,3962
BDO,3240
BDO,2324
BEJ,24809
BEJ,282
BIK,12247
BIK,1402
BIK,9171
BJW,5577
BJW,2552
BKK,541
BKS,30207
BMU,3317
BMU,10303
BMU,1996
BPN,58974
BPN,2542
BPN,562
BPN,14711
BPN,9030
BPN,64731
BPN,626
BPN,24459
BPN,35683
BPN,25155
BTH,62822
BTH,4567
BTH,43475
BTH,1620
BTH,2849
BTH,17067
BTH,27530
BTH,13536
BTH,4110
BTH,4324
BTH,26244
BTH,2559
BTH,4849
BTJ,17130
BTJ,14190
BUU,439
BWX,9784
BWX,1074
BWX,1212
CAN,1940
CGK,218
CGK,43236
CGK,7133
CGK,13901
CGK,212308
CGK,20338
CGK,15385
CGK,2183
CGK,4579
CGK,1938
CGK,7754
CGK,12571
CGK,4910
CGK,8716
CGK,1967
CGK,201912
CGK,7122
CGK,3984
CGK,14236
CGK,3272
CGK,53697
CGK,36349
CGK,453
CGK,7949
CGK,1672
CGK,7394
CGK,83286
CGK,42356
CGK,78497
CGK,22138
CGK,80865
CGK,13101
CGK,97146
CGK,10859
CGK,2223
CGK,24462
CGK,8314
CGK,53375
CGK,158874
CGK,619
CGK,4548
CGK,24124
CGK,49734
CGK,11061
CGK,4933
CGK,918
CGK,3852
CGK,181917
CGK,91430
DEX,4201
DJJ,11666
DJJ,5027
DJJ,6103
DJJ,2901
DJJ,7439
DJJ,2675
DJJ,21376
DJJ,2150
DJJ,29426
DJJ,10140
DJJ,1203
DOB,1390
DPS,10173
DPS,10895
DPS,21444
DPS,1524
DPS,1445
DPS,518
DPS,10408
DPS,4577
DPS,63855
DPS,810
DPS,7259
DPS,27044
DPS,4071
DPS,8842
ENE,9503
ENE,3305
ENE,1822
FLZ,2600
GNS,17475
GTO,2383
GTO,333
GTO,19618
HKG,648
HLP,5404
HLP,22744
HLP,1345
HLP,11192
HLP,10798
HLP,5157
HLP,9176
HLP,2791
HLP,2725
HLP,12065
HLP,237
HLP,454
HLP,2022
JOG,2539
KBU,1779
KDI,62821
KDI,3193
KEI,88
KNG,1833
KNO,1183
KNO,1658
KNO,415
KNO,5041
KNO,471
KNO,10359
KNO,2000
KNO,638
KNO,1617
KNO,4243
KOE,3593
KOE,4231
KOE,6444
KOE,1719
KOE,3644
KOE,28170
KOE,6821
KOE,991
KOE,8301
KSR,3611
KTG,13321
KTG,1894
KUL,794
KUL,1797
KUL,82
LAH,1356
LBJ,6888
LLJ,359
LNU,627
LOP,35706
LOP,5460
LOP,2826
LOP,5593
LUW,2334
LUW,2893
LUW,7864
MDC,1325
MDC,271
MDC,8078
MDC,1655
MDC,7890
MDC,32013
MJU,4552
MKQ,279
MKQ,5451
MKW,3446
MKW,19938
MKW,17935
MOF,3495
MOH,760
MOH,2791
NBX,2626
OJU,256
PGK,9510
PGK,9636
PGQ,387
PKU,476
PKU,9456
PKY,14056
PKY,4159
PLM,1685
PLW,354
PLW,37
PLW,14293
PNK,2730
PNK,2919
PNK,1195
PNK,4509
RAQ,1422
SIN,1273
SMQ,5742
SOQ,2182
SOQ,21771
SRG,2470
SRG,4476
SUB,4185
SUB,4542
SUB,83670
TIM,17166
TKG,511
TRK,8178
TTE,24071
UPG,24408
AAP,349
AAP,16819
AAP,19299
AAP,4540
ABU,1151
ADD,261
AMQ,68
AMQ,7747
AMQ,897
AMQ,3670
AMQ,14
AMQ,1863
AMQ,46
AMQ,235
AMQ,4087
AMQ,2173
AMQ,1171
AMQ,20620
AMS,796
ARD,2691
BDJ,851
BDJ,5854
BDJ,2242
BDJ,33195
BDJ,252
BDJ,2145
BDJ,268
BDJ,10389
BDJ,31682
BDJ,29
BDJ,3785
BDO,4686
BDO,11435
BDO,314
BDO,8699
BDO,3468
BDO,2646
BDO,2280
BDO,201
BEJ,15430
BEJ,639
BEJ,753
BIK,8162
BIK,1400
BIK,6590
BJW,3673
BJW,1894
BKK,1157
BKS,464
BKS,22556
BMU,1863
BMU,7325
BMU,1992
BNE,167
BPN,45075
BPN,2666
BPN,736
BPN,756
BPN,298
BPN,1181
BPN,10321
BPN,5751
BPN,44623
BPN,182
BPN,23841
BPN,29149
BPN,20315
BTH,53261
BTH,3292
BTH,43618
BTH,1331
BTH,1851
BTH,18787
BTH,20781
BTH,10651
BTH,4255
BTH,19421
BTH,43
BTH,2713
BTJ,12804
BTJ,12444
BTW,2647
BUU,167
BUU,145
BWX,4120
BWX,488
BWX,817
CAN,1852
CGK,462
CGK,29352
CGK,4423
CGK,9923
CGK,107991
CGK,16444
CGK,11400
CGK,589
CGK,4131
CGK,1362
CGK,5352
CGK,7778
CGK,6422
CGK,3098
CGK,990
CGK,167440
CGK,6148
CGK,4369
CGK,6018
CGK,2193
CGK,33997
CGK,27504
CGK,310
CGK,3864
CGK,1422
CGK,4529
CGK,56740
CGK,26478
CGK,60368
CGK,16418
CGK,47931
CGK,7852
CGK,57571
CGK,7734
CGK,542
CGK,15254
CGK,6457
CGK,34448
CGK,96750
CGK,403
CGK,642
CGK,3572
CGK,13283
CGK,31686
CGK,6651
CGK,3143
CGK,4011
CGK,132428
CGK,44334
DEX,3626
DJB,9
DJB,8
DJJ,8173
DJJ,3373
DJJ,6078
DJJ,8597
DJJ,5200
DJJ,16197
DJJ,1733
DJJ,27482
DJJ,13123
DJJ,675
DOB,880
DPS,5896
DPS,167
DPS,8653
DPS,9549
DPS,282
DPS,40
DPS,6074
DPS,1746
DPS,22328
DPS,599
DPS,4190
DPS,13954
DPS,1826
DPS,2988
DTB,747
ENE,6433
ENE,3000
ENE,1573
FLZ,1717
FOC,350
GNS,16743
GTO,755
GTO,21
GTO,13868
HLP,4372
HLP,20677
HLP,827
HLP,7191
HLP,9432
HLP,1825
HLP,8626
HLP,1169
HLP,886
HLP,3206
HLP,579
HLP,364
JOG,2083
KBU,932
KDI,46354
KDI,1488
KEI,237
KNG,1653
KNO,1490
KNO,1222
KNO,99
KNO,3426
KNO,584
KNO,7063
KNO,1601
KNO,320
KNO,4272
KOE,1158
KOE,2846
KOE,4147
KOE,907
KOE,1871
KOE,23217
KOE,4147
KOE,1178
KOE,5250
KSR,1335
KTG,6710
KTG,1173
KUL,1466
KUL,3412
KXB,4126
LAH,918
LBJ,113
LBJ,1247
LBJ,3957
LLJ,111
LNU,444
LOP,26358
LOP,3119
LUW,1446
LUW,1542
LUW,6369
MDC,501
MDC,50
MDC,9094
MDC,893
MDC,6390
MDC,24213
MJU,5698
MKQ,63
MKQ,5063
MKW,4071
MKW,16785
MKW,16437
MOF,2441
MOH,257
MOH,2773
NBX,2848
NNX,6
OJU,144
PGK,6013
PGK,4087
PKU,284
PKU,29
PKU,5649
PKY,12090
PKY,3909
PLM,63
PLM,336
PLW,103
PLW,11651
PNK,1304
PNK,1546
PNK,447
PNK,2475
RAQ,1369
SIN,1874
SMQ,5516
SOQ,1775
SOQ,19164
SRG,2668
SRG,3359
SUB,904
SUB,2663
SUB,71064
TIM,16554
TRK,4907
TRK,234
TRT,1774
TTE,18281
UPG,14321
AAP,308
AAP,15075
AAP,15206
AAP,1433
ABU,637
ADD,523
AMQ,425
AMQ,7715
AMQ,658
AMQ,3348
AMQ,121
AMQ,1531
AMQ,19
AMQ,166
AMQ,2418
AMQ,1759
AMQ,15667
AMS,565
ARD,1870
BDJ,5342
BDJ,1655
BDJ,35898
BDJ,2061
BDJ,7566
BDJ,28659
BDJ,1214
BDO,3720
BDO,7001
BDO,555
BDO,7231
BDO,3664
BDO,2674
BDO,2896
BEJ,14535
BEJ,1924
BIK,6066
BIK,1054
BIK,5437
BJW,2541
BJW,750
BKK,772
BKS,160
BKS,21454
BMU,1572
BMU,5476
BMU,1807
BNE,152
BPN,36493
BPN,1696
BPN,1355
BPN,488
BPN,1401
BPN,6616
BPN,4541
BPN,32130
BPN,23581
BPN,25915
BPN,15770
BTH,53746
BTH,174
BTH,34926
BTH,1429
BTH,2528
BTH,16106
BTH,16937
BTH,10708
BTH,3381
BTH,19009
BTH,401
BTJ,12588
BTJ,10334
BTW,2188
BWX,1528
BWX,249
BWX,326
CAN,1426
CGK,183
CGK,29344
CGK,2545
CGK,10021
CGK,76081
CGK,8964
CGK,9138
CGK,81
CGK,2612
CGK,1155
CGK,5143
CGK,6207
CGK,1668
CGK,8721
CGK,539
CGK,110650
CGK,7722
CGK,4426
CGK,2571
CGK,1998
CGK,25626
CGK,22442
CGK,171
CGK,4305
CGK,367
CGK,2942
CGK,40153
CGK,24457
CGK,49249
CGK,15540
CGK,41198
CGK,8865
CGK,48480
CGK,7238
CGK,15653
CGK,6007
CGK,29180
CGK,81057
CGK,370
CGK,245
CGK,2337
CGK,14155
CGK,24915
CGK,6473
CGK,2272
CGK,3210
CGK,117623
CGK,37765
DEX,3553
DJJ,7444
DJJ,2344
DJJ,3916
DJJ,6875
DJJ,4211
DJJ,12875
DJJ,926
DJJ,20659
DJJ,10967
DJJ,391
DOB,759
DPS,4469
DPS,152
DPS,8165
DPS,8407
DPS,3669
DPS,1482
DPS,19335
DPS,492
DPS,3279
DPS,11527
DPS,1135
DPS,897
ENE,3517
ENE,2539
ENE,905
FLZ,679
FOC,505
GNS,11926
GNS,888
GTO,337
GTO,12798
HLP,6717
HLP,21492
HLP,6889
HLP,14502
HLP,4334
HLP,12290
HLP,712
HLP,5038
HLP,1216
HLP,292
HLP,846
JOG,1659
KBU,1392
KDI,34069
KDI,1124
KEI,235
KNG,1609
KNO,1980
KNO,1156
KNO,3656
KNO,495
KNO,5744
KNO,1021
KNO,537
KNO,269
KNO,2986
KOE,426
KOE,1702
KOE,3043
KOE,1201
KOE,13472
KOE,3080
KOE,1055
KOE,3480
KSR,858
KTG,6140
KTG,784
KUL,1432
KUL,3126
KXB,3336
LAH,813
LBJ,1186
LBJ,734
LLJ,20
LNU,87
LOP,21778
LOP,2497
LUW,1056
LUW,1112
LUW,5781
MDC,294
MDC,5846
MDC,104
MDC,4839
MDC,21625
MJU,4189
MKQ,42
MKQ,3850
MKW,3788
MKW,14549
MKW,12336
MOF,1932
MOH,25
MOH,2530
NBX,2435
OJU,162
PGK,3223
PGK,3423
PKU,505
PKU,4565
PKY,9466
PKY,2925
PLM,199
PLW,30
PLW,10464
PNK,495
PNK,945
PNK,3203
RAQ,1314
SIN,2464
SMQ,5394
SOQ,621
SOQ,16248
SRG,1601
SRG,2623
SUB,1987
SUB,946
SUB,57461
TIM,16081
TRK,416
TRT,873
TTE,16988
UPG,11328
AAP,442
AAP,16470
AAP,19028
AAP,4463
AAP,2789
ABU,1163
ADD,523
AMQ,208
AMQ,10661
AMQ,933
AMQ,5283
AMQ,46
AMQ,1833
AMQ,102
AMQ,2979
AMQ,3921
AMQ,3109
AMQ,783
AMQ,19271
AMS,466
ARD,3472
BDJ,4538
BDJ,1535
BDJ,45136
BDJ,2887
BDJ,139
BDJ,9691
BDJ,39688
BDJ,3523
BDO,4281
BDO,10984
BDO,8397
BDO,3242
BDO,3327
BDO,3993
BEJ,18012
BEJ,2302
BIK,7037
BIK,1077
BIK,5895
BJW,3401
BJW,1812
BKK,844
BKS,22559
BMU,3434
BMU,6837
BMU,2316
BPN,49598
BPN,1269
BPN,1580
BPN,534
BPN,1406
BPN,7101
BPN,7065
BPN,42731
BPN,26293
BPN,28888
BPN,17261
BTH,65466
BTH,39526
BTH,1539
BTH,3343
BTH,17832
BTH,19995
BTH,12459
BTH,4409
BTH,415
BTH,23785
BTH,1495
BTH,734
BTJ,16189
BTJ,15598
BTW,2072
BWX,4546
BWX,652
BWX,1210
CAN,1838
CGK,39192
CGK,4184
CGK,11620
CGK,129566
CGK,10804
CGK,10688
CGK,1203
CGK,2827
CGK,1619
CGK,5318
CGK,8440
CGK,1514
CGK,14294
CGK,689
CGK,138147
CGK,12533
CGK,7405
CGK,5007
CGK,2611
CGK,37995
CGK,30328
CGK,103
CGK,7311
CGK,439
CGK,3099
CGK,53017
CGK,34318
CGK,62521
CGK,18838
CGK,53859
CGK,11652
CGK,69529
CGK,10246
CGK,18304
CGK,7326
CGK,45310
CGK,112994
CGK,380
CGK,1663
CGK,3837
CGK,19192
CGK,33891
CGK,11853
CGK,3193
CGK,520
CGK,4093
CGK,158762
CGK,53022
DEX,4436
DJJ,9085
DJJ,2499
DJJ,4298
DJJ,9302
DJJ,2906
DJJ,16595
DJJ,1441
DJJ,23182
DJJ,11340
DJJ,583
DOB,1009
DPS,7414
DPS,13059
DPS,15071
DPS,2259
DPS,8476
DPS,1561
DPS,32930
DPS,331
DPS,4004
DPS,18664
DPS,2601
DPS,1684
ENE,5631
ENE,3406
ENE,1048
FLZ,892
FOC,784
GNS,14577
GNS,288
GTO,1455
GTO,19102
HKG,700
HLP,8714
HLP,29429
HLP,10306
HLP,18062
HLP,8498
HLP,18480
HLP,6917
HLP,2336
HLP,20988
HLP,30
HLP,1826
HLP,4902
HLP,2118
HLP,4409
JOG,2779
KBU,2361
KDI,100
KDI,45231
KDI,1770
KEI,371
KNG,1917
KNO,2916
KNO,1494
KNO,5377
KNO,578
KNO,7924
KNO,212
KNO,654
KNO,106
KNO,2905
KOE,1365
KOE,2864
KOE,3256
KOE,214
KOE,1922
KOE,18062
KOE,3394
KOE,4455
KSR,1111
KTG,8234
KTG,862
KUL,2161
KUL,5476
KXB,5193
LAH,533
LBJ,776
LBJ,4580
LNU,287
LOP,29585
LOP,3307
LOP,115
LUW,1438
LUW,1830
LUW,8330
MDC,444
MDC,68
MDC,6296
MDC,6095
MDC,6645
MDC,23341
MJU,4376
MKQ,4788
MKW,4233
MKW,17281
MKW,14346
MOF,1769
MOH,300
MOH,3860
NBX,2382
NNX,55
NTI,57
OJU,173
OTI,928
PGK,7089
PGK,9429
PKU,291
PKU,5689
PKY,15545
PKY,2941
PLW,120
PLW,18915
PNK,746
PNK,1504
PNK,92
PNK,1609
PNK,194
RAQ,1582
SIN,4546
SMQ,7053
SOQ,19285
SRG,2782
SRG,3120
SUB,2724
SUB,1166
SUB,70670
TIM,18018
TJS,11
TRK,5790
TRT,1473
TTE,19588
UPG,17921
AAP,687
AAP,16610
AAP,25483
AAP,3911
AAP,5009
ABU,1851
ADD,547
AMQ,75
AMQ,10660
AMQ,834
AMQ,5586
AMQ,91
AMQ,1596
AMQ,144
AMQ,3217
AMQ,6076
AMQ,2881
AMQ,1297
AMQ,19206
AMS,719
ARD,4021
BDJ,6404
BDJ,1540
BDJ,44202
BDJ,3544
BDJ,276
BDJ,14230
BDJ,46113
BDJ,6881
BDO,4587
BDO,13895
BDO,8103
BDO,3567
BDO,2810
BDO,3972
BEJ,20548
BEJ,3249
BIK,8500
BIK,1197
BIK,7005
BJW,4748
BJW,2282
BKK,529
BKS,25043
BMU,4108
BMU,6720
BMU,2334
BPN,54640
BPN,2150
BPN,1962
BPN,762
BPN,828
BPN,8795
BPN,8376
BPN,51472
BPN,29695
BPN,29928
BPN,19560
BTH,61586
BTH,37043
BTH,1515
BTH,3311
BTH,17511
BTH,20274
BTH,12352
BTH,4508
BTH,3138
BTH,25057
BTH,2294
BTH,46
BTH,2858
BTJ,15495
BTJ,16820
BTW,1864
BWX,5401
BWX,759
BWX,1944
BXB,6
CAN,1897
CGK,40638
CGK,4612
CGK,14676
CGK,145001
CGK,10032
CGK,13350
CGK,1380
CGK,3567
CGK,2482
CGK,7309
CGK,8325
CGK,1839
CGK,14941
CGK,675
CGK,140087
CGK,13848
CGK,8511
CGK,5839
CGK,2781
CGK,39868
CGK,35736
CGK,8073
CGK,2952
CGK,62080
CGK,43550
CGK,65993
CGK,18863
CGK,58471
CGK,11801
CGK,68766
CGK,13248
CGK,21164
CGK,7107
CGK,48862
CGK,126968
CGK,383
CGK,1574
CGK,4192
CGK,21225
CGK,39584
CGK,14290
CGK,3802
CGK,1661
CGK,6992
CGK,156018
CGK,63486
DEX,3784
DJJ,10098
DJJ,2439
DJJ,4509
DJJ,8402
DJJ,5492
DJJ,17841
DJJ,1419
DJJ,22904
DJJ,12031
DJJ,779
DOB,1164
DPS,9407
DPS,14729
DPS,16320
DPS,3033
DPS,9946
DPS,2397
DPS,44170
DPS,4432
DPS,19918
DPS,2402
DPS,2402
ENE,6981
ENE,3403
ENE,842
FLZ,1008
FOC,700
GNS,16233
GNS,802
GTO,1405
GTO,19203
HKG,1463
HLP,9136
HLP,30577
HLP,10773
HLP,15278
HLP,7101
HLP,21982
HLP,11040
HLP,2950
HLP,20410
HLP,241
HLP,1592
HLP,5747
HLP,3590
HLP,2314
JOG,2425
KBU,2468
KDI,47955
KDI,1510
KEI,524
KNG,70
KNG,1879
KNO,3231
KNO,1442
KNO,5149
KNO,1017
KNO,8386
KNO,570
KNO,24
KNO,252
KNO,3925
KOE,1603
KOE,3548
KOE,52
KOE,3526
KOE,1158
KOE,2364
KOE,20715
KOE,2251
KOE,25
KOE,5772
KSR,1265
KTG,8914
KTG,118
KUL,2240
KUL,10425
KXB,5370
LAH,567
LBJ,1565
LBJ,3335
LLJ,181
LNU,347
LOP,29696
LOP,3565
LUW,1839
LUW,1998
LUW,9079
MDC,503
MDC,204
MDC,6787
MDC,7215
MDC,5750
MDC,23732
MJU,4037
MKQ,5421
MKW,3233
MKW,19430
MKW,14762
MOF,2580
MOH,709
MOH,4030
NBX,3043
NNX,67
OJU,198
OTI,1618
PGK,7992
PGK,10541
PKU,706
PKU,7910
PKY,19654
PKY,3444
PLW,327
PLW,21036
PNK,383
PNK,274
PNK,30
PNK,9126
PNK,1322
RAQ,1734
SIN,5935
SMQ,6276
SOQ,21233
SRG,2684
SRG,3355
SUB,3718
SUB,89711
TIM,20191
TJS,25
TKG,136
TRK,4411
TRT,1605
TTE,20572
UPG,22221
AAP,14219
AAP,22912
AAP,4630
AAP,5238
ABU,1658
ADD,600
AMQ,93
AMQ,7552
AMQ,752
AMQ,3635
AMQ,98
AMQ,1364
AMQ,227
AMQ,2413
AMQ,5891
AMQ,2096
AMQ,1100
AMQ,14967
AMS,629
ARD,3164
BDJ,5651
BDJ,1145
BDJ,42914
BDJ,2433
BDJ,111
BDJ,12442
BDJ,47176
BDJ,7051
BDO,4297
BDO,14053
BDO,6388
BDO,3338
BDO,850
BDO,3257
BEJ,14370
BEJ,4117
BIK,6699
BIK,495
BIK,6199
BJW,4132
BJW,2036
BKK,410
BKS,20711
BMU,4252
BMU,4753
BMU,2031
BPN,51449
BPN,1961
BPN,1362
BPN,987
BPN,440
BPN,7896
BPN,6486
BPN,51473
BPN,24863
BPN,29183
BPN,17924
BTH,47169
BTH,28473
BTH,825
BTH,2045
BTH,14994
BTH,17213
BTH,9513
BTH,3924
BTH,3969
BTH,18043
BTH,2180
BTH,4854
BTJ,11211
BTJ,16389
BTW,1477
BWX,4379
BWX,660
BWX,1714
BXB,20
CAN,3429
CGK,34500
CGK,3923
CGK,14805
CGK,134284
CGK,8843
CGK,10524
CGK,748
CGK,3131
CGK,2841
CGK,6657
CGK,8188
CGK,1776
CGK,13981
CGK,854
CGK,133816
CGK,9811
CGK,5528
CGK,5212
CGK,2073
CGK,35760
CGK,27657
CGK,60
CGK,4941
CGK,148
CGK,4368
CGK,75834
CGK,39785
CGK,58284
CGK,11901
CGK,55403
CGK,8690
CGK,56976
CGK,14452
CGK,18636
CGK,5666
CGK,40679
CGK,108625
CGK,359
CGK,1373
CGK,3950
CGK,19220
CGK,43008
CGK,12788
CGK,1074
CGK,1122
CGK,6096
CGK,124032
CGK,52399
DEX,1733
DJJ,8936
DJJ,1867
DJJ,2854
DJJ,1026
DJJ,6574
DJJ,2901
DJJ,16075
DJJ,870
DJJ,19597
DJJ,4743
DJJ,453
DOB,705
DPS,7096
DPS,10747
DPS,13120
DPS,2082
DPS,7161
DPS,1975
DPS,39359
DPS,3035
DPS,13244
DPS,2242
DPS,3024
DTB,74
ENE,6168
ENE,2594
ENE,630
FLZ,716
FOC,417
GNS,11714
GNS,593
GTO,1367
GTO,14774
HKG,1059
HLP,5692
HLP,24334
HLP,7362
HLP,14209
HLP,5652
HLP,22925
HLP,9724
HLP,3418
HLP,18518
HLP,2396
HLP,3839
HLP,5621
HLP,3447
JOG,2064
KBU,2108
KDI,41010
KDI,1666
KEI,469
KNG,1182
KNO,2570
KNO,1112
KNO,32
KNO,6377
KNO,784
KNO,6586
KNO,472
KNO,134
KNO,4496
KOE,624
KOE,2652
KOE,2633
KOE,984
KOE,2195
KOE,20687
KOE,1489
KOE,5862
KSR,1100
KTG,6586
KTG,838
KUL,5954
KXB,4290
LAH,311
LBJ,1011
LBJ,4888
LLJ,308
LNU,281
LOP,26557
LOP,3420
LUW,1464
LUW,1783
LUW,7257
MDC,368
MDC,99
MDC,3
MDC,5718
MDC,5957
MDC,4847
MDC,19972
MJU,3100
MKQ,3686
MKW,1887
MKW,12366
MKW,11408
MOF,1905
MOH,427
MOH,2646
NBX,2292
NNX,73
OJU,191
OTI,867
PDG,15
PGK,6719
PGK,7453
PKU,927
PKU,6224
PKY,10191
PKY,2927
PLW,125
PLW,17653
PNK,691
PNK,891
PNK,18
PNK,7455
PNK,1433
RAQ,1903
SIN,4544
SMQ,3349
SOQ,14428
SRG,2021
SRG,2832
SUB,3085
SUB,83084
TIM,17770
TJS,11
TRK,3877
TRT,1423
TTE,16621
UPG,17260
AAP,535
AAP,21639
AAP,32449
AAP,6830
AAP,7416
ABU,2792
ADD,636
AMQ,184
AMQ,11597
AMQ,1285
AMQ,6540
AMQ,27
AMQ,2077
AMQ,444
AMQ,3347
AMQ,7161
AMQ,3691
AMQ,1780
AMQ,22435
AMS,761
ARD,5124
BDJ,7471
BDJ,2435
BDJ,58524
BDJ,3564
BDJ,568
BDJ,15725
BDJ,65671
BDJ,8977
BDO,5158
BDO,23711
BDO,12530
BDO,4676
BDO,1176
BDO,4236
BEJ,23144
BEJ,7942
BIK,8585
BIK,799
BIK,8197
BJW,6569
BJW,3235
BKK,393
BKS,28897
BMU,5896
BMU,8011
BMU,3129
BPN,65217
BPN,3898
BPN,40
BPN,279
BPN,1122
BPN,10948
BPN,8586
BPN,72642
BPN,93
BPN,35848
BPN,40467
BPN,25272
BTH,66613
BTH,43373
BTH,1611
BTH,3411
BTH,20522
BTH,25822
BTH,12255
BTH,5509
BTH,1517
BTH,27452
BTH,1812
BTH,5421
BTJ,10966
BTJ,20335
BTW,2957
BWX,5694
BWX,854
BWX,2661
BXB,106
CAN,2027
CGK,48412
CGK,5700
CGK,20112
CGK,224916
CGK,13912
CGK,14438
CGK,885
CGK,2937
CGK,3483
CGK,7996
CGK,10800
CGK,1436
CGK,19227
CGK,369
CGK,174006
CGK,15079
CGK,3717
CGK,9356
CGK,3167
CGK,50625
CGK,38794
CGK,71
CGK,6287
CGK,173
CGK,4386
CGK,91811
CGK,51229
CGK,74867
CGK,21691
CGK,72889
CGK,12854
CGK,71569
CGK,16647
CGK,1083
CGK,26121
CGK,6011
CGK,51091
CGK,139563
CGK,445
CGK,1234
CGK,6880
CGK,24361
CGK,52565
CGK,16537
CGK,1484
CGK,1150
CGK,11089
CGK,181164
CGK,76166
DEX,3287
DJJ,13464
DJJ,2724
DJJ,5282
DJJ,1547
DJJ,11368
DJJ,7070
DJJ,24654
DJJ,1005
DJJ,30327
DJJ,10906
DJJ,1053
DOB,1252
DPS,10535
DPS,17912
DPS,20436
DPS,3347
DPS,11057
DPS,3123
DPS,74394
DPS,5095
DPS,21886
DPS,3828
DPS,5556
ENE,10379
ENE,3917
ENE,1777
FLZ,1145
FOC,652
GNS,19304
GNS,1117
GTO,2360
GTO,22091
HKG,1172
HLP,7987
HLP,31951
HLP,12193
HLP,20681
HLP,9270
HLP,25837
HLP,649
HLP,11178
HLP,3418
HLP,28968
HLP,2864
HLP,4248
HLP,7075
HLP,4982
JOG,3612
KBU,2179
KDI,56847
KDI,2661
KEI,645
KNG,2408
KNO,913
KNO,2239
KNO,8007
KNO,496
KNO,8874
KNO,548
KNO,8
KNO,221
KNO,6805
KOE,880
KOE,3767
KOE,1212
KOE,4110
KOE,2639
KOE,3518
KOE,34639
KOE,4024
KOE,10228
KSR,1511
KTG,10247
KTG,1155
KUL,1848
KXB,6291
LAH,1304
LBJ,1441
LBJ,8288
LLJ,739
LNU,357
LOP,43342
LOP,4881
LUW,2264
LUW,3047
LUW,10553
MDC,740
MDC,140
MDC,98
MDC,8513
MDC,8022
MDC,7295
MDC,31586
MJU,4911
MKQ,8006
MKW,2710
MKW,21981
MKW,17305
MOF,3374
MOH,860
MOH,4031
NBX,3719
NNX,94
OJU,291
OTI,1732
PDG,144
PGK,10015
PGK,11166
PKU,1036
PKU,9068
PKY,25991
PKY,5985
PLW,348
PLW,416
PLW,25448
PNK,1229
PNK,1238
PNK,10886
PNK,2056
PSJ,293
PWL,250
RAQ,1681
SIN,2622
SMQ,5804
SOQ,25732
SRG,3253
SRG,3247
SUB,5282
SUB,115223
TIM,26661
TJS,23
TRK,6042
TRT,2386
TTE,23584
UPG,25460
AAP,336
AAP,5750
AAP,4942
AAP,962
AAP,834
ABU,283
ADD,787
AMQ,331
AMQ,2954
AMQ,475
AMQ,2528
AMQ,411
AMQ,188
AMQ,1614
AMQ,602
AMQ,1572
AMQ,1019
AMQ,8415
AMS,797
ARD,2033
BDJ,2351
BDJ,674
BDJ,18957
BDJ,399
BDJ,4740
BDJ,15560
BDJ,699
BDO,1209
BDO,2167
BDO,2201
BDO,1031
BDO,91
BDO,378
BEJ,8147
BEJ,781
BIK,7467
BIK,474
BIK,5842
BJW,2652
BJW,987
BKK,359
BKS,6335
BMU,542
BMU,3738
BMU,937
BPN,26515
BPN,742
BPN,58
BPN,1018
BPN,292
BPN,20869
BPN,11232
BPN,16393
BPN,6474
BTH,26512
BTH,20501
BTH,362
BTH,1374
BTH,10832
BTH,12682
BTH,5618
BTH,856
BTH,7314
BTH,958
BTJ,4647
BTJ,7914
BTW,810
BWX,487
BWX,96
BWX,209
BXB,16
CAN,343
CGK,161
CGK,11466
CGK,1959
CGK,17473
CGK,48418
CGK,4978
CGK,8099
CGK,965
CGK,3089
CGK,3596
CGK,5885
CGK,9413
CGK,1925
CGK,5251
CGK,59480
CGK,6721
CGK,4586
CGK,3383
CGK,301
CGK,16153
CGK,12890
CGK,300
CGK,865
CGK,159
CGK,5334
CGK,20843
CGK,12210
CGK,23029
CGK,4562
CGK,20402
CGK,1466
CGK,32344
CGK,11756
CGK,65
CGK,4914
CGK,793
CGK,10232
CGK,35913
CGK,341
CGK,875
CGK,867
CGK,2851
CGK,10412
CGK,4212
CGK,1458
CGK,66758
CGK,16982
DEX,2949
DJJ,5299
DJJ,1430
DJJ,3903
DJJ,1945
DJJ,4730
DJJ,5069
DJJ,13539
DJJ,1429
DJJ,15260
DJJ,4227
DJJ,793
DOB,384
DPS,780
DPS,4186
DPS,2108
DPS,1383
DPS,821
DPS,177
DPS,7375
DPS,2098
DPS,5939
DPS,274
DPS,135
ENE,5322
ENE,1844
ENE,1159
FLZ,177
GNS,10208
GNS,175
GTO,246
GTO,4039
HKG,906
HLP,1169
HLP,10408
HLP,841
HLP,2745
HLP,1041
HLP,3618
HLP,76
HLP,734
HLP,1303
HLP,255
HLP,1242
HLP,333
HLP,116
JOG,415
KBU,341
KDI,15233
KDI,427
KEI,515
KNG,253
KNO,137
KNO,186
KNO,1088
KNO,144
KNO,1325
KNO,443
KNO,39
KNO,55
KNO,615
KOE,348
KOE,558
KOE,617
KOE,3324
KOE,1508
KOE,701
KOE,9159
KOE,3429
KOE,4482
KSR,533
KTG,4659
KTG,651
KUL,318
KXB,1599
LAH,64
LBJ,109
LBJ,1130
LNU,156
LOP,9818
LOP,513
LUW,230
LUW,374
LUW,3571
MDC,57
MDC,94
MDC,3124
MDC,470
MDC,1668
MDC,9643
MJU,428
MKQ,2393
MKW,548
MKW,10841
MKW,2470
MOF,1087
MOH,68
MOH,728
NBX,1286
NNX,43
OJU,64
OTI,67
PGK,6191
PGK,6817
PKU,94
PKU,2632
PKY,3382
PLW,60
PLW,10324
PNK,252
PNK,622
PNK,414
PNK,203
PWL,39
RAQ,334
SIN,4511
SMQ,1190
SOQ,13159
SRG,517
SRG,1256
SUB,31721
TIM,13045
TJS,16
TRK,1919
TRT,478
TTE,10290
UPG,3576
AAP,110
AAP,5639
AAP,4565
ADD,657
AMQ,4550
AMQ,5893
AMQ,533
AMQ,3142
AMQ,53
AMQ,665
AMQ,69
AMQ,897
AMQ,1433
AMQ,407
AMQ,9872
AMS,905
ARD,2438
BDJ,2191
BDJ,21806
BDJ,6658
BDJ,15466
BDO,880
BDO,1870
BDO,1893
BEJ,9200
BIK,5404
BIK,438
BIK,4252
BJW,4519
BJW,2000
BKK,418
BKS,8734
BMU,4255
BMU,551
BPN,39626
BPN,123
BPN,24889
BPN,10353
BPN,12023
BPN,12487
BTH,38754
BTH,13323
BTH,1215
BTH,5944
BTH,23
BTH,6080
BTH,3697
BTH,8981
BTJ,2208
BTJ,10076
BWX,914
BXB,130
CGK,603
CGK,12757
CGK,1740
CGK,17047
CGK,57157
CGK,5902
CGK,5918
CGK,604
CGK,2012
CGK,2687
CGK,5924
CGK,8976
CGK,2076
CGK,6794
CGK,45
CGK,75485
CGK,9956
CGK,6555
CGK,2121
CGK,20456
CGK,17028
CGK,4004
CGK,302
CGK,6630
CGK,26201
CGK,17036
CGK,29668
CGK,9016
CGK,25566
CGK,1151
CGK,51846
CGK,6979
CGK,8412
CGK,1012
CGK,18889
CGK,58657
CGK,288
CGK,1355
CGK,1117
CGK,9238
CGK,5957
CGK,1033
CGK,88453
CGK,24865
DJJ,4366
DJJ,717
DJJ,2475
DJJ,1682
DJJ,2399
DJJ,2093
DJJ,10242
DJJ,957
DJJ,12442
DJJ,3713
DJJ,470
DOB,617
DPS,230
DPS,2998
DPS,2160
DPS,1579
DPS,164
DPS,10685
DPS,662
DPS,4370
DPS,145
ENE,5282
ENE,2345
ENE,1607
EWE,469
GNS,6817
GTO,3489
HKG,617
HLP,3411
HLP,9449
HLP,2079
HLP,13
HLP,339
HLP,2848
HLP,1265
HLP,798
KDI,15574
KDI,185
KEI,75
KNG,650
KNO,1547
KNO,279
KNO,55
KOE,311
KOE,2046
KOE,337
KOE,4128
KOE,2003
KOE,46
KOE,14402
KOE,4085
KOE,5014
KTG,5682
KTG,145
KUL,149
KXB,100
LNU,22
LOP,10728
LUW,3968
MDC,54
MDC,2131
MDC,1045
MDC,10699
MKQ,2059
MKW,15725
MOF,2484
MOH,518
NBX,1054
NNX,7
PGK,1162
PGK,4881
PKU,2087
PKY,5788
PLW,12858
PNK,38
PNK,538
PNK,234
SIN,5710
SMQ,1120
SOQ,17397
SRG,1030
SUB,39539
TIM,10900
TJS,1
TTE,13856
UPG,3143
AAP,133
AAP,14031
AAP,9066
ABU,43
ADD,530
AMQ,6467
AMQ,12387
AMQ,878
AMQ,6750
AMQ,84
AMQ,1729
AMQ,192
AMQ,1848
AMQ,2693
AMQ,934
AMQ,11737
AMS,639
ARD,3518
BDJ,4408
BDJ,34245
BDJ,59
BDJ,9290
BDJ,21848
BDO,1672
BDO,4022
BDO,2315
BDO,186
BDO,166
BDO,157
BDO,1881
BEJ,12356
BEJ,250
BIK,9034
BIK,887
BIK,8185
BJW,5664
BJW,2478
BKK,587
BKS,16138
BMU,502
BMU,6944
BMU,1407
BPN,52357
BPN,673
BPN,827
BPN,28210
BPN,15391
BPN,15404
BPN,15973
BTH,53632
BTH,20489
BTH,762
BTH,3294
BTH,9156
BTH,11163
BTH,3391
BTH,751
BTH,15610
BTJ,9321
BTJ,7367
BWX,1502
BWX,273
BWX,13
BXB,160
CGK,1339
CGK,23613
CGK,7345
CGK,18547
CGK,132029
CGK,8168
CGK,10812
CGK,473
CGK,3122
CGK,3960
CGK,4986
CGK,9431
CGK,1316
CGK,11843
CGK,109426
CGK,13120
CGK,7896
CGK,5651
CGK,30238
CGK,25910
CGK,874
CGK,195
CGK,7126
CGK,35015
CGK,25245
CGK,50055
CGK,16197
CGK,40986
CGK,7504
CGK,55370
CGK,10756
CGK,1040
CGK,18698
CGK,2272
CGK,33364
CGK,92568
CGK,321
CGK,1151
CGK,5033
CGK,9678
CGK,18283
CGK,9111
CGK,2447
CGK,136606
CGK,47120
DEX,2699
DJJ,7928
DJJ,1921
DJJ,4184
DJJ,3956
DJJ,6682
DJJ,21563
DJJ,1278
DJJ,23695
DJJ,7375
DJJ,934
DOB,944
DPS,5967
DPS,9628
DPS,7649
DPS,1727
DPS,5581
DPS,748
DPS,30057
DPS,453
DPS,1399
DPS,9083
DPS,1248
DPS,729
ENE,8587
ENE,3338
EWE,1023
GNS,11721
GTO,104
GTO,8786
HKG,383
HLP,8501
HLP,13581
HLP,7601
HLP,6036
HLP,1254
HLP,7038
HLP,25
HLP,18942
HLP,2077
HLP,1204
JOG,1779
KBU,115
KDI,24244
KDI,1285
KEI,383
KNG,1694
KNO,786
KNO,38
KNO,258
KNO,130
KOE,205
KOE,3130
KOE,836
KOE,4004
KOE,2705
KOE,1818
KOE,18198
KOE,5355
KOE,7999
KTG,8578
KUL,946
KXB,56
LAH,177
LBJ,3133
LNU,23
LOP,16159
LOP,1293
LUW,7197
MDC,141
MDC,80
MDC,3065
MDC,2709
MDC,17799
MJU,130
MKQ,4588
MKW,19453
MKW,5322
MOF,2385
MOH,92
MOH,2910
NBX,2464
NNX,17
OTI,445
PGK,2862
PGK,6817
PKU,83
PKU,1802
PKY,8378
PLW,15061
PNK,602
PNK,6769
SIN,3412
SMQ,995
SOQ,196
SOQ,21069
SRG,820
SUB,91
SUB,55130
TIM,19031
TJS,6
TRT,46
TTE,17392
UPG,8079
AAP,114
AAP,16931
AAP,15610
ABU,193
ADD,594
AMQ,5011
AMQ,16852
AMQ,1224
AMQ,9047
AMQ,328
AMQ,1800
AMQ,401
AMQ,2573
AMQ,3532
AMQ,1589
AMQ,22125
AMS,673
ARD,4831
BDJ,5643
BDJ,48795
BDJ,1631
BDJ,13681
BDJ,34726
BDJ,1232
BDO,5367
BDO,13423
BDO,9646
BDO,777
BDO,516
BDO,6114
BEJ,17917
BIK,9904
BIK,628
BIK,8455
BJW,6685
BJW,2728
BKK,470
BKS,27890
BMU,2783
BMU,7496
BMU,634
BPN,71281
BPN,134
BPN,4177
BPN,47393
BPN,26933
BPN,25507
BPN,24026
BTH,75308
BTH,26234
BTH,1282
BTH,3907
BTH,11410
BTH,17147
BTH,326
BTH,4395
BTH,25280
BTJ,16166
BTJ,10675
BWX,2774
BWX,931
BWX,486
BXB,157
CGK,1978
CGK,35722
CGK,10282
CGK,18594
CGK,261814
CGK,9728
CGK,14404
CGK,431
CGK,4775
CGK,3332
CGK,5926
CGK,10568
CGK,1553
CGK,15682
CGK,160101
CGK,16111
CGK,12416
CGK,10028
CGK,1468
CGK,44251
CGK,31934
CGK,3652
CGK,263
CGK,5821
CGK,56202
CGK,39687
CGK,65641
CGK,23442
CGK,66773
CGK,15376
CGK,81584
CGK,19988
CGK,1428
CGK,30277
CGK,2456
CGK,48381
CGK,132295
CGK,249
CGK,1115
CGK,9330
CGK,18159
CGK,27692
CGK,11631
CGK,605
CGK,11171
CGK,185092
CGK,761
CGK,73889
DEX,2632
DJJ,11619
DJJ,3076
DJJ,3956
DJJ,10507
DJJ,5935
DJJ,27851
DJJ,1437
DJJ,30344
DJJ,8612
DJJ,1196
DOB,1240
DPS,8819
DPS,17957
DPS,15167
DPS,162
DPS,1885
DPS,10884
DPS,1890
DPS,56782
DPS,1157
DPS,3006
DPS,27792
DPS,3112
DPS,1965
ENE,10563
ENE,3782
EWE,1025
FLZ,265
GNS,15335
GTO,386
GTO,181
GTO,17808
HLP,9403
HLP,18537
HLP,9669
HLP,8181
HLP,6887
HLP,9283
HLP,30
HLP,27449
HLP,3818
HLP,4810
JOG,4709
KBU,2042
KDI,41004
KDI,1828
KEI,498
KNG,2122
KNO,585
KNO,2465
KNO,3934
KNO,102
KOE,3071
KOE,3483
KOE,1098
KOE,3751
KOE,3205
KOE,2303
KOE,28989
KOE,6083
KOE,9367
KSR,266
KTG,11109
KTG,630
KXB,2576
LAH,539
LBJ,8335
LNU,287
LOP,27882
LOP,3028
LUV,39
LUW,500
LUW,685
LUW,8927
MDC,159
MDC,5099
MDC,100
MDC,4147
MDC,34101
MJU,3732
MKQ,7781
MKW,1932
MKW,21402
MKW,9445
MOF,3014
MOH,938
MOH,3672
NBX,362
NBX,2465
NNX,81
OJU,44
OTI,1229
PGK,5665
PGK,11274
PKU,734
PKU,4330
PKY,14175
PLW,220
PLW,101
PLW,20149
PNK,315
PNK,1353
PNK,9366
PSJ,62
PWL,9
RAQ,395
SMQ,3308
SOQ,4004
SOQ,24898
SRG,922
SUB,81187
TIM,21262
TIM,180
TJS,11
TRT,1223
TTE,17742
UPG,18714
AAP,16982
AAP,23271
ABU,692
AMQ,324
AMQ,9009
AMQ,1343
AMQ,8271
AMQ,294
AMQ,2184
AMQ,370
AMQ,2705
AMQ,3631
AMQ,750
AMQ,32141
AMS,576
ARD,5262
BDJ,836
BDJ,7708
BDJ,172
BDJ,60589
BDJ,1475
BDJ,55
BDJ,3412
BDJ,15592
BDJ,49333
BDJ,8537
BDO,7194
BDO,19976
BDO,2149
BDO,11994
BDO,1371
BDO,851
BDO,4855
BDO,5963
BEJ,18389
BIK,10812
BIK,355
BIK,8995
BJW,4783
BJW,464
BKK,719
BKS,36254
BMU,4356
BMU,7169
BMU,3
BPN,84700
BPN,2457
BPN,2909
BPN,5534
BPN,55810
BPN,20825
BPN,29680
BPN,31163
BTH,87414
BTH,40103
BTH,1382
BTH,4192
BTH,18721
BTH,115
BTH,30130
BTH,7883
BTH,7806
BTH,32213
BTH,130
BTJ,16400
BTJ,15225
BTW,483
BWX,3833
BWX,27
BWX,37
BXB,163
CGK,3688
CGK,51432
CGK,11111
CGK,21187
CGK,312199
CGK,8512
CGK,20207
CGK,675
CGK,1157
CGK,4652
CGK,2920
CGK,7824
CGK,13645
CGK,1972
CGK,14708
CGK,202457
CGK,15469
CGK,16049
CGK,9670
CGK,65212
CGK,38843
CGK,9555
CGK,663
CGK,6483
CGK,72784
CGK,47663
CGK,85646
CGK,27036
CGK,90627
CGK,19174
CGK,95875
CGK,31345
CGK,2222
CGK,39436
CGK,7122
CGK,55170
CGK,157680
CGK,612
CGK,1703
CGK,6486
CGK,24440
CGK,44535
CGK,11422
CGK,3374
CGK,11518
CGK,206239
CGK,1286
CGK,94903
DEX,4136
DJB,127
DJJ,11418
DJJ,3171
DJJ,5287
DJJ,10705
DJJ,4188
DJJ,26330
DJJ,1211
DJJ,24705
DJJ,9474
DJJ,1179
DOB,1466
DPS,984
DPS,9720
DPS,19139
DPS,18470
DPS,12431
DPS,2477
DPS,72583
DPS,6527
DPS,38051
DPS,2841
DPS,2286
ENE,6787
ENE,3749
EWE,54
EWE,1363
FLZ,905
GNS,18030
GTO,1286
GTO,507
GTO,21202
HLP,9604
HLP,14455
HLP,8445
HLP,7402
HLP,6276
HLP,8090
HLP,31
HLP,34323
HLP,3528
HLP,2900
JOG,8939
KBU,3474
KDI,54625
KDI,2677
KEI,283
KNG,3045
KNO,1527
KNO,59
KNO,4157
KNO,5743
KNO,96
KNO,54
KOE,3062
KOE,2939
KOE,2649
KOE,5733
KOE,2763
KOE,2460
KOE,37041
KOE,6737
KOE,8030
KSR,504
KTG,13358
KTG,1066
KXB,4614
LAH,1073
LBJ,9156
LNU,275
LOP,38609
LOP,3700
LUW,1367
LUW,1526
LUW,8698
MDC,425
MDC,227
MDC,6682
MDC,3630
MDC,5074
MDC,36339
MJU,6115
MKQ,6973
MKW,1122
MKW,22060
MKW,13697
MNA,214
MOF,3227
MOH,2043
MOH,4431
NBX,1747
NBX,2977
NNX,99
OTI,1100
PGK,8596
PGK,13187
PKU,900
PKU,4869
PKY,16878
PLM,5414
PLW,583
PLW,66
PLW,23713
PNK,2226
PNK,1036
PNK,9846
PNK,2472
PSJ,34
PWL,46
RAQ,912
SMQ,5510
SOQ,5549
SOQ,20176
SRG,113
SRG,822
SUB,7091
SUB,91060
TIM,20307
TIM,446
TJS,134
TRK,6038
TRT,1267
TTE,18995
UPG,23955
AAP,19476
AAP,27393
ABU,1284
AMQ,712
AMQ,11220
AMQ,1241
AMQ,10107
AMQ,671
AMQ,3417
AMQ,471
AMQ,3321
AMQ,3743
AMQ,1642
AMQ,33428
AMS,767
ARD,5155
BDJ,7267
BDJ,1221
BDJ,69216
BDJ,956
BDJ,3890
BDJ,17785
BDJ,55115
BDJ,10044
BDO,8311
BDO,30602
BDO,3056
BDO,14990
BDO,2482
BDO,1308
BDO,4732
BDO,6771
BEJ,21026
BIK,17852
BIK,126
BIK,11752
BJW,5491
BKK,869
BKS,39781
BMU,3228
BMU,8034
BMU,22
BPN,90906
BPN,9094
BPN,952
BPN,952
BPN,2568
BPN,9351
BPN,48798
BPN,2203
BPN,13979
BPN,28321
BPN,30753
BTH,93533
BTH,859
BTH,45429
BTH,1482
BTH,4497
BTH,19282
BTH,1384
BTH,29723
BTH,6194
BTH,2885
BTH,30204
BTH,1438
BTJ,17895
BTJ,13836
BTW,1166
BUU,1498
BWX,5149
BWX,796
BWX,689
BXB,242
CAN,401
CAN,130
CGK,3818
CGK,58475
CGK,11577
CGK,20619
CGK,373333
CGK,17832
CGK,45011
CGK,920
CGK,2918
CGK,3167
CGK,3902
CGK,8235
CGK,13783
CGK,3359
CGK,16366
CGK,264694
CGK,15364
CGK,25741
CGK,17517
CGK,70732
CGK,43129
CGK,10764
CGK,1604
CGK,9383
CGK,96705
CGK,61934
CGK,103569
CGK,24909
CGK,105764
CGK,19045
CGK,118917
CGK,48969
CGK,1910
CGK,46110
CGK,7644
CGK,62756
CGK,180349
CGK,1131
CGK,1449
CGK,6849
CGK,29639
CGK,54935
CGK,12263
CGK,3246
CGK,12176
CGK,197107
CGK,1351
CGK,113898
DEX,6435
DJB,687
DJJ,13562
DJJ,3950
DJJ,6924
DJJ,13291
DJJ,5029
DJJ,27110
DJJ,1722
DJJ,26170
DJJ,11994
DJJ,1246
DOB,1579
DPS,7481
DPS,10013
DPS,16435
DPS,14976
DPS,14087
DPS,3370
DPS,86384
DPS,8777
DPS,40908
DPS,3381
DPS,3101
ENE,7183
ENE,3920
EWE,305
EWE,1596
FLZ,1862
GNS,19117
GTO,636
GTO,142
GTO,19125
HLP,8023
HLP,20964
HLP,8298
HLP,6269
HLP,6504
HLP,8296
HLP,86
HLP,29171
HLP,6805
HLP,1823
HLP,4598
JOG,6918
KBU,3400
KDI,52016
KDI,2943
KEI,559
KNG,2785
KNO,4
KNO,1923
KNO,556
KNO,5549
KNO,6404
KNO,11
KNO,47
KNO,226
KNO,4025
KOE,2596
KOE,3200
KOE,2409
KOE,8413
KOE,2680
KOE,2732
KOE,36192
KOE,8295
KOE,7187
KSR,669
KTG,13870
KTG,1528
KXB,6042
LAH,1368
LBJ,6273
LNU,432
LOP,33592
LOP,3900
LUW,1526
LUW,1883
LUW,9827
MDC,1330
MDC,623
MDC,8913
MDC,10743
MDC,7167
MDC,28741
MJU,5361
MKQ,7531
MKW,2363
MKW,20645
MKW,17458
MNA,902
MOF,3101
MOH,2229
MOH,3923
NBX,1680
NBX,2879
NNX,91
OTI,1876
PGK,10079
PGK,13357
PGQ,105
PKU,1635
PKU,7173
PKY,12161
PLM,6350
PLW,681
PLW,208
PLW,26172
PNK,1941
PNK,807
PNK,594
PNK,9783
PNK,532
PWL,66
RAQ,1072
SMQ,6445
SOQ,7554
SOQ,20638
SRG,2867
SUB,11221
SUB,82935
TIM,17330
TIM,949
TJS,29
TRK,8614
TRT,2028
TTE,19379
UPG,23335
AAP,2033
AAP,24442
AAP,29376
ABU,1352
AMQ,7072
AMQ,10649
AMQ,874
AMQ,5606
AMQ,538
AMQ,2831
AMQ,212
AMQ,3601
AMQ,2813
AMQ,1686
AMQ,29575
AMS,711
ARD,4427
BDJ,8005
BDJ,1767
BDJ,62762
BDJ,1553
BDJ,3755
BDJ,880
BDJ,
BDJ,56787
BDJ,10273
BDO,7913
BDO,29923
BDO,2638
BDO,14861
BDO,
BDO,239
BDO,4539
BDO,
BEJ,18098
BIK,
BIK,12566
BJW,3683
BKK,599
BKS,41259
BMU,3452
BMU,7803
BMU,231
BPN,83628
BPN,5861
BPN,881
BPN,117
BPN,630
BPN,971
BPN,2378
BPN,9444
BPN,54528
BPN,3213
BPN,11556
BPN,33645
BPN,31668
BTH,92022
BTH,1507
BTH,
BTH,1249
BTH,4347
BTH,21986
BTH,1341
BTH,32247
BTH,14066
BTH,2449
BTH,29106
BTH,1064
BTJ,16904
BTJ,10079
BTW,1506
BUU,2623
BWX,5543
BWX,348
BWX,256
BXB,251
CAN,793
CGK,3191
CGK,57857
CGK,8658
CGK,22697
CGK,324111
CGK,
CGK,
CGK,2619
CGK,1829
CGK,3281
CGK,2899
CGK,7273
CGK,11366
CGK,3854
CGK,10372
CGK,
CGK,10718
CGK,15762
CGK,12753
CGK,59324
CGK,36354
CGK,1157
CGK,1127
CGK,13491
CGK,1528
CGK,8343
CGK,104452
CGK,63719
CGK,109617
CGK,24548
CGK,99327
CGK,16941
CGK,135389
CGK,35788
CGK,1853
CGK,42742
CGK,7519
CGK,
CGK,170467
CGK,1098
CGK,1161
CGK,6428
CGK,28977
CGK,
CGK,12391
CGK,
CGK,2867
CGK,10949
CGK,175687
CGK,858
CGK,105762
CJN,10
DEX,4931
DJB,858
DJB,15
DJJ,11176
DJJ,5237
DJJ,4874
DJJ,2819
DJJ,13514
DJJ,4463
DJJ,23993
DJJ,1611
DJJ,29521
DJJ,16689
DJJ,796
DOB,1066
DPS,
DPS,10862
DPS,
DPS,15891
DPS,54
DPS,10592
DPS,2971
DPS,84449
DPS,9148
DPS,
DPS,3589
DPS,7418
ENE,8383
ENE,
EWE,263
EWE,1347
FLZ,2364
GNS,19629
GTO,762
GTO,35
GTO,18679
HLP,4134
HLP,12535
HLP,8158
HLP,4005
HLP,5264
HLP,6383
HLP,21475
HLP,3457
HLP,553
HLP,4302
JOG,7472
KBU,3524
KDI,54617
KDI,2128
KEI,495
KNG,2351
KNO,2018
KNO,950
KNO,5372
KNO,8381
KNO,867
KNO,411
KNO,4594
KOE,3292
KOE,2045
KOE,1592
KOE,
KOE,868
KOE,3417
KOE,33394
KOE,5268
KOE,5127
KSR,686
KTG,
KTG,1455
KUL,124
KXB,5983
LAH,1569
LBJ,
LNU,335
LOP,38298
LOP,3738
LUW,1769
LUW,
LUW,10448
MDC,43
MDC,1089
MDC,651
MDC,9687
MDC,9715
MDC,7198
MDC,
MJU,4349
MKQ,7555
MKW,2109
MKW,21625
MKW,15144
MNA,887
MOF,2902
MOH,2109
MOH,6294
NBX,1909
NBX,2784
NNX,4
OTI,1292
PGK,10261
PGK,10283
PGQ,188
PKU,1242
PKU,9708
PKY,201
PKY,661
PKY,15194
PLM,7088
PLW,832
PLW,213
PLW,26964
PNK,2214
PNK,998
PNK,1289
PNK,425
PNK,9561
RAQ,1229
SMQ,4976
SOQ,7187
SOQ,22591
SRG,64
SRG,1684
SUB,10544
SUB,94351
TIM,19953
TIM,583
TJS,9
TRK,8163
TRT,1709
TTE,20786
UPG,26548
AAP,3445
AAP,20117
AAP,22958
ABU,1018
AMQ,6398
AMQ,8505
AMQ,814
AMQ,5615
AMQ,2888
AMQ,355
AMQ,2709
AMQ,2386
AMQ,2585
AMQ,
AMS,474
ARD,3855
BDJ,6114
BDJ,2192
BDJ,45793
BDJ,1227
BDJ,2747
BDJ,701
BDJ,
BDJ,46266
BDJ,7359
BDO,5698
BDO,22737
BDO,2249
BDO,11139
BDO,
BDO,2872
BDO,5776
BEJ,
BIK,13796
BIK,9699
BJW,
BKK,522
BKS,
BMU,3078
BMU,
BMU,946
BPN,53982
BPN,
BPN,1154
BPN,1162
BPN,1424
BPN,6809
BPN,
BPN,2712
BPN,
BPN,30744
BPN,24009
BTH,70558
BTH,1251
BTH,41889
BTH,1001
BTH,3037
BTH,18832
BTH,1042
BTH,25559
BTH,12915
BTH,
BTH,25322
BTH,660
BTJ,14131
BTJ,7765
BTW,1452
BUU,1409
BWX,4658
BWX,155
BWX,186
BXB,171
CAN,948
CGK,4395
CGK,45189
CGK,3376
CGK,23387
CGK,199681
CGK,18828
CGK,18217
CGK,1867
CGK,1639
CGK,
CGK,2343
CGK,6924
CGK,10424
CGK,8307
CGK,12501
CGK,193835
CGK,8793
CGK,15652
CGK,7302
CGK,46021
CGK,25932
CGK,5983
CGK,953
CGK,17776
CGK,1381
CGK,4881
CGK,83267
CGK,52556
CGK,85836
CGK,20226
CGK,79421
CGK,16709
CGK,107312
CGK,35429
CGK,1736
CGK,28839
CGK,6547
CGK,41088
CGK,131792
CGK,1649
CGK,1042
CGK,2365
CGK,20661
CGK,
CGK,
CGK,3325
CGK,6553
CGK,8214
CGK,137865
CGK,713
CGK,75349
CJN,123
CPF,36
DEX,4753
DJB,560
DJJ,10071
DJJ,7443
DJJ,4442
DJJ,2237
DJJ,9531
DJJ,
DJJ,17808
DJJ,1161
DJJ,20825
DJJ,12821
DJJ,772
DOB,835
DPS,1686
DPS,7428
DPS,10529
DPS,13351
DPS,1702
DPS,40
DPS,2733
DPS,7439
DPS,1684
DPS,56542
DPS,6647
DPS,31601
DPS,2798
DPS,8534
ENE,7062
ENE,3529
EWE,288
EWE,1319
FLZ,1846
GNS,14626
GTO,409
GTO,67
GTO,15773
JOG,5111
KBU,2513
KDI,45408
KDI,
KEI,458
KNG,1972
KNO,1671
KNO,1155
KNO,
KNO,5918
KNO,649
KNO,719
KNO,3303
KOE,2717
KOE,1842
KOE,1357
KOE,4195
KOE,2942
KOE,24265
KOE,3448
KOE,3579
KSR,464
KTG,10968
KTG,606
KXB,4648
LAH,1063
LBJ,2124
LNU,218
LOP,31887
LOP,3328
LUW,1285
LUW,1457
LUW,8224
MDC,616
MDC,511
MDC,6288
MDC,4683
MDC,5739
MDC,23122
MJU,
MKQ,3998
MKW,2212
MKW,18769
MKW,10182
MNA,583
MOF,1424
MOH,1983
MOH,5589
NBX,287
NBX,2009
NTI,60
OTI,1194
PGK,8699
PGK,9433
PKU,674
PKU,9764
PKY,829
PKY,109
PKY,9652
PLM,3054
PLW,1021
PLW,20382
PNK,1732
PNK,1111
PNK,1051
PNK,2987
PNK,8533
RAQ,1268
SMQ,5371
SOQ,5144
SOQ,16337
SRG,26
SRG,1903
SUB,7148
SUB,78885
TIM,17318
TIM,125
TJS,6
TRK,6035
TRT,1085
TTE,17921
UPG,20535
AAP,4079
AAP,
AAP,26354
ABU,1759
ADD,3
AMQ,6757
AMQ,9115
AMQ,1228
AMQ,8818
AMQ,3376
AMQ,518
AMQ,3019
AMQ,4368
AMQ,3403
AMQ,34439
AMS,804
ARD,4501
BDJ,8488
BDJ,2745
BDJ,65487
BDJ,1471
BDJ,1822
BDJ,365
BDJ,19821
BDJ,69223
BDJ,436
BDJ,10268
BDO,
BDO,27235
BDO,3274
BDO,15869
BDO,2984
BDO,2855
BDO,6768
BEJ,17631
BIK,18489
BIK,16298
BJW,3678
BKK,1524
BKS,43744
BMU,4046
BMU,7981
BMU,1603
BPN,84596
BPN,3931
BPN,1803
BPN,1301
BPN,130
BPN,8237
BPN,
BPN,3597
BPN,9957
BPN,42352
BPN,27995
BTH,92605
BTH,1903
BTH,51474
BTH,1378
BTH,4261
BTH,19358
BTH,1356
BTH,33942
BTH,17644
BTH,2956
BTH,32685
BTH,1388
BTJ,
BTJ,13763
BTW,2261
BUU,1719
BWX,7214
BXB,285
CAN,510
CGK,6209
CGK,59355
CGK,7474
CGK,28616
CGK,315863
CGK,19564
CGK,34807
CGK,2931
CGK,2491
CGK,1901
CGK,4872
CGK,8256
CGK,15542
CGK,24008
CGK,21905
CGK,
CGK,9523
CGK,26305
CGK,17518
CGK,91938
CGK,346
CGK,37911
CGK,10362
CGK,
CGK,2875
CGK,10546
CGK,115222
CGK,67047
CGK,114065
CGK,29864
CGK,116088
CGK,16135
CGK,136514
CGK,4
CGK,58523
CGK,
CGK,
CGK,11095
CGK,57999
CGK,214909
CGK,1627
CGK,1085
CGK,33194
CGK,52333
CGK,12799
CGK,7488
CGK,8124
CGK,
CGK,227767
CGK,1233
CGK,97204
CJN,139
DEX,3666
DJB,797
DJJ,
DJJ,7376
DJJ,5403
DJJ,
DJJ,
DJJ,4929
DJJ,21543
DJJ,
DJJ,19602
DJJ,10435
DJJ,222
DOB,1486
DOH,897
DPS,1025
DPS,9647
DPS,2532
DPS,17081
DPS,21934
DPS,2982
DPS,337
DPS,14
DPS,22297
DPS,10572
DPS,1863
DPS,80226
DPS,343
DPS,9482
DPS,43436
DPS,3545
DPS,12625
ENE,8355
ENE,4211
EWE,246
EWE,1403
FLZ,3108
FOC,162
GNS,17059
GTO,1362
GTO,349
GTO,20563
JOG,6027
KBU,1813
KDI,
KDI,
KEI,327
KNG,2179
KNO,2348
KNO,1631
KNO,5416
KNO,8621
KNO,876
KNO,1133
KNO,3941
KOE,2381
KOE,2935
KOE,1949
KOE,5582
KOE,1095
KOE,2897
KOE,35633
KOE,
KOE,4295
KSR,816
KTG,10567
KTG,318
KUL,1309
KXB,
LAH,
LBJ,4347
LNU,107
LOP,
LOP,3908
LOP,2311
LUW,1473
LUW,1875
LUW,11487
MDC,1292
MDC,463
MDC,6246
MDC,
MDC,36506
MJU,3934
MKQ,2309
MKW,1672
MKW,29316
MKW,9078
MNA,988
MOF,3354
MOH,1803
MOH,7481
NBX,3097
NTI,64
OTI,1631
PGK,
PGK,12825
PKU,873
PKU,13501
PKY,
PLM,2603
PLW,990
PLW,
PNK,1843
PNK,
PNK,1241
PNK,3259
PNK,12186
RAQ,1342
SIN,1445
SMQ,6985
SOQ,2182
SOQ,26501
SRG,4295
SUB,10056
SUB,104132
TIM,
TIM,405
TRK,3347
TRT,1429
TTE,25548
UPG,27143
AAP,3769
AAP,23828
AAP,25196
ABU,
AMQ,6246
AMQ,11846
AMQ,940
AMQ,
AMQ,2888
AMQ,558
AMQ,2263
AMQ,2902
AMQ,3441
AMQ,28996
AMS,1559
ARD,
BDJ,7417
BDJ,1996
BDJ,68254
BDJ,
BDJ,3011
BDJ,12
BDJ,16713
BDJ,59877
BDJ,8428
BDO,4221
BDO,25918
BDO,1458
BDO,
BDO,991
BDO,2039
BDO,1433
BEJ,16013
BIK,17094
BIK,13474
BJW,2881
BKK,4325
BKS,37891
BMU,3044
BMU,7219
BMU,823
BPN,
BPN,3616
BPN,1587
BPN,1308
BPN,
BPN,8998
BPN,59616
BPN,3324
BPN,12457
BPN,33091
BPN,25548
BTH,98835
BTH,2155
BTH,46783
BTH,1284
BTH,4149
BTH,
BTH,907
BTH,
BTH,16855
BTH,2495
BTH,
BTH,841
BTJ,19829
BTJ,5656
BTW,1305
BUU,
BWX,7066
BXB,516
CAN,392
CGK,5604
CGK,64226
CGK,5629
CGK,26136
CGK,254339
CGK,21187
CGK,28611
CGK,2586
CGK,
CGK,2012
CGK,7248
CGK,13407
CGK,16853
CGK,35877
CGK,1143
CGK,
CGK,258795
CGK,16572
CGK,
CGK,12228
CGK,2026
CGK,56277
CGK,3698
CGK,
CGK,11173
CGK,23676
CGK,5918
CGK,19083
CGK,106414
CGK,1862
CGK,79607
CGK,116355
CGK,27281
CGK,112519
CGK,19998
CGK,132922
CGK,120926
CGK,
CGK,39653
CGK,9793
CGK,66754
CGK,203468
CGK,3851
CGK,
CGK,
CGK,32685
CGK,52587
CGK,16289
CGK,10253
CGK,5914
CGK,11409
CGK,192377
CGK,896
CGK,87573
CJN,199
DEX,4379
DJB,197
DJJ,12969
DJJ,4533
DJJ,4971
DJJ,3079
DJJ,9364
DJJ,4727
DJJ,23299
DJJ,1599
DJJ,21655
DJJ,14725
DJJ,886
DOB,1214
DOH,7076
DPS,7147
DPS,
DPS,4823
DPS,14703
DPS,16795
DPS,11645
DPS,293
DPS,62075
DPS,
DPS,1257
DPS,69832
DPS,9476
DPS,9004
DPS,29737
DPS,3135
DPS,11321
ENE,6325
ENE,
EWE,253
EWE,1423
FLZ,2872
GNS,12457
GTO,975
GTO,404
GTO,16651
HKG,378
JOG,2686
KBU,2327
KDI,46074
KDI,1517
KEI,538
KNG,
KNO,2822
KNO,1583
KNO,1021
KNO,4231
KNO,1165
KNO,8818
KNO,525
KNO,587
KNO,8882
KOE,3339
KOE,2872
KOE,1965
KOE,7082
KOE,
KOE,2274
KOE,33493
KOE,5804
KOE,3807
KSR,987
KTG,10596
KTG,1791
KUL,10435
KUL,461
KUL,194
KXB,4696
LAH,1457
LBJ,4919
LNU,224
LOP,37332
LOP,4293
LOP,919
LUW,1251
LUW,1523
LUW,10771
MDC,1094
MDC,1185
MDC,5859
MDC,3383
MDC,6369
MDC,33625
MJU,3954
MKQ,82
MKQ,4671
MKW,1717
MKW,33021
MKW,4653
MNA,924
MOF,2438
MOH,
MOH,7043
NBX,69
NBX,3564
NTI,91
OTI,1311
PDG,13
PGK,10862
PGK,9883
PKU,346
PKU,14005
PKY,11474
PLM,4938
PLW,577
PLW,24076
PNK,1732
PNK,2352
PNK,1198
PNK,1048
PNK,17629
PNK,2673
RAQ,
SIN,17173
SMQ,6424
SOQ,3133
SOQ,28747
SRG,9885
SUB,205
SUB,7575
SUB,102583
TIM,24305
TIM,393
TJS,21
TRK,5857
TRT,1317
TTE,22939
UPG,22624
AAP,4062
AAP,25342
AAP,43743
ABU,1603
ADL,3253
AMQ,4838
AMQ,12479
AMQ,877
AMQ,6329
AMQ,2694
AMQ,576
AMQ,2861
AMQ,
AMQ,4029
AMQ,34351
AMS,
ARD,3623
BDJ,8509
BDJ,1571
BDJ,97698
BDJ,
BDJ,3764
BDJ,25
BDJ,21285
BDJ,93545
BDJ,13837
BDO,5211
BDO,42495
BDO,2831
BDO,19014
BDO,1996
BDO,1397
BDO,7297
BEJ,19014
BIK,17417
BIK,15364
BJW,2736
BJW,1187
BKK,6289
BKK,
BKS,51411
BMU,3819
BMU,8031
BMU,1386
BNE,6673
BPN,114009
BPN,6148
BPN,1712
BPN,2391
BPN,2277
BPN,12549
BPN,86823
BPN,3482
BPN,13594
BPN,46483
BPN,36995
BTH,138911
BTH,3292
BTH,56001
BTH,954
BTH,3761
BTH,36444
BTH,976
BTH,48104
BTH,22182
BTH,
BTH,35016
BTH,1337
BTJ,25598
BTJ,7793
BTW,1319
BUU,2097
BWX,11409
BXB,441
CAN,338
CGK,5931
CGK,83599
CGK,
CGK,43449
CGK,431481
CGK,27042
CGK,35945
CGK,1414
CGK,6615
CGK,
CGK,7326
CGK,16993
CGK,
CGK,70855
CGK,1502
CGK,25859
CGK,331335
CGK,17847
CGK,68616
CGK,
CGK,6806
CGK,83648
CGK,5965
CGK,44228
CGK,13232
CGK,31736
CGK,7934
CGK,22991
CGK,168853
CGK,7639
CGK,100657
CGK,153313
CGK,
CGK,146104
CGK,
CGK,174281
CGK,160582
CGK,2763
CGK,61601
CGK,
CGK,88489
CGK,278835
CGK,7839
CGK,1992
CGK,1228
CGK,49698
CGK,74545
CGK,20798
CGK,7664
CGK,8288
CGK,
CGK,243765
CGK,1348
CGK,131167
CNS,1852
DEX,4098
DJB,95
DJJ,15344
DJJ,6451
DJJ,4587
DJJ,2955
DJJ,10357
DJJ,10548
DJJ,25298
DJJ,1599
DJJ,23233
DJJ,16103
DJJ,776
DOB,795
DOH,8315
DPS,3394
DPS,12072
DPS,8292
DPS,10848
DPS,19549
DPS,21691
DPS,20703
DPS,25851
DPS,79
DPS,64
DPS,97
DPS,91003
DPS,16691
DPS,2584
DPS,
DPS,17551
DPS,10543
DPS,47511
DPS,
DPS,24833
ENE,6838
ENE,3342
EWE,236
EWE,1397
FLZ,3448
GNS,15098
GTO,1084
GTO,268
GTO,19263
JHB,1317
JOG,2961
KBU,3052
KDI,62497
KDI,2227
KEI,418
KNG,2264
KNO,18599
KNO,1758
KNO,1081
KNO,6002
KNO,10539
KNO,9935
KNO,2309
KNO,
KNO,639
KNO,18998
KOE,3817
KOE,3251
KOE,1541
KOE,8538
KOE,1411
KOE,2539
KOE,41738
KOE,5797
KOE,4263
KSR,1023
KTG,12073
KTG,2131
KUL,3359
KUL,21239
KUL,1952
KUL,1789
KXB,6866
LAH,1379
LBJ,9912
LNU,146
LOP,
LOP,6778
LOP,2357
LUW,1248
LUW,1467
LUW,12573
MDC,1077
MDC,1607
MDC,7488
MDC,
MDC,6346
MDC,37442
MJU,3768
MKQ,452
MKQ,2319
MKW,2006
MKW,40112
MKW,2382
MNA,1
MOF,2345
MOH,2066
MOH,7085
NBX,3367
NTI,46
OTI,1399
PDG,46
PEN,1929
PGK,15056
PGK,15098
PKU,647
PKU,20574
PKY,18118
PLM,10694
PLW,688
PLW,47
PLW,
PNK,1394
PNK,1809
PNK,1249
PNK,1388
PNK,26307
PNK,9847
RAQ,1863
SIN,26272
SMQ,7192
SOQ,3389
SOQ,37226
SRG,16657
SUB,578
SUB,10751
SUB,126251
TIM,27372
TIM,299
TJS,8
TRK,10083
TRT,1545
TTE,32403
UPG,36271
AAP,4053
AAP,26671
AAP,37487
ABU,1544
ADD,3
ADL,6595
AMQ,5317
AMQ,
AMQ,895
AMQ,8295
AMQ,
AMQ,837
AMQ,2078
AMQ,2755
AMQ,2635
AMQ,30578
AMS,2578
ARD,3936
BDJ,8955
BDJ,1732
BDJ,84869
BDJ,1739
BDJ,
BDJ,22466
BDJ,72924
BDJ,9554
BDO,
BDO,34504
BDO,
BDO,18432
BDO,561
BDO,1954
BDO,5041
BEJ,19614
BIK,
BIK,16528
BJW,3531
BJW,2156
BKK,10439
BKK,11482
BKS,45942
BMU,3641
BMU,8066
BMU,1253
BNE,17115
BPN,114038
BPN,
BPN,1941
BPN,1351
BPN,477
BPN,9134
BPN,
BPN,3681
BPN,7922
BPN,40803
BPN,32182
BTH,131953
BTH,2992
BTH,62565
BTH,921
BTH,4601
BTH,
BTH,934
BTH,39711
BTH,21571
BTH,3751
BTH,35327
BTH,733
BTH,368
BTJ,18393
BTJ,15
BTW,1012
BUU,1774
BWX,10491
BXB,678
CAN,491
CGK,
CGK,
CGK,5806
CGK,45699
CGK,418035
CGK,26235
CGK,42553
CGK,2931
CGK,7532
CGK,
CGK,7207
CGK,22453
CGK,
CGK,57809
CGK,3481
CGK,23873
CGK,312769
CGK,17378
CGK,58732
CGK,26614
CGK,5129
CGK,79594
CGK,6926
CGK,43768
CGK,5127
CGK,30106
CGK,
CGK,27644
CGK,132742
CGK,8233
CGK,76663
CGK,134196
CGK,
CGK,134159
CGK,21447
CGK,
CGK,154205
CGK,
CGK,48276
CGK,11868
CGK,79574
CGK,262005
CGK,11166
CGK,1441
CGK,42297
CGK,62848
CGK,19132
CGK,10933
CGK,8614
CGK,12613
CGK,233247
CGK,943
CGK,
CJN,236
CNS,3245
DEX,4523
DEX,187
DIL,1249
DJJ,14258
DJJ,7601
DJJ,4402
DJJ,3532
DJJ,7234
DJJ,8751
DJJ,
DJJ,1781
DJJ,26946
DJJ,18708
DJJ,966
DOB,1016
DOH,14787
DPS,4107
DPS,13632
DPS,7747
DPS,
DPS,11293
DPS,39758
DPS,20946
DPS,15441
DPS,41122
DPS,144
DPS,110906
DPS,20295
DPS,576
DPS,102944
DPS,29743
DPS,10207
DPS,46531
DPS,3359
DPS,25582
ENE,
ENE,3268
EWE,276
EWE,1648
FLZ,3789
GNS,21699
GTO,1095
GTO,93
GTO,17646
HKG,353
JHB,2467
JOG,2817
KBU,
KDI,53865
KDI,2456
KEI,38
KNG,761
KNG,2239
KNO,20756
KNO,2096
KNO,1192
KNO,
KNO,
KNO,8025
KNO,4068
KNO,1098
KNO,671
KNO,13329
KOE,2784
KOE,3239
KOE,1408
KOE,8411
KOE,1811
KOE,3058
KOE,41136
KOE,5161
KOE,4179
KSR,334
KTG,12041
KTG,1546
KUL,5946
KUL,22593
KUL,2532
KUL,2231
KXB,6098
LAH,1714
LBJ,9806
LOP,56278
LOP,6701
LOP,639
LUW,1311
LUW,1751
LUW,12465
MDC,1303
MDC,2374
MDC,7318
MDC,10444
MDC,6114
MDC,34915
MJU,4359
MKQ,593
MKQ,3128
MKW,2754
MKW,43642
MKW,1205
MNA,972
MOF,
MOH,1413
MOH,
NBX,3064
NTI,56
OTI,1009
PDG,34
PEN,
PGK,12858
PGK,14064
PKU,16893
PKY,16263
PKY,214
PLM,8033
PLW,440
PLW,290
PLW,30375
PNK,1821
PNK,1385
PNK,1433
PNK,22
PNK,23116
PNK,8921
RAQ,1015
SIN,26736
SMQ,
SOQ,
SOQ,40662
SRG,12668
SUB,311
SUB,
SUB,112079
TIM,28762
TJS,7
TRK,8646
TRT,2027
TTE,27664
UPG,30049
AAP,4213
AAP,26713
AAP,36838
ABU,1262
ADD,827
ADL,9423
AMQ,5445
AMQ,
AMQ,743
AMQ,7776
AMQ,3034
AMQ,939
AMQ,2349
AMQ,2694
AMQ,3226
AMQ,30659
AMS,2609
ARD,3173
BDJ,
BDJ,1585
BDJ,88027
BDJ,1673
BDJ,
BDJ,25
BDJ,
BDJ,81938
BDJ,
BDO,5607
BDO,36227
BDO,2642
BDO,20285
BDO,239
BDO,397
BDO,823
BEJ,19777
BIK,17608
BIK,15407
BJW,3093
BJW,196
BKK,12763
BKK,16327
BKS,45782
BMU,3412
BMU,7536
BMU,1252
BNE,
BPN,114424
BPN,8798
BPN,1729
BPN,
BPN,10914
BPN,84917
BPN,3258
BPN,10732
BPN,43665
BPN,34289
BTH,144481
BTH,2769
BTH,61141
BTH,1182
BTH,4167
BTH,25811
BTH,1036
BTH,38472
BTH,22494
BTH,2913
BTH,35271
BTH,2354
BTH,417
BTJ,18886
BTJ,16156
BTW,1083
BUU,2449
BWX,9949
BXB,1048
CAN,2035
CGK,14335
CGK,72267
CGK,14361
CGK,46028
CGK,436252
CGK,25657
CGK,40035
CGK,2424
CGK,6764
CGK,157
CGK,5056
CGK,7955
CGK,26689
CGK,19383
CGK,39125
CGK,3898
CGK,24532
CGK,322842
CGK,17886
CGK,82705
CGK,27427
CGK,5468
CGK,77182
CGK,8486
CGK,
CGK,1673
CGK,31621
CGK,
CGK,330
CGK,29024
CGK,145986
CGK,10326
CGK,78368
CGK,
CGK,33632
CGK,140224
CGK,21175
CGK,148027
CGK,
CGK,3918
CGK,52252
CGK,12368
CGK,86289
CGK,273008
CGK,12855
CGK,1367
CGK,188
CGK,41566
CGK,
CGK,20159
CGK,14205
CGK,8846
CGK,13201
CGK,230991
CGK,127347
CJN,160
CNS,3766
DEX,4186
DEX,767
DIL,2677
DJB,49
DJJ,16298
DJJ,7595
DJJ,4109
DJJ,
DJJ,8897
DJJ,1404
DJJ,26899
DJJ,1748
DJJ,
DJJ,21276
DJJ,1046
DOB,847
DOH,16961
DPS,5447
DPS,26797
DPS,11561
DPS,
DPS,8138
DPS,2326
DPS,12626
DPS,69633
DPS,26036
DPS,13975
DPS,66191
DPS,6016
DPS,125957
DPS,22743
DPS,591
DPS,
DPS,38028
DPS,12076
DPS,48459
DPS,3674
DPS,26832
ENE,6238
ENE,3954
EWE,156
EWE,1627
FLZ,3912
GNS,19117
GTO,878
GTO,
JHB,2782
JOG,3015
KBU,2444
KDI,58308
KDI,366
KEI,554
KNG,729
KNG,1913
KNO,28503
KNO,2506
KNO,1055
KNO,
KNO,26009
KNO,6815
KNO,9066
KNO,756
KNO,492
KNO,14384
KOE,4066
KOE,3846
KOE,1461
KOE,9056
KOE,1729
KOE,1637
KOE,42754
KOE,5696
KOE,4693
KTG,10643
KTG,1315
KUL,6832
KUL,22222
KUL,2907
KUL,2924
KXB,5332
LAH,1561
LBJ,14905
LNU,144
LOP,59683
LOP,5263
LOP,734
LUW,975
LUW,
LUW,12078
MDC,1057
MDC,2985
MDC,7395
MDC,11283
MDC,6052
MDC,39578
MJU,3968
MKQ,506
MKQ,3163
MKW,2731
MKW,39323
MKW,1661
MNA,744
MOF,2575
MOH,1684
MOH,6796
NBX,2985
NTI,43
OTI,593
PDG,202
PEN,3222
PGK,14062
PGK,15265
PKU,268
PKU,18771
PKY,18432
PLM,8682
PLW,357
PLW,33435
PNK,1183
PNK,1948
PNK,1213
PNK,26688
PNK,10661
RAQ,956
SIN,
SMQ,6929
SOQ,41199
SRG,14267
SUB,229
SUB,1714
SUB,12094
SUB,121562
TIM,
TIM,22
TJS,7
TRK,10255
TRT,2145
TTE,29404
UPG,30796
AAP,4291
AAP,24922
AAP,30629
ABU,1544
ADD,2123
ADL,9922
AMQ,5092
AMQ,11592
AMQ,734
AMQ,7255
AMQ,1855
AMQ,1021
AMQ,1466
AMQ,2066
AMQ,2718
AMQ,25125
AMS,2346
ARD,2902
BDJ,7393
BDJ,
BDJ,80925
BDJ,1827
BDJ,1888
BDJ,39
BDJ,16607
BDJ,
BDJ,394
BDJ,9129
BDO,4851
BDO,32024
BDO,
BDO,18758
BEJ,17051
BIK,14422
BIK,12712
BJW,3053
BJW,1545
BKK,14077
BKK,16654
BKS,37986
BMU,3296
BMU,7761
BMU,518
BNE,33112
BPN,104121
BPN,6444
BPN,1437
BPN,334
BPN,1204
BPN,7736
BPN,60684
BPN,2371
BPN,10226
BPN,32054
BPN,27407
BTH,112379
BTH,2871
BTH,44395
BTH,1222
BTH,3134
BTH,20117
BTH,57
BTH,28133
BTH,21791
BTH,542
BTH,31822
BTH,2159
BTH,38
BTJ,19344
BTJ,13886
BTW,1017
BUU,2163
BWX,9542
BXB,1346
CAN,2695
CGK,
CGK,733
CGK,64035
CGK,
CGK,45993
CGK,
CGK,18699
CGK,39175
CGK,1539
CGK,5644
CGK,444
CGK,4459
CGK,8041
CGK,26834
CGK,19904
CGK,62851
CGK,3796
CGK,18506
CGK,267153
CGK,16116
CGK,90485
CGK,20072
CGK,
CGK,78283
CGK,9058
CGK,39209
CGK,10301
CGK,29416
CGK,9704
CGK,428
CGK,28622
CGK,124674
CGK,1229
CGK,9053
CGK,63863
CGK,
CGK,28079
CGK,121501
CGK,17257
CGK,
CGK,166103
CGK,3662
CGK,50336
CGK,11193
CGK,
CGK,235719
CGK,12286
CGK,2105
CGK,34995
CGK,46031
CGK,16863
CGK,17611
CGK,8355
CGK,12276
CGK,210381
CGK,116413
CJN,205
CNS,2558
CPF,88
DEX,4735
DIL,3257
DJB,502
DJJ,13854
DJJ,5053
DJJ,3728
DJJ,3466
DJJ,7025
DJJ,24076
DJJ,1677
DJJ,20802
DJJ,
DJJ,927
DOB,817
DOH,23991
DPS,5219
DPS,29757
DPS,12069
DPS,15273
DPS,12204
DPS,938
DPS,
DPS,80899
DPS,27535
DPS,14484
DPS,68061
DPS,9453
DPS,140615
DPS,18308
DPS,233
DPS,93847
DPS,33831
DPS,11933
DPS,42972
DPS,3094
DPS,23156
ENE,
ENE,
EWE,82
EWE,1403
FLZ,3792
GNS,16137
GTO,735
GTO,16681
JHB,2267
JOG,2922
KBU,1793
KDI,55293
KEI,501
KNG,188
KNG,2386
KNO,42365
KNO,2683
KNO,925
KNO,4535
KNO,33623
KNO,7729
KNO,1161
KNO,9712
KNO,783
KNO,71
KNO,14188
KOE,2809
KOE,2125
KOE,1592
KOE,8055
KOE,37029
KOE,4927
KOE,3951
KTG,9615
KTG,554
KUL,8553
KUL,25756
KUL,2492
KUL,2625
KXB,4307
LAH,
LBJ,10175
LNU,198
LOP,55728
LOP,4984
LOP,30
LUW,538
LUW,653
LUW,11434
MDC,412
MDC,2679
MDC,5783
MDC,9038
MDC,5579
MDC,32251
MJU,3623
MKQ,495
MKQ,3397
MKW,1784
MKW,35345
MNA,234
MOF,
MOH,1168
MOH,6034
NBX,3185
NTI,54
OTI,964
PCB,133
PDG,34
PEN,2585
PGK,
PGK,10988
PKU,15243
PKY,11853
PLM,269
PLW,285
PLW,32869
PNK,1078
PNK,1519
PNK,997
PNK,2
PNK,24613
PNK,
RAQ,675
SIN,27974
SMQ,6211
SOQ,34573
SRG,12004
SUB,22
SUB,9284
SUB,98969
TIM,26133
TJS,7
TRK,
TRT,1466
TTE,26517
UPG,25518
AAP,3902
AAP,24857
AAP,20306
ABU,
ADD,2402
ADL,9911
AMQ,3015
AMQ,12326
AMQ,840
AMQ,7279
AMQ,1654
AMQ,804
AMQ,1441
AMQ,138
AMQ,20
AMQ,2504
AMQ,2676
AMQ,25525
AMS,2742
ARD,3224
BDJ,7853
BDJ,1496
BDJ,82239
BDJ,1646
BDJ,2297
BDJ,6
BDJ,
BDJ,67996
BDJ,1656
BDJ,8473
BDO,4321
BDO,27464
BDO,2454
BDO,16596
BEJ,16855
BIK,14503
BIK,11608
BJW,3649
BJW,1887
BKK,14052
BKK,16013
BKS,
BMU,3294
BMU,7587
BMU,592
BNE,35572
BPN,106279
BPN,
BPN,
BPN,883
BPN,7477
BPN,68019
BPN,2398
BPN,11739
BPN,
BPN,25827
BTH,100807
BTH,1437
BTH,48215
BTH,1279
BTH,3699
BTH,19087
BTH,25332
BTH,22394
BTH,4181
BTH,
BTH,2327
BTJ,18847
BTJ,10503
BTW,832
BUU,1795
BWX,8715
BXB,3378
CAN,
CGK,14593
CGK,778
CGK,63537
CGK,10719
CGK,47187
CGK,
CGK,19645
CGK,41873
CGK,2334
CGK,5948
CGK,868
CGK,4046
CGK,
CGK,
CGK,19628
CGK,88762
CGK,3705
CGK,22256
CGK,240691
CGK,14633
CGK,98926
CGK,16604
CGK,4617
CGK,
CGK,8695
CGK,39005
CGK,17648
CGK,13715
CGK,
CGK,287
CGK,
CGK,100576
CGK,1049
CGK,10158
CGK,58225
CGK,113317
CGK,29447
CGK,
CGK,20526
CGK,114118
CGK,5
CGK,180045
CGK,3648
CGK,47657
CGK,12842
CGK,84955
CGK,203389
CGK,15281
CGK,1765
CGK,33062
CGK,52179
CGK,15902
CGK,17376
CGK,8174
CGK,12577
CGK,
CGK,108697
DEX,4102
DIL,4064
DJB,438
DJJ,11647
DJJ,4293
DJJ,4242
DJJ,2638
DJJ,7311
DJJ,22631
DJJ,1681
DJJ,17763
DJJ,18205
DJJ,999
DOB,908
DOH,23922
DPS,7178
DPS,36679
DPS,
DPS,15563
DPS,7741
DPS,583
DPS,
DPS,
DPS,25472
DPS,12308
DPS,67116
DPS,11899
DPS,148569
DPS,17135
DPS,489
DPS,84575
DPS,41131
DPS,9616
DPS,2748
DPS,34751
DPS,2849
DPS,19479
ENE,
ENE,3704
EWE,83
EWE,1403
FLZ,4182
GNS,17598
GTO,244
GTO,15828
HKG,566
HLP,4067
HLP,6154
HLP,16824
HLP,10277
HLP,10605
HLP,3536
HLP,
HLP,32777
HLP,3273
JHB,2864
JOG,2684
KBU,2056
KDI,49129
KEI,533
KNG,497
KNG,1769
KNO,38541
KNO,2799
KNO,830
KNO,
KNO,
KNO,10106
KNO,662
KNO,10233
KNO,801
KNO,11364
KOE,2417
KOE,1812
KOE,2037
KOE,7764
KOE,33383
KOE,4344
KOE,3641
KTG,8754
KTG,716
KUL,8835
KUL,26422
KUL,2778
KUL,2912
KXB,4176
LAH,1435
LBJ,7867
LNU,236
LOP,46822
LOP,4713
LUW,289
LUW,466
LUW,11431
MDC,593
MDC,3026
MDC,5548
MDC,6963
MDC,5712
MDC,28649
MJU,3542
MKQ,432
MKQ,3074
MKW,1553
MKW,32189
MKZ,2053
MNA,339
MOF,1383
MOH,1149
MOH,
NBX,2777
NTI,26
OTI,735
PDG,22
PEN,2917
PGK,13413
PGK,13375
PKU,13849
PKY,13454
PLM,
PLW,120
PLW,26922
PNK,942
PNK,1121
PNK,811
PNK,20553
PNK,7178
RAQ,389
SIN,33649
SMQ,6189
SOQ,
SQN,296
SRG,11051
SUB,8931
SUB,93532
TIM,25041
TJS,5
TRK,5164
TRT,1276
TTE,23953
UPG,23063
AAP,4289
AAP,23061
AAP,22792
AAP,2648
ABU,1167
ADD,594
ADL,10562
AMQ,13429
AMQ,861
AMQ,8799
AMQ,1412
AMQ,861
AMQ,1554
AMQ,140
AMQ,2991
AMQ,2525
AMQ,30209
AMS,2666
ARD,3471
BDJ,8387
BDJ,1638
BDJ,96708
BDJ,
BDJ,3204
BDJ,10
BDJ,18468
BDJ,68279
BDJ,1625
BDJ,9006
BDO,4902
BDO,28343
BDO,2664
BDO,16232
BDO,6
BDO,62
BEJ,17999
BIK,16467
BIK,14428
BJW,3437
BJW,1782
BKK,18819
BKK,15767
BKS,46399
BMU,3178
BMU,7679
BMU,577
BNE,35246
BPN,113147
BPN,8024
BPN,1333
BPN,
BPN,145
BPN,7111
BPN,
BPN,2883
BPN,14544
BPN,243
BPN,34901
BPN,25048
BTH,99038
BTH,1411
BTH,46994
BTH,1099
BTH,
BTH,20272
BTH,28665
BTH,27096
BTH,4763
BTH,791
BTH,30026
BTH,2382
BTH,1111
BTJ,
BTJ,
BTJ,2222
BTW,752
BUU,1343
BWX,9523
BWX,565
BXB,8141
CAN,2123
CGK,16752
CGK,784
CGK,70816
CGK,
CGK,
CGK,380157
CGK,
CGK,45043
CGK,1732
CGK,7403
CGK,1011
CGK,6095
CGK,7246
CGK,29825
CGK,30015
CGK,97856
CGK,4119
CGK,25485
CGK,239572
CGK,17015
CGK,99926
CGK,16755
CGK,
CGK,
CGK,9866
CGK,41978
CGK,19596
CGK,12197
CGK,10957
CGK,343
CGK,
CGK,116472
CGK,666
CGK,11829
CGK,68144
CGK,
CGK,33126
CGK,119751
CGK,22787
CGK,125393
CGK,194606
CGK,
CGK,
CGK,17545
CGK,79159
CGK,203739
CGK,12954
CGK,36892
CGK,56988
CGK,19039
CGK,17702
CGK,8669
CGK,14354
CGK,217827
CGK,367
CGK,112497
DEX,
DIL,4582
DJJ,12419
DJJ,4641
DJJ,4373
DJJ,3097
DJJ,6832
DJJ,23431
DJJ,1683
DJJ,19974
DJJ,20152
DJJ,1004
DOB,907
DOH,24231
DPS,7931
DPS,38531
DPS,10633
DPS,20046
DPS,7953
DPS,
DPS,92334
DPS,26723
DPS,
DPS,70618
DPS,14928
DPS,40
DPS,542
DPS,144273
DPS,19623
DPS,256
DPS,
DPS,38794
DPS,10239
DPS,3239
DPS,43292
DPS,2978
DPS,21201
ENE,5274
ENE,3518
EWE,90
EWE,
FLZ,4111
GNS,16272
GTO,17933
HKG,938
HLP,10581
HLP,25259
HLP,23736
HLP,
HLP,
HLP,17594
HLP,
HLP,14026
HLP,57103
HLP,1254
HLP,3205
HLP,21005
JHB,3291
JOG,2546
KBU,2615
KDI,53194
KEI,694
KNG,498
KNG,1932
KNO,47076
KNO,
KNO,1186
KNO,3891
KNO,39249
KNO,14468
KNO,922
KNO,
KNO,923
KNO,265
KNO,11153
KOE,2918
KOE,1614
KOE,
KOE,7474
KOE,154
KOE,37942
KOE,4286
KOE,4852
KTG,9963
KTG,723
KUL,9455
KUL,2908
KUL,5325
KUL,31457
KUL,2899
KUL,4979
KXB,4649
LAH,1749
LBJ,7789
LBJ,91
LNU,227
LOP,1275
LOP,49368
LOP,5122
LOP,880
LUW,495
LUW,921
LUW,11274
MDC,783
MDC,
MDC,5924
MDC,8307
MDC,6226
MDC,29349
MJU,3713
MKQ,606
MKQ,
MKW,1209
MKW,34052
MKZ,
MNA,554
MOF,1468
MOH,1116
MOH,5121
NBX,
NTI,62
OTI,796
PDG,16
PEN,2526
PGK,
PGK,16097
PKU,855
PKU,14288
PKY,13237
PLM,3974
PLW,244
PLW,
PNK,1427
PNK,793
PNK,909
PNK,20535
PNK,6648
RAQ,664
SIN,39026
SIN,668
SIN,1885
SMQ,6706
SOQ,
SQN,502
SRG,12835
SUB,8708
SUB,101894
TIM,27393
TJS,8
TRK,5747
TRT,1365
TTE,26647
UPG,26358
AAP,4154
AAP,21743
AAP,19845
AAP,3171
ABU,1121
ADD,2521
ADL,8845
AMQ,12066
AMQ,1071
AMQ,8907
AMQ,1649
AMQ,851
AMQ,1832
AMQ,173
AMQ,3311
AMQ,2422
AMQ,30265
AMS,2182
ARD,3796
BDJ,
BDJ,1669
BDJ,91241
BDJ,1773
BDJ,2956
BDJ,5
BDJ,
BDJ,75657
BDJ,213
BDJ,9129
BDO,5074
BDO,25053
BDO,2795
BDO,16129
BDO,6
BEJ,20955
BIK,17067
BIK,14406
BJW,
BJW,
BKK,25041
BKK,11269
BKS,42646
BMU,3261
BMU,7266
BMU,502
BNE,28181
BPN,120057
BPN,6152
BPN,1527
BPN,1025
BPN,7091
BPN,
BPN,2946
BPN,19069
BPN,202
BPN,35331
BPN,27092
BTH,96848
BTH,1353
BTH,
BTH,1263
BTH,4337
BTH,20353
BTH,26922
BTH,26691
BTH,4369
BTH,5302
BTH,30373
BTH,2095
BTH,7163
BTJ,18691
BTJ,
BTJ,2091
BTJ,
BTW,795
BUU,
BWX,8269
BWX,49
BXB,2687
CAN,5937
CGK,14377
CGK,590
CGK,
CGK,11385
CGK,35685
CGK,360217
CGK,26044
CGK,42942
CGK,2577
CGK,7671
CGK,1411
CGK,8985
CGK,
CGK,
CGK,
CGK,
CGK,3494
CGK,26315
CGK,240438
CGK,16543
CGK,95699
CGK,13306
CGK,4312
CGK,
CGK,14915
CGK,40548
CGK,35678
CGK,818
CGK,11545
CGK,11843
CGK,24617
CGK,123524
CGK,342
CGK,4409
CGK,66783
CGK,115831
CGK,34488
CGK,122339
CGK,26934
CGK,119858
CGK,
CGK,2143
CGK,53343
CGK,16632
CGK,75436
CGK,203324
CGK,18749
CGK,1836
CGK,33352
CGK,50725
CGK,16897
CGK,
CGK,8282
CGK,14783
CGK,230212
CGK,1684
CGK,121673
DEX,
DIL,3976
DJB,129
DJJ,13399
DJJ,5032
DJJ,4848
DJJ,2148
DJJ,6976
DJJ,24932
DJJ,1698
DJJ,
DJJ,
DJJ,
DOB,1023
DOH,20449
DPS,9199
DPS,29529
DPS,7803
DPS,18096
DPS,
DPS,8921
DPS,59866
DPS,20549
DPS,15666
DPS,58733
DPS,11838
DPS,2368
DPS,1594
DPS,160794
DPS,19812
DPS,299
DPS,82784
DPS,35676
DPS,9223
DPS,3377
DPS,39714
DPS,2421
DPS,24464
ENE,6927
ENE,3296
EWE,74
EWE,253
FLZ,4106
GNS,18428
GTO,17919
HKG,1074
HLP,10584
HLP,24891
HLP,23708
HLP,7987
HLP,7387
HLP,
HLP,571
HLP,12466
HLP,14456
HLP,56027
HLP,5077
HLP,5905
HLP,24012
JHB,4061
JOG,2402
KBU,2482
KDI,
KEI,904
KNG,458
KNG,2579
KNO,46831
KNO,3305
KNO,1303
KNO,3406
KNO,38726
KNO,
KNO,213
KNO,12605
KNO,297
KNO,11451
KOE,3307
KOE,
KOE,1775
KOE,7919
KOE,1087
KOE,36954
KOE,3917
KOE,5465
KSR,124
KTG,10084
KTG,719
KUL,9088
KUL,3957
KUL,6595
KUL,33519
KUL,2864
KUL,4897
KXB,5474
LAH,1801
LBJ,5146
LNU,320
LOP,2234
LOP,
LOP,
LOP,6843
LUW,640
LUW,833
LUW,12475
MDC,663
MDC,3422
MDC,5634
MDC,8794
MDC,5893
MDC,
MJU,
MKQ,507
MKQ,4058
MKW,921
MKW,35642
MKZ,2195
MNA,398
MOF,
MOH,970
MOH,5073
NBX,3175
NTI,67
OTI,875
PDG,10
PEN,3447
PGK,16103
PGK,17137
PKU,2402
PKU,15521
PKY,13707
PLM,4172
PLW,221
PLW,33067
PNK,1305
PNK,1227
PNK,1078
PNK,22338
PNK,6313
RAQ,374
SIN,42247
SIN,2294
SIN,3166
SMQ,6605
SOQ,41995
SQN,587
SRG,12435
SUB,7506
SUB,104493
TIM,28005
TJS,9
TRK,4599
TRT,1219
TTE,28505
UPG,29261
AAP,3631
AAP,24394
AAP,
AAP,4255
ABU,1027
ADD,1694
ADL,13931
AMQ,13636
AMQ,993
AMQ,9509
AMQ,
AMQ,754
AMQ,2473
AMQ,138
AMQ,3039
AMQ,3228
AMQ,30155
AMS,2627
ARD,3574
BDJ,9621
BDJ,1702
BDJ,95295
BDJ,1782
BDJ,
BDJ,4
BDJ,
BDJ,85035
BDJ,10217
BDO,5578
BDO,32992
BDO,2678
BDO,20827
BEJ,
BIK,18337
BIK,14804
BJW,3645
BJW,1977
BKK,27349
BKK,14883
BKS,50361
BMU,3008
BMU,7657
BMU,402
BNE,34075
BPN,132328
BPN,10653
BPN,1381
BPN,1064
BPN,1291
BPN,467
BPN,9082
BPN,92825
BPN,2332
BPN,
BPN,215
BPN,41893
BPN,
BTH,115393
BTH,1515
BTH,1436
BTH,55495
BTH,
BTH,4772
BTH,
BTH,31009
BTH,
BTH,8217
BTH,7003
BTH,31198
BTH,2785
BTH,8796
BTJ,20246
BTJ,15806
BTJ,2248
BTJ,2647
BTW,1176
BUU,2444
BWX,11418
BXB,2248
CAN,8396
CGK,13544
CGK,1181
CGK,
CGK,12828
CGK,35108
CGK,460495
CGK,27629
CGK,40837
CGK,3642
CGK,7607
CGK,1027
CGK,9643
CGK,16257
CGK,32502
CGK,16904
CGK,80617
CGK,4284
CGK,26267
CGK,285369
CGK,17098
CGK,114766
CGK,16689
CGK,5081
CGK,82956
CGK,14623
CGK,43709
CGK,25251
CGK,4016
CGK,12393
CGK,9933
CGK,31388
CGK,
CGK,497
CGK,7936
CGK,73648
CGK,134166
CGK,38401
CGK,121961
CGK,24021
CGK,134001
CGK,226098
CGK,3814
CGK,51993
CGK,17284
CGK,72431
CGK,213493
CGK,20284
CGK,
CGK,802
CGK,
CGK,54389
CGK,
CGK,29887
CGK,7673
CGK,15875
CGK,230764
CGK,802
CGK,
CGK,133977
CNS,858
DEX,3297
DIL,
DJJ,12703
DJJ,8171
DJJ,4783
DJJ,3155
DJJ,9285
DJJ,29964
DJJ,2503
DJJ,22421
DJJ,28079
DJJ,1019
DOB,1164
DOH,31414
DPS,8407
DPS,38919
DPS,
DPS,2855
DPS,22603
DPS,12639
DPS,10545
DPS,84414
DPS,24248
DPS,18075
DPS,63093
DPS,12324
DPS,3772
DPS,2284
DPS,196516
DPS,25665
DPS,642
DPS,114258
DPS,40473
DPS,10312
DPS,4707
DPS,45439
DPS,2732
DPS,33143
ENE,8328
ENE,3437
EWE,1317
FLZ,4695
GNS,22028
GTO,158
GTO,17629
HKG,1491
HLP,9111
HLP,26505
HLP,25149
HLP,7772
HLP,7871
HLP,30784
HLP,732
HLP,11217
HLP,19746
HLP,54321
HLP,
HLP,5344
HLP,25701
JHB,4812
JOG,2304
KBU,2389
KDI,56435
KEI,714
KNG,1229
KNG,2
KNO,65949
KNO,2763
KNO,1184
KNO,3583
KNO,50188
KNO,10952
KNO,14437
KNO,166
KNO,12369
KOE,3497
KOE,2371
KOE,1536
KOE,8271
KOE,
KOE,38693
KOE,4985
KOE,7137
KTG,
KTG,878
KUL,8629
KUL,10812
KUL,12234
KUL,
KUL,5661
KUL,8959
KXB,
LAH,2412
LBJ,8426
LNU,335
LOP,2402
LOP,54327
LOP,5003
LOP,26
LOP,7558
LUW,449
LUW,556
LUW,13779
MDC,807
MDC,3871
MDC,7866
MDC,
MDC,6808
MDC,33322
MJU,4334
MKQ,641
MKQ,7763
MKW,2686
MKW,39536
MKW,6161
MKZ,2523
MNA,581
MOF,1389
MOH,1414
MOH,8613
NBX,3019
NTI,61
OTI,919
PDG,41
PEN,
PGK,17356
PGK,
PKU,2797
PKU,18667
PKY,18342
PLM,5818
PLW,219
PLW,31684
PNK,1507
PNK,1755
PNK,1129
PNK,28112
PNK,6911
RAQ,512
SIN,49017
SIN,3865
SIN,7506
SMQ,3859
SOQ,43225
SQN,595
SRG,12352
SUB,7059
SUB,108912
TIM,28696
TJS,1
TRK,6797
TRT,
TTE,29567
UPG,389
UPG,28728
AAP,3314
AAP,23451
AAP,21923
AAP,2604
ABU,1044
ADL,18868
AMQ,11849
AMQ,551
AMQ,5627
AMQ,1195
AMQ,773
AMQ,1869
AMQ,207
AMQ,2039
AMQ,2446
AMQ,24495
AMS,2043
ARD,2680
BDJ,9685
BDJ,1515
BDJ,86412
BDJ,2818
BDJ,2737
BDJ,19267
BDJ,81584
BDJ,7969
BDO,5107
BDO,29520
BDO,2282
BDO,19164
BEJ,20566
BIK,16776
BIK,14866
BJW,2906
BJW,1762
BKK,23713
BKK,13005
BKS,44461
BMU,2611
BMU,6861
BMU,338
BNE,36418
BPN,121585
BPN,9307
BPN,1300
BPN,735
BPN,1414
BPN,607
BPN,217
BPN,6832
BPN,93402
BPN,1130
BPN,27356
BPN,191
BPN,42049
BPN,33274
BTH,109613
BTH,1377
BTH,2637
BTH,54231
BTH,1221
BTH,3298
BTH,27196
BTH,32125
BTH,27774
BTH,10910
BTH,5763
BTH,29082
BTH,2765
BTH,7069
BTJ,19056
BTJ,15035
BTJ,6581
BTJ,4300
BTW,960
BUU,1594
BWX,10488
BXB,1722
CAN,10152
CGK,5320
CGK,611
CGK,75337
CGK,9753
CGK,44599
CGK,392247
CGK,31250
CGK,40582
CGK,3402
CGK,7598
CGK,26871
CGK,13155
CGK,31801
CGK,23863
CGK,81723
CGK,3659
CGK,24108
CGK,304372
CGK,15012
CGK,107533
CGK,13213
CGK,5272
CGK,64708
CGK,14650
CGK,38876
CGK,30947
CGK,3407
CGK,10969
CGK,15244
CGK,27363
CGK,113444
CGK,872
CGK,12483
CGK,76571
CGK,121759
CGK,34917
CGK,119913
CGK,20329
CGK,151085
CGK,227699
CGK,3888
CGK,48124
CGK,16126
CGK,68400
CGK,219599
CGK,20181
CGK,1872
CGK,37015
CGK,50471
CGK,16653
CGK,28627
CGK,6249
CGK,12860
CGK,196410
CGK,4155
CGK,112896
CNS,3461
DEX,5503
DIL,4735
DJJ,9246
DJJ,7337
DJJ,3582
DJJ,1933
DJJ,8899
DJJ,24991
DJJ,2370
DJJ,22948
DJJ,25910
DJJ,767
DOB,614
DOH,40983
DPS,7479
DPS,24733
DPS,9546
DPS,11472
DPS,23525
DPS,13714
DPS,9255
DPS,102429
DPS,20227
DPS,16974
DPS,75420
DPS,24580
DPS,3304
DPS,1030
DPS,166942
DPS,22409
DPS,559
DPS,104065
DPS,58859
DPS,9210
DPS,22428
DPS,41204
DPS,1721
DPS,29925
ENE,7414
ENE,3322
EWE,1356
FLZ,4417
FOC,1094
GNS,20184
GTO,14759
HKG,5242
HLP,8775
HLP,26690
HLP,23206
HLP,8158
HLP,13470
HLP,32745
HLP,7104
HLP,17536
HLP,51899
HLP,3549
HLP,5240
HLP,22540
JHB,4790
JOG,1852
KBU,2053
KDI,52932
KEI,1027
KNG,449
KNG,1849
KNO,67222
KNO,669
KNO,2964
KNO,1276
KNO,2460
KNO,52068
KNO,11556
KNO,15333
KNO,12192
KOE,2496
KOE,1436
KOE,1261
KOE,6304
KOE,156
KOE,31
KOE,88
KOE,34993
KOE,2894
KOE,4916
KTG,10990
KTG,964
KUL,8627
KUL,13049
KUL,16628
KUL,38208
KUL,6209
KUL,11495
KXB,4990
LAH,2251
LBJ,1355
LBJ,6749
LBJ,52
LNU,197
LOP,2319
LOP,52787
LOP,4531
LOP,6525
LUW,422
LUW,314
LUW,12680
MDC,683
MDC,3584
MDC,8529
MDC,9561
MDC,6794
MDC,32522
MJU,2714
MKQ,1488
MKQ,7535
MKW,2828
MKW,32288
MKW,6436
MKZ,2460
MNA,411
MOF,955
MOH,1606
MOH,10185
NBX,2486
NTI,26
OTI,800
PDG,22
PEN,3417
PGK,16713
PGK,14967
PKU,3001
PKU,17244
PKY,17237
PLM,5204
PLW,227
PLW,28515
PNK,1138
PNK,1300
PNK,1167
PNK,30529
PNK,9158
RAQ,565
SIN,48203
SIN,5942
SIN,8200
SMQ,3354
SOQ,42130
SQN,737
SRG,11551
SUB,5243
SUB,109674
TIM,27656
TJS,11
TRK,7015
TRT,1559
TTE,27128
UPG,25738
AAP,2622
AAP,24127
AAP,16335
AAP,516
ABU,1249
ADL,11796
AMQ,10520
AMQ,556
AMQ,5199
AMQ,1315
AMQ,637
AMQ,1590
AMQ,242
AMQ,1759
AMQ,1889
AMQ,22256
AMS,1878
ARD,2320
BDJ,10324
BDJ,1447
BDJ,83837
BDJ,2869
BDJ,2289
BDJ,16272
BDJ,74651
BDJ,6564
BDO,4334
BDO,32627
BDO,2345
BDO,16911
BEJ,19636
BIK,14071
BIK,12191
BJW,2773
BJW,1823
BKK,24781
BKK,10293
BKS,43375
BMU,2761
BMU,6742
BMU,389
BNE,30495
BPN,120922
BPN,7032
BPN,1152
BPN,1042
BPN,914
BPN,1019
BPN,2898
BPN,6257
BPN,87267
BPN,1433
BPN,28101
BPN,86
BPN,39472
BPN,29869
BTH,98824
BTH,627
BTH,2019
BTH,47885
BTH,1096
BTH,3144
BTH,24488
BTH,26366
BTH,25111
BTH,6366
BTH,4051
BTH,30597
BTH,2302
BTH,6316
BTJ,18266
BTJ,21965
BTJ,5902
BTJ,4772
BTW,687
BUU,1673
BWX,9816
BXB,2149
CAN,9927
CAN,2529
CGK,8784
CGK,1510
CGK,70910
CGK,7909
CGK,41786
CGK,316750
CGK,28491
CGK,39477
CGK,4863
CGK,9049
CGK,28688
CGK,14821
CGK,29465
CGK,22586
CGK,86704
CGK,2910
CGK,23503
CGK,226362
CGK,12195
CGK,120326
CGK,9991
CGK,4617
CGK,65924
CGK,14648
CGK,32260
CGK,28630
CGK,3071
CGK,11208
CGK,15908
CGK,25841
CGK,103959
CGK,1015
CGK,18001
CGK,60212
CGK,95727
CGK,29622
CGK,116839
CGK,20848
CGK,123484
CGK,212154
CGK,2452
CGK,42649
CGK,15486
CGK,69587
CGK,221366
CGK,15447
CGK,1446
CGK,29884
CGK,49531
CGK,15332
CGK,27510
CGK,6743
CGK,12449
CGK,195998
CGK,9570
CGK,113016
CNS,3876
DEX,4237
DIL,4843
DJJ,8006
DJJ,4656
DJJ,3197
DJJ,2528
DJJ,6860
DJJ,20992
DJJ,1392
DJJ,19871
DJJ,18854
DJJ,857
DOB,609
DOH,36297
DPS,6756
DPS,38069
DPS,10203
DPS,11224
DPS,21710
DPS,11393
DPS,8300
DPS,102006
DPS,19776
DPS,15946
DPS,62056
DPS,23732
DPS,2908
DPS,152855
DPS,19138
DPS,347
DPS,86418
DPS,51931
DPS,8055
DPS,17999
DPS,34681
DPS,1626
DPS,28105
ENE,5759
ENE,2792
EWE,1334
FLZ,4015
FOC,3335
GNS,17153
GTO,16140
HKG,5316
HLP,8024
HLP,23545
HLP,24341
HLP,7483
HLP,26752
HLP,33536
HLP,12066
HLP,20668
HLP,66144
HLP,1647
HLP,6194
HLP,24649
JHB,4701
JOG,1967
KBU,1560
KDI,54358
KEI,719
KNG,325
KNG,1838
KNO,56205
KNO,458
KNO,3208
KNO,1278
KNO,2333
KNO,43959
KNO,12061
KNO,12518
KNO,11067
KOE,1562
KOE,1460
KOE,1118
KOE,5674
KOE,61
KOE,212
KOE,29796
KOE,2432
KOE,3728
KTG,9582
KTG,620
KUL,8026
KUL,12224
KUL,13754
KUL,36554
KUL,5805
KUL,12808
KXB,5043
LAH,2412
LBJ,718
LBJ,1914
LNU,187
LOP,2100
LOP,48943
LOP,4619
LOP,6235
LUW,330
LUW,352
LUW,12368
MDC,762
MDC,3299
MDC,5904
MDC,9110
MDC,5468
MDC,28121
MJU,2909
MKQ,816
MKQ,6699
MKW,1353
MKW,27527
MKZ,2370
MNA,451
MOF,651
MOH,1469
MOH,11358
NBX,2185
NTI,20
OTI,1013
PDG,37
PEN,3872
PGK,14699
PGK,13846
PKU,2529
PKU,15237
PKY,12804
PLM,3522
PLW,251
PLW,25815
PNK,1092
PNK,1081
PNK,1200
PNK,25857
PNK,5372
RAQ,408
SIN,43514
SIN,4665
SIN,9139
SMQ,2618
SOQ,34973
SQN,664
SRG,10081
SUB,814
SUB,95953
TIM,23027
TJS,16
TRK,4548
TRT,502
TTE,26601
UPG,23084
AAP,3237
AAP,27063
AAP,16184
ABU,1698
ADL,13419
AKL,700
AMQ,12157
AMQ,1079
AMQ,7484
AMQ,1422
AMQ,813
AMQ,1444
AMQ,321
AMQ,2387
AMQ,2103
AMQ,24719
AMS,2541
ARD,2629
BDJ,12115
BDJ,1481
BDJ,93215
BDJ,3102
BDJ,2663
BDJ,18785
BDJ,75518
BDJ,7591
BDO,5091
BDO,2009
BDO,36619
BDO,2074
BDO,15296
BDO,2565
BEJ,20886
BIK,16891
BIK,13823
BJW,3098
BJW,1747
BKK,30574
BKK,11380
BKS,44185
BMU,3309
BMU,7181
BMU,692
BNE,32785
BPN,124007
BPN,8158
BPN,935
BPN,1093
BPN,925
BPN,1148
BPN,1253
BPN,2815
BPN,6878
BPN,90333
BPN,1319
BPN,29539
BPN,39287
BPN,27809
BTH,107878
BTH,814
BTH,1952
BTH,54783
BTH,1485
BTH,3457
BTH,26571
BTH,26787
BTH,26814
BTH,6881
BTH,4607
BTH,33395
BTH,2590
BTH,7063
BTJ,21348
BTJ,26202
BTJ,6510
BTJ,4500
BTW,857
BUU,1344
BWX,9386
BXB,1655
CAN,11782
CAN,4575
CGK,11759
CGK,1313
CGK,76687
CGK,9473
CGK,51192
CGK,351716
CGK,24911
CGK,42742
CGK,4977
CGK,9839
CGK,35169
CGK,20388
CGK,31935
CGK,22129
CGK,90745
CGK,2781
CGK,25194
CGK,253979
CGK,9874
CGK,130871
CGK,12756
CGK,4772
CGK,75282
CGK,14303
CGK,37353
CGK,23257
CGK,3105
CGK,11548
CGK,17879
CGK,30371
CGK,101522
CGK,1095
CGK,22621
CGK,72639
CGK,100852
CGK,32835
CGK,119703
CGK,22047
CGK,137603
CGK,2333
CGK,241100
CGK,2795
CGK,45703
CGK,17751
CGK,77484
CGK,240721
CGK,16291
CGK,3403
CGK,263
CGK,35095
CGK,53699
CGK,16288
CGK,30739
CGK,7975
CGK,14084
CGK,232070
CGK,13621
CGK,114407
CNS,4106
DEX,949
DIL,5977
DJJ,8886
DJJ,4451
DJJ,3645
DJJ,2649
DJJ,7643
DJJ,24374
DJJ,1513
DJJ,20559
DJJ,17556
DJJ,894
DOB,1062
DOH,41788
DPS,6209
DPS,46059
DPS,11439
DPS,12275
DPS,22518
DPS,12833
DPS,10962
DPS,104316
DPS,29582
DPS,20032
DPS,60794
DPS,25208
DPS,3208
DPS,589
DPS,109
DPS,186747
DPS,21833
DPS,233
DPS,93220
DPS,52859
DPS,9976
DPS,23203
DPS,36260
DPS,2082
DPS,7471
DPS,27785
ENE,7029
ENE,2695
EWE,1562
FLZ,4363
FOC,4043
GNS,19517
GTO,16542
HKG,7085
HLP,7864
HLP,25707
HLP,22054
HLP,11251
HLP,27614
HLP,34353
HLP,11429
HLP,18781
HLP,67794
HLP,1573
HLP,5152
HLP,23463
JHB,4998
JOG,1550
KBU,2120
KDI,60562
KEI,569
KNG,339
KNG,2382
KNO,56929
KNO,3238
KNO,1332
KNO,2571
KNO,44601
KNO,11189
KNO,14734
KNO,8737
KOE,3631
KOE,1833
KOE,1305
KOE,6628
KOE,163
KOE,227
KOE,281
KOE,37592
KOE,3742
KOE,5054
KSR,422
KTG,10994
KTG,703
KUL,9301
KUL,11824
KUL,13846
KUL,41413
KUL,5768
KUL,11045
KXB,5644
LAH,3242
LBJ,828
LBJ,41
LNU,205
LOP,2641
LOP,52626
LOP,5076
LOP,7106
LUW,235
LUW,352
LUW,13135
MDC,745
MDC,1403
MDC,4404
MDC,6087
MDC,10575
MDC,7371
MDC,28043
MJU,2909
MKQ,1152
MKQ,7575
MKW,935
MKW,29068
MKZ,2188
MNA,484
MOF,1318
MOH,1755
MOH,13012
NBX,2912
NTI,18
OTI,830
PDG,12
PEN,4169
PGK,15637
PGK,16182
PKU,2807
PKU,13832
PKY,15318
PLM,4463
PLW,197
PLW,30370
PNK,1410
PNK,1163
PNK,1208
PNK,28478
PNK,5208
RAQ,802
SIN,46909
SIN,4935
SIN,10560
SMQ,2457
SOQ,36920
SQN,697
SRG,11741
SUB,1936
SUB,106489
TIM,27825
TJS,7
TRK,5592
TRT,999
TTE,31167
UPG,23990
AAP,5118
AAP,20781
AAP,29864
AAP,7008
ABU,1156
ADL,24519
AKL,6192
AMQ,14831
AMQ,659
AMQ,4927
AMQ,1157
AMQ,691
AMQ,2050
AMQ,317
AMQ,2070
AMQ,2029
AMQ,24357
AMS,4114
ARD,2993
BDJ,9626
BDJ,2037
BDJ,84941
BDJ,2860
BDJ,2755
BDJ,20917
BDJ,78684
BDJ,15021
BDO,10879
BDO,6964
BDO,36426
BDO,1199
BDO,15691
BDO,7538
BEJ,19760
BIK,14526
BIK,10966
BJW,3368
BJW,2080
BKK,22541
BKK,12687
BKS,44056
BMU,3432
BMU,6385
BMU,879
BNE,33551
BPN,114841
BPN,10412
BPN,1749
BPN,961
BPN,6377
BPN,776
BPN,1430
BPN,1283
BPN,2842
BPN,11858
BPN,92843
BPN,979
BPN,25793
BPN,40423
BPN,34725
BTH,120342
BTH,1179
BTH,2057
BTH,54465
BTH,1168
BTH,3590
BTH,30582
BTH,32619
BTH,32313
BTH,8895
BTH,7365
BTH,29059
BTH,2207
BTH,7846
BTJ,19665
BTJ,23247
BTJ,7507
BTJ,2239
BTW,977
BUU,2010
BWX,9202
CAN,11153
CAN,548
CAN,3178
CGK,4836
CGK,79665
CGK,9464
CGK,41716
CGK,373206
CGK,31890
CGK,32123
CGK,6228
CGK,8914
CGK,41036
CGK,20905
CGK,29859
CGK,23040
CGK,71092
CGK,7861
CGK,22837
CGK,304452
CGK,10874
CGK,117199
CGK,13555
CGK,6360
CGK,68307
CGK,11069
CGK,34841
CGK,12479
CGK,6550
CGK,11910
CGK,15038
CGK,25012
CGK,137059
CGK,2739
CGK,20981
CGK,84656
CGK,115981
CGK,31228
CGK,133719
CGK,19977
CGK,1368
CGK,135125
CGK,3045
CGK,1633
CGK,226693
CGK,2888
CGK,60274
CGK,14995
CGK,87690
CGK,233611
CGK,17025
CGK,4816
CGK,192
CGK,1424
CGK,41050
CGK,58885
CGK,17616
CGK,31355
CGK,7832
CGK,12388
CGK,197514
CGK,9066
CGK,118284
CNS,4078
DEX,3251
DIL,5411
DJJ,9938
DJJ,6051
DJJ,3818
DJJ,2372
DJJ,8220
DJJ,22347
DJJ,1259
DJJ,20321
DJJ,18122
DJJ,869
DOB,846
DOH,40298
DPS,6646
DPS,45884
DPS,10195
DPS,18421
DPS,22999
DPS,12125
DPS,11747
DPS,109881
DPS,34816
DPS,19055
DPS,69018
DPS,21721
DPS,2911
DPS,7446
DPS,2255
DPS,196857
DPS,21772
DPS,320
DPS,106478
DPS,52507
DPS,9563
DPS,29525
DPS,34449
DPS,2013
DPS,9932
DPS,27308
ENE,7162
ENE,3045
EWE,1219
FLZ,4042
FOC,3593
GNS,16000
GTO,17702
HKG,8704
HLP,6217
HLP,19583
HLP,19846
HLP,20996
HLP,25468
HLP,29519
HLP,13394
HLP,17369
HLP,55707
HLP,1762
HLP,6323
HLP,22121
JHB,4775
JOG,1135
KBU,2289
KDI,60870
KDI,512
KEI,576
KNG,852
KNG,1586
KNO,63440
KNO,2510
KNO,1041
KNO,3227
KNO,51188
KNO,9266
KNO,15378
KNO,8968
KOE,3590
KOE,1964
KOE,1292
KOE,7153
KOE,25
KOE,132
KOE,176
KOE,38928
KOE,3409
KOE,4206
KSR,310
KTG,9940
KTG,1226
KUL,9185
KUL,15073
KUL,17617
KUL,42664
KUL,7354
KUL,12777
KXB,5285
LAH,2887
LBJ,1175
LBJ,7311
LNU,222
LOP,2822
LOP,50433
LOP,5385
LOP,7824
LUW,306
LUW,297
LUW,12291
MDC,680
MDC,1273
MDC,5126
MDC,6938
MDC,11426
MDC,7002
MDC,27590
MJU,2450
MKQ,1111
MKQ,7321
MKW,1279
MKW,22255
MKW,6144
MKZ,1319
MNA,473
MOF,1534
MOH,1638
MOH,11568
NBX,3627
OTI,703
PDG,10
PEN,4106
PGK,17265
PGK,16056
PKU,2385
PKU,18957
PKY,17500
PLM,9650
PLW,270
PLW,30356
PNK,1089
PNK,1754
PNK,591
PNK,27263
PNK,11206
RAQ,920
SIN,52329
SIN,4603
SIN,13843
SMQ,2100
SOQ,29322
SQN,596
SRG,12824
SUB,9079
SUB,119644
TIM,22588
TJS,4
TRK,8763
TRT,580
TTE,27621
UPG,28423
AAP,4975
AAP,26513
AAP,29301
AAP,4496
ABU,1541
ADL,13723
AKL,6642
AMQ,19684
AMQ,967
AMQ,6670
AMQ,1900
AMQ,784
AMQ,1563
AMQ,292
AMQ,2455
AMQ,2213
AMQ,26399
AMS,4104
ARD,3361
BDJ,10427
BDJ,2109
BDJ,109665
BDJ,12
BDJ,3413
BDJ,3127
BDJ,23244
BDJ,97116
BDJ,13652
BDO,12855
BDO,7514
BDO,34167
BDO,2335
BDO,12263
BDO,9596
BEJ,22782
BIK,14595
BIK,13730
BJW,3402
BJW,2499
BKK,30186
BKK,16104
BKS,51689
BMU,3697
BMU,6943
BMU,1050
BNE,32631
BPN,149171
BPN,15732
BPN,357
BPN,2126
BPN,1834
BPN,6794
BPN,686
BPN,1351
BPN,2140
BPN,3583
BPN,10335
BPN,125400
BPN,2489
BPN,29723
BPN,44260
BPN,38582
BTH,128423
BTH,1098
BTH,1849
BTH,55730
BTH,1342
BTH,4521
BTH,33560
BTH,31130
BTH,30947
BTH,9160
BTH,8564
BTH,32876
BTH,2831
BTH,9073
BTJ,26036
BTJ,25165
BTJ,8960
BTJ,4407
BTW,1141
BUU,2236
BWX,12286
CAN,14825
CAN,4730
CAN,3095
CGK,9004
CGK,89247
CGK,14573
CGK,54168
CGK,392707
CGK,27929
CGK,43825
CGK,6053
CGK,11060
CGK,44067
CGK,22127
CGK,37192
CGK,23682
CGK,55558
CGK,7422
CGK,28244
CGK,323983
CGK,15717
CGK,145792
CGK,16629
CGK,7987
CGK,84118
CGK,13306
CGK,45225
CGK,28028
CGK,8489
CGK,11993
CGK,16830
CGK,28893
CGK,152807
CGK,4293
CGK,23145
CGK,81847
CGK,126083
CGK,40424
CGK,140855
CGK,26458
CGK,4300
CGK,148426
CGK,7965
CGK,6206
CGK,252659
CGK,2636
CGK,68770
CGK,15911
CGK,101196
CGK,288809
CGK,16423
CGK,6187
CGK,1174
CGK,2165
CGK,42553
CGK,78772
CGK,17377
CGK,30803
CGK,8206
CGK,15385
CGK,235305
CGK,10623
CGK,148363
CNS,4188
DEX,5012
DIL,4973
DJJ,12073
DJJ,5400
DJJ,4324
DJJ,2576
DJJ,9465
DJJ,22286
DJJ,1476
DJJ,26042
DJJ,22540
DJJ,1086
DOB,1094
DOH,43579
DPS,7040
DPS,46191
DPS,10492
DPS,25442
DPS,22868
DPS,12726
DPS,12362
DPS,123119
DPS,40443
DPS,21497
DPS,73167
DPS,20190
DPS,2665
DPS,4795
DPS,4354
DPS,218700
DPS,25793
DPS,458
DPS,113002
DPS,53810
DPS,11625
DPS,31841
DPS,43230
DPS,2932
DPS,10887
DPS,35700
ENE,9364
ENE,3544
EWE,55
EWE,1631
FLZ,4423
FOC,3769
GNS,20695
GTO,21228
HKG,10170
HLP,9158
HLP,31494
HLP,24730
HLP,15237
HLP,30086
HLP,38404
HLP,15405
HLP,23337
HLP,80196
HLP,3044
HLP,7382
HLP,31896
JHB,5105
JOG,2041
KBU,812
KDI,66274
KDI,965
KEI,562
KJT,887
KNG,1243
KNG,1959
KNO,59378
KNO,1380
KNO,3025
KNO,1519
KNO,4338
KNO,42811
KNO,10354
KNO,18842
KNO,152
KNO,9129
KOE,1499
KOE,3170
KOE,1302
KOE,7213
KOE,1004
KOE,207
KOE,309
KOE,43558
KOE,4770
KOE,4139
KSR,5
KTG,10939
KTG,837
KUL,9523
KUL,18838
KUL,16932
KUL,48263
KUL,8467
KUL,16971
KXB,5547
LAH,2981
LBJ,1116
LBJ,10120
LNU,173
LOP,5156
LOP,56619
LOP,6283
LOP,8637
LUW,361
LUW,389
LUW,14403
MDC,870
MDC,1671
MDC,5406
MDC,6933
MDC,11716
MDC,7415
MDC,35509
MJU,3827
MKQ,947
MKQ,8779
MKW,2343
MKW,26554
MKW,9571
MKZ,1658
MNA,601
MOF,2053
MOH,2169
MOH,13751
NBX,4757
NTI,62
OTI,1180
PDG,16
PEN,4089
PGK,19799
PGK,19370
PKU,4730
PKU,19037
PKY,20208
PLM,9086
PLW,134
PLW,34418
PNK,1361
PNK,1333
PNK,1138
PNK,32322
PNK,10351
RAQ,871
SIN,61602
SIN,6120
SIN,17827
SMQ,2719
SOQ,34954
SQN,602
SRG,13313
SUB,9011
SUB,139797
TIM,26309
TJS,5
TRK,8643
TRT,1454
TTE,36993
UPG,35357
AAP,4975
AAP,23306
AAP,24600
AAP,5166
ABU,1541
ADL,16078
AKL,8405
AMQ,20858
AMQ,967
AMQ,6670
AMQ,1900
AMQ,781
AMQ,1563
AMQ,351
AMQ,2455
AMQ,2213
AMQ,23688
AMS,4397
ARD,3361
BDJ,9922
BDJ,2095
BDJ,90520
BDJ,3413
BDJ,3127
BDJ,18829
BDJ,79754
BDJ,10295
BDO,12979
BDO,7121
BDO,50321
BDO,2335
BDO,16102
BDO,8800
BEJ,22367
BIK,14459
BIK,12338
BJW,3402
BJW,2499
BKK,30248
BKK,16390
BKS,48058
BMU,3697
BMU,6943
BMU,1050
BNE,34584
BPN,142276
BPN,22210
BPN,357
BPN,2365
BPN,1834
BPN,6971
BPN,675
BPN,1351
BPN,2140
BPN,3448
BPN,9655
BPN,98131
BPN,2489
BPN,29460
BPN,36221
BPN,35705
BTH,117687
BTH,1098
BTH,2601
BTH,54346
BTH,1342
BTH,4333
BTH,30786
BTH,28210
BTH,28465
BTH,12401
BTH,7586
BTH,30707
BTH,3149
BTH,8758
BTJ,24877
BTJ,27002
BTJ,9745
BTJ,3846
BTW,1141
BUU,1546
BWX,13266
CAN,14630
CAN,4816
CAN,2931
CGK,5463
CGK,80301
CGK,12566
CGK,51842
CGK,453127
CGK,34116
CGK,40752
CGK,5848
CGK,9623
CGK,45203
CGK,22979
CGK,34687
CGK,22931
CGK,29344
CGK,8320
CGK,2043
CGK,24452
CGK,302369
CGK,17622
CGK,167327
CGK,20079
CGK,6365
CGK,74097
CGK,12841
CGK,46350
CGK,986
CGK,10463
CGK,12051
CGK,16390
CGK,27826
CGK,151583
CGK,3784
CGK,23096
CGK,78820
CGK,118494
CGK,37252
CGK,132258
CGK,23274
CGK,2598
CGK,137578
CGK,13025
CGK,7570
CGK,255235
CGK,3358
CGK,55842
CGK,14653
CGK,85291
CGK,277728
CGK,19385
CGK,5253
CGK,1218
CGK,2472
CGK,42697
CGK,77070
CGK,17472
CGK,32378
CGK,8072
CGK,13488
CGK,221316
CGK,9510
CGK,134532
CNS,4343
DEX,4972
DIL,5517
DJJ,11195
DJJ,6043
DJJ,4324
DJJ,2078
DJJ,9846
DJJ,22719
DJJ,1854
DJJ,23804
DJJ,23438
DJJ,1211
DOB,1094
DOH,46070
DPS,8299
DPS,55970
DPS,10070
DPS,26631
DPS,24230
DPS,13008
DPS,12495
DPS,136349
DPS,43360
DPS,22205
DPS,84102
DPS,20204
DPS,3717
DPS,6272
DPS,5631
DPS,222371
DPS,28743
DPS,458
DPS,117667
DPS,59127
DPS,10890
DPS,32846
DPS,45062
DPS,2932
DPS,9284
DPS,38919
ENE,10157
ENE,3544
EWE,28
EWE,1631
FLZ,4375
FOC,2822
GNS,21117
GTO,19030
HKG,9704
HLP,9706
HLP,30545
HLP,24277
HLP,15625
HLP,28700
HLP,36962
HLP,13922
HLP,19155
HLP,71280
HLP,294
HLP,6353
HLP,26567
JHB,4713
JOG,2041
KBU,812
KDI,60103
KDI,1036
KEI,787
KJT,1489
KNG,1243
KNG,1959
KNO,69148
KNO,104
KNO,3025
KNO,1519
KNO,4338
KNO,48462
KNO,10284
KNO,20773
KNO,152
KNO,7301
KOE,2127
KOE,3170
KOE,1302
KOE,7568
KOE,1004
KOE,196
KOE,323
KOE,45362
KOE,4730
KOE,4487
KTG,10939
KTG,837
KUL,9470
KUL,20833
KUL,19170
KUL,44524
KUL,9872
KUL,18998
KXB,5547
LAH,2981
LBJ,1116
LBJ,10643
LNU,186
LOP,5716
LOP,60645
LOP,6283
LOP,8809
LUW,361
LUW,389
LUW,13173
MDC,870
MDC,1590
MDC,5287
MDC,7579
MDC,10355
MDC,7415
MDC,35628
MJU,3827
MKQ,864
MKQ,9328
MKW,2343
MKW,26480
MKW,8220
MKZ,1759
MNA,601
MOF,2053
MOH,2169
MOH,13751
NBX,4757
NTI,52
OTI,1180
PDG,24
PEN,4141
PGK,17869
PGK,17383
PKU,5847
PKU,17584
PKY,17453
PLM,9285
PLW,134
PLW,31172
PNK,1361
PNK,1281
PNK,1138
PNK,30159
PNK,8210
RAQ,871
SIN,63816
SIN,6404
SIN,21085
SMQ,2719
SOQ,36475
SQN,683
SRG,9633
SUB,7935
SUB,118207
TIM,25207
TRK,2646
TRT,1454
TTE,33835
UPG,28810
AAP,6883
AAP,24950
AAP,33066
AAP,8871
ABU,1573
ADL,30221
AKL,11990
AMQ,21954
AMQ,833
AMQ,6194
AMQ,1982
AMQ,978
AMQ,1966
AMQ,371
AMQ,2703
AMQ,2048
AMQ,24464
AMS,5138
ARD,3585
BDJ,4402
BDJ,11865
BDJ,2706
BDJ,101040
BDJ,3883
BDJ,2668
BDJ,25506
BDJ,93169
BDJ,16933
BDO,13788
BDO,7602
BDO,52743
BDO,2451
BDO,15811
BDO,4746
BDO,9577
BEJ,23547
BIK,14804
BIK,13538
BJW,4293
BJW,3586
BKK,33465
BKK,18186
BKS,49016
BMU,4090
BMU,8062
BMU,1272
BNE,36120
BPN,152470
BPN,19033
BPN,968
BPN,2826
BPN,1643
BPN,6552
BPN,956
BPN,1364
BPN,2216
BPN,4017
BPN,11173
BPN,94998
BPN,2453
BPN,37507
BPN,48538
BPN,37816
BTH,127371
BTH,1000
BTH,2350
BTH,56581
BTH,1624
BTH,4790
BTH,32773
BTH,32424
BTH,28173
BTH,11659
BTH,8356
BTH,34600
BTH,3182
BTH,9142
BTJ,29843
BTJ,27482
BTJ,11986
BTJ,3113
BTW,2168
BUU,2715
BWX,13974
BXB,206
CAN,17004
CAN,11553
CAN,4983
CGK,6281
CGK,89122
CGK,14953
CGK,54814
CGK,501516
CGK,26898
CGK,44083
CGK,7827
CGK,11238
CGK,44935
CGK,24764
CGK,36773
CGK,24791
CGK,44085
CGK,9444
CGK,3890
CGK,28692
CGK,3607
CGK,338512
CGK,19182
CGK,194054
CGK,27566
CGK,8009
CGK,87876
CGK,13684
CGK,52410
CGK,3120
CGK,13162
CGK,13935
CGK,18422
CGK,28424
CGK,148612
CGK,4926
CGK,25814
CGK,84135
CGK,134687
CGK,41220
CGK,138123
CGK,26727
CGK,2723
CGK,139860
CGK,14823
CGK,7365
CGK,290907
CGK,4090
CGK,53739
CGK,15648
CGK,91264
CGK,292567
CGK,21804
CGK,7534
CGK,1538
CGK,2618
CGK,42135
CGK,84533
CGK,19050
CGK,32960
CGK,8554
CGK,15075
CGK,241785
CGK,9412
CGK,140947
CNS,4467
DEX,5345
DIL,9315
DJJ,12078
DJJ,6315
DJJ,4261
DJJ,2370
DJJ,10590
DJJ,22988
DJJ,1718
DJJ,27984
DJJ,23082
DJJ,1241
DOB,920
DOH,61397
DPS,7403
DPS,60904
DPS,11559
DPS,29009
DPS,26163
DPS,13036
DPS,13136
DPS,143460
DPS,46851
DPS,28275
DPS,92179
DPS,25934
DPS,4058
DPS,8561
DPS,321
DPS,12289
DPS,246027
DPS,29769
DPS,131057
DPS,67402
DPS,13154
DPS,34627
DPS,52705
DPS,3039
DPS,11953
DPS,40957
ENE,7886
ENE,3991
EWE,72
EWE,1005
FLZ,4417
FOC,3376
GNS,18814
GTO,20736
HKG,11726
HLP,10794
HLP,22606
HLP,26429
HLP,18688
HLP,24622
HLP,41959
HLP,16802
HLP,24923
HLP,72371
HLP,7095
HLP,28657
JHB,6786
JOG,1866
KDI,67305
KDI,1053
KEI,879
KJT,2317
KNG,397
KNG,1886
KNO,67056
KNO,1520
KNO,3166
KNO,471
KNO,1421
KNO,3207
KNO,48189
KNO,10606
KNO,3687
KNO,20829
KNO,9519
KOE,278
KOE,2838
KOE,1506
KOE,8518
KOE,1399
KOE,231
KOE,396
KOE,47790
KOE,5362
KOE,3151
KTG,11222
KTG,1071
KUL,10139
KUL,22424
KUL,19728
KUL,53317
KUL,9265
KUL,21551
KXB,6585
LAH,3031
LBJ,1302
LBJ,11554
LNU,209
LOP,6201
LOP,66857
LOP,4980
LOP,9933
LUW,542
LUW,553
LUW,15053
MDC,615
MDC,1531
MDC,6102
MDC,7830
MDC,11108
MDC,7495
MDC,37058
MJU,3880
MKQ,794
MKQ,10433
MKW,2843
MKW,28158
MKW,11071
MKZ,1203
MNA,372
MOF,2791
MOH,2801
MOH,13431
NBX,4666
NTI,82
OTI,638
PDG,38
PEN,7021
PGK,17024
PGK,17587
PGQ,230
PKU,6387
PKU,292
PKU,21021
PKY,21579
PLM,9535
PLM,4522
PLW,37476
PNK,1129
PNK,5882
PNK,1229
PNK,32324
PNK,10156
RAQ,597
SIN,68049
SIN,7604
SIN,22623
SMQ,3016
SOQ,40973
SQN,647
SRG,12322
SUB,10416
SUB,139821
TIM,28273
TJS,3
TRK,193
TRT,1613
TTE,40738
UPG,41686
AAP,5988
AAP,25426
AAP,22555
AAP,7969
ABU,1394
ADL,18262
AKL,7537
AMQ,21669
AMQ,875
AMQ,6522
AMQ,2504
AMQ,1012
AMQ,1821
AMQ,266
AMQ,2992
AMQ,1917
AMQ,20014
AMS,4906
ARD,3568
BDJ,1663
BDJ,11047
BDJ,2606
BDJ,99272
BDJ,3607
BDJ,1653
BDJ,18177
BDJ,75073
BDJ,10685
BDO,11839
BDO,3619
BDO,37739
BDO,1282
BDO,9590
BDO,1637
BDO,8103
BEJ,20068
BIK,14165
BIK,12006
BJW,3725
BJW,3264
BKK,29876
BKK,17534
BKS,46164
BMU,3921
BMU,7785
BMU,624
BNE,34852
BOM,7244
BPN,140853
BPN,18040
BPN,959
BPN,2718
BPN,1223
BPN,5596
BPN,110
BPN,1074
BPN,1590
BPN,3207
BPN,10882
BPN,66983
BPN,1630
BPN,30367
BPN,119
BPN,36616
BPN,30004
BTH,106062
BTH,128
BTH,1749
BTH,49987
BTH,1580
BTH,4089
BTH,26948
BTH,24902
BTH,24974
BTH,9610
BTH,5495
BTH,31995
BTH,2613
BTH,7966
BTJ,28840
BTJ,20895
BTJ,9717
BTJ,3207
BTW,1459
BUU,1612
BWX,12999
CAN,16775
CAN,11443
CAN,6624
CGK,10294
CGK,77354
CGK,13726
CGK,58324
CGK,442890
CGK,22751
CGK,42351
CGK,8299
CGK,11306
CGK,41460
CGK,23937
CGK,35670
CGK,25271
CGK,112980
CGK,7772
CGK,4361
CGK,28273
CGK,3664
CGK,279809
CGK,15756
CGK,162954
CGK,32272
CGK,8342
CGK,82478
CGK,14983
CGK,51372
CGK,19524
CGK,8925
CGK,13404
CGK,16540
CGK,25397
CGK,118462
CGK,5152
CGK,24472
CGK,67152
CGK,116837
CGK,37328
CGK,121619
CGK,25935
CGK,1062
CGK,134889
CGK,14189
CGK,9646
CGK,255973
CGK,2964
CGK,46002
CGK,14779
CGK,95784
CGK,269432
CGK,17083
CGK,9921
CGK,1824
CGK,2765
CGK,34867
CGK,81360
CGK,18150
CGK,32261
CGK,8637
CGK,13950
CGK,205789
CGK,10194
CGK,117023
CNS,4367
DEX,4450
DIL,9890
DJJ,10398
DJJ,4835
DJJ,4337
DJJ,2740
DJJ,9352
DJJ,19178
DJJ,1642
DJJ,21599
DJJ,21398
DJJ,1088
DOB,882
DOH,61776
DPS,7401
DPS,60147
DPS,15099
DPS,28221
DPS,28424
DPS,13101
DPS,5000
DPS,12358
DPS,141992
DPS,54902
DPS,26073
DPS,88684
DPS,25092
DPS,6434
DPS,4972
DPS,272
DPS,12718
DPS,249236
DPS,24765
DPS,111818
DPS,63724
DPS,402
DPS,12031
DPS,34948
DPS,42443
DPS,3231
DPS,12989
DPS,42196
ENE,7226
ENE,4017
EWE,334
FLZ,4164
FOC,4234
GNS,16563
GTO,17003
HKG,10578
HLP,10965
HLP,20258
HLP,25166
HLP,17536
HLP,21742
HLP,39296
HLP,20162
HLP,22344
HLP,78346
HLP,6865
HLP,21218
JHB,5358
JOG,1206
KDI,60430
KDI,1067
KEI,165
KJT,2046
KNG,2106
KNO,60355
KNO,1324
KNO,3047
KNO,225
KNO,1180
KNO,2219
KNO,48045
KNO,9555
KNO,5200
KNO,18804
KNO,9130
KOE,2743
KOE,1425
KOE,7571
KOE,1137
KOE,14
KOE,59
KOE,41431
KOE,4314
KOE,2744
KTG,11023
KTG,578
KUL,11253
KUL,19646
KUL,21299
KUL,51075
KUL,8063
KUL,19541
KXB,5329
LAH,3418
LBJ,1258
LBJ,10435
LNU,46
LOP,5747
LOP,61368
LOP,4343
LOP,8391
LUW,640
LUW,647
LUW,14153
MDC,5
MDC,789
MDC,2192
MDC,5498
MDC,7023
MDC,10815
MDC,7114
MDC,27702
MJU,4007
MKQ,851
MKQ,8241
MKW,1276
MKW,21113
MKW,10013
MKZ,127
MNA,589
MOF,1809
MOH,3824
MOH,12353
NBX,4769
NTI,7
OTI,373
PEN,8400
PGK,14736
PGK,15278
PKU,4946
PKU,18770
PKY,18219
PLM,8041
PLM,7287
PLW,33653
PNK,1149
PNK,2436
PNK,1159
PNK,29303
PNK,9148
RAQ,132
SIN,56431
SIN,6167
SIN,18871
SMQ,2436
SOQ,29480
SQN,484
SRG,10449
SUB,8284
SUB,115719
TIM,24236
TJS,2
TRT,1456
TTE,34380
UPG,34355
AAP,3954
AAP,25144
AAP,17892
AAP,7593
ABU,1187
ADL,24241
AKL,7669
AMQ,22619
AMQ,843
AMQ,6162
AMQ,1801
AMQ,853
AMQ,1805
AMQ,302
AMQ,2810
AMQ,2130
AMQ,19334
AMS,5164
ARD,3466
BDJ,627
BDJ,10644
BDJ,2218
BDJ,97097
BDJ,3667
BDJ,2656
BDJ,19345
BDJ,77818
BDJ,10198
BDO,11129
BDO,2932
BDO,36478
BDO,1011
BDO,9605
BDO,599
BDO,8586
BEJ,14927
BEJ,4409
BEJ,5483
BIK,14144
BIK,12165
BJW,3253
BJW,3060
BKK,30039
BKK,16793
BKS,44013
BMU,3654
BMU,7891
BMU,661
BNE,35095
BOM,8172
BPN,122901
BPN,16974
BPN,858
BPN,1965
BPN,1156
BPN,4113
BPN,999
BPN,1234
BPN,3509
BPN,9819
BPN,73244
BPN,1127
BPN,28874
BPN,893
BPN,37846
BPN,28435
BTH,103038
BTH,2078
BTH,50949
BTH,1549
BTH,4046
BTH,25138
BTH,24524
BTH,23944
BTH,7830
BTH,4957
BTH,30534
BTH,2782
BTH,7318
BTJ,26537
BTJ,18238
BTJ,9081
BTJ,3280
BTW,1262
BUU,2275
BWX,12331
BWX,1192
CAN,16248
CAN,11211
CAN,8666
CGK,8824
CGK,77065
CGK,13684
CGK,62319
CGK,411534
CGK,23393
CGK,43262
CGK,7592
CGK,11227
CGK,42918
CGK,24072
CGK,35034
CGK,24579
CGK,81104
CGK,7985
CGK,3928
CGK,29162
CGK,3821
CGK,249715
CGK,15969
CGK,158965
CGK,27028
CGK,7546
CGK,71784
CGK,13560
CGK,49846
CGK,44196
CGK,9443
CGK,14404
CGK,17000
CGK,26390
CGK,110403
CGK,7168
CGK,25839
CGK,65890
CGK,111165
CGK,38173
CGK,124089
CGK,25323
CGK,2193
CGK,119083
CGK,14768
CGK,2651
CGK,247194
CGK,2500
CGK,46749
CGK,14600
CGK,88906
CGK,253606
CGK,18041
CGK,9749
CGK,1362
CGK,3677
CGK,33629
CGK,77800
CGK,17743
CGK,28047
CGK,8728
CGK,13316
CGK,203112
CGK,12170
CGK,112482
CNS,4336
DEX,4521
DIL,9993
DJJ,10096
DJJ,5038
DJJ,4747
DJJ,1977
DJJ,7821
DJJ,19432
DJJ,1437
DJJ,18300
DJJ,20437
DJJ,1146
DOB,885
DOH,59492
DPS,7196
DPS,58483
DPS,15801
DPS,25614
DPS,24698
DPS,13107
DPS,5232
DPS,11482
DPS,128946
DPS,45355
DPS,21845
DPS,86368
DPS,24033
DPS,7377
DPS,7176
DPS,290
DPS,12139
DPS,235993
DPS,26407
DPS,1218
DPS,109166
DPS,65669
DPS,9641
DPS,35098
DPS,39094
DPS,3165
DPS,10079
DPS,38307
ENE,6047
ENE,4056
EWE,391
FLZ,3856
FOC,3213
GNS,15150
GTO,16517
HKG,13256
HLP,9955
HLP,22743
HLP,23959
HLP,15909
HLP,20572
HLP,35768
HLP,16355
HLP,20147
HLP,78185
HLP,5587
HLP,19206
JHB,5610
JOG,1283
KDI,65455
KDI,1163
KEI,167
KJT,2059
KNG,2417
KNO,55588
KNO,1018
KNO,2908
KNO,1227
KNO,1505
KNO,45032
KNO,9148
KNO,4176
KNO,20061
KNO,8583
KOE,3024
KOE,1217
KOE,6970
KOE,1126
KOE,35
KOE,66
KOE,40078
KOE,4483
KOE,2578
KTG,10491
KTG,482
KUL,13137
KUL,19631
KUL,18764
KUL,54443
KUL,7682
KUL,19956
KXB,5502
LAH,3081
LBJ,1465
LBJ,9561
LNU,49
LOP,5673
LOP,58169
LOP,4094
LOP,7043
LUW,363
LUW,451
LUW,13573
MDC,1047
MDC,1576
MDC,5990
MDC,6037
MDC,8491
MDC,7122
MDC,27428
MJU,4398
MKQ,931
MKQ,7365
MKW,927
MKW,21566
MKW,9108
MNA,720
MOF,1001
MOH,3471
MOH,12430
NBX,4603
OTI,372
PEN,7480
PGK,14429
PGK,15322
PKU,5881
PKU,16926
PKY,18373
PLM,7743
PLM,6858
PLW,33952
PNK,841
PNK,3161
PNK,1105
PNK,28516
PNK,8699
RAQ,141
SIN,57694
SIN,6317
SIN,18231
SMQ,2158
SOQ,27484
SQN,625
SRG,9864
SUB,7938
SUB,111276
TIM,24274
TRK,137
TRT,1245
TTE,31523
UPG,34475
AAP,5130
AAP,26319
AAP,20987
AAP,8332
ABU,1130
ADL,26258
AKL,6468
AMQ,27019
AMQ,927
AMQ,8211
AMQ,1531
AMQ,934
AMQ,2371
AMQ,309
AMQ,3576
AMQ,2254
AMQ,22321
AMS,4580
ARD,3334
BDJ,11146
BDJ,2602
BDJ,107626
BDJ,3932
BDJ,1637
BDJ,2974
BDJ,21639
BDJ,77743
BDJ,11395
BDO,10578
BDO,3448
BDO,38292
BDO,1103
BDO,9061
BDO,7585
BEJ,17921
BEJ,4348
BEJ,5513
BIK,15236
BIK,12083
BJW,3695
BJW,3216
BKK,28593
BKK,14399
BKS,44827
BMU,3764
BMU,7918
BMU,529
BNE,35963
BOM,8599
BPN,143853
BPN,18803
BPN,650
BPN,820
BPN,1282
BPN,1262
BPN,4688
BPN,943
BPN,1462
BPN,3640
BPN,10746
BPN,78640
BPN,1183
BPN,31035
BPN,911
BPN,39437
BPN,31874
BTH,109705
BTH,2341
BTH,195
BTH,45091
BTH,1582
BTH,4110
BTH,23514
BTH,24420
BTH,21642
BTH,7965
BTH,5878
BTH,28274
BTH,2513
BTH,8652
BTJ,30653
BTJ,19688
BTJ,7165
BTJ,3473
BTW,1202
BUU,2383
BWX,13569
BWX,1134
BXB,92
CAI,514
CAN,16232
CAN,10680
CAN,8029
CGK,7894
CGK,82279
CGK,15545
CGK,61492
CGK,437965
CGK,27589
CGK,43784
CGK,7376
CGK,11861
CGK,46390
CGK,28243
CGK,37740
CGK,24746
CGK,81172
CGK,8180
CGK,4128
CGK,30104
CGK,4860
CGK,266435
CGK,19399
CGK,163921
CGK,27222
CGK,8054
CGK,80530
CGK,12538
CGK,53147
CGK,44465
CGK,9722
CGK,20638
CGK,17592
CGK,29709
CGK,120938
CGK,6636
CGK,26781
CGK,73941
CGK,118644
CGK,38614
CGK,133361
CGK,28933
CGK,2538
CGK,124684
CGK,14277
CGK,3074
CGK,263525
CGK,3185
CGK,48896
CGK,16876
CGK,93740
CGK,269244
CGK,17719
CGK,8457
CGK,1485
CGK,3789
CGK,32560
CGK,80192
CGK,19244
CGK,28573
CGK,9246
CGK,14840
CGK,233993
CGK,11819
CGK,120917
CNS,4311
DEX,4794
DIL,9984
DJJ,11324
DJJ,5387
DJJ,5422
DJJ,2305
DJJ,7391
DJJ,21851
DJJ,1529
DJJ,20644
DJJ,21710
DJJ,1062
DOB,1034
DOH,59505
DPS,1899
DPS,55638
DPS,14569
DPS,26223
DPS,25991
DPS,14361
DPS,2582
DPS,4082
DPS,12518
DPS,116642
DPS,43560
DPS,24166
DPS,85503
DPS,22884
DPS,7488
DPS,6974
DPS,326
DPS,13443
DPS,225985
DPS,28250
DPS,4915
DPS,123660
DPS,65227
DPS,210
DPS,10556
DPS,33625
DPS,45241
DPS,3273
DPS,10026
DPS,42039
ENE,7405
ENE,4173
EWE,662
FLZ,3848
FOC,3300
GNS,14818
GTO,17273
HKG,14572
HLP,10380
HLP,18461
HLP,22947
HLP,16993
HLP,21577
HLP,37115
HLP,14451
HLP,18799
HLP,78616
HLP,1476
HLP,20876
JHB,6364
JOG,1097
KDI,65771
KDI,1073
KEI,120
KJT,807
KJT,2292
KJT,201
KNG,2993
KNO,57296
KNO,964
KNO,3325
KNO,1398
KNO,2568
KNO,52704
KNO,10412
KNO,7326
KNO,20017
KNO,7476
KOE,2826
KOE,1349
KOE,7258
KOE,1186
KOE,44
KOE,70
KOE,42530
KOE,4466
KOE,3024
KTG,10693
KTG,340
KUL,13814
KUL,23654
KUL,28178
KUL,64767
KUL,8457
KUL,15720
KXB,6074
LAH,3322
LBJ,1556
LBJ,9923
LNU,50
LOP,5937
LOP,62588
LOP,4200
LOP,8210
LUW,571
LUW,729
LUW,13166
MDC,786
MDC,1656
MDC,5559
MDC,6830
MDC,9195
MDC,7363
MDC,30322
MJU,5408
MKQ,8620
MKW,809
MKW,22247
MKW,11089
MNA,485
MOF,908
MOH,3755
MOH,12484
NBX,5494
OTI,403
PEN,6907
PGK,15047
PGK,16742
PKU,5505
PKU,15766
PKY,19553
PLM,7525
PLM,7978
PLW,31583
PNK,1254
PNK,2408
PNK,1053
PNK,29851
PNK,7986
RAQ,129
SIN,61220
SIN,6581
SIN,18260
SMQ,1830
SOQ,24093
SQN,703
SRG,9318
SUB,9625
SUB,117987
TIM,27259
TRT,1165
TTE,32720
UPG,28362
AAP,4818
AAP,30009
AAP,24227
AAP,8679
ABU,1310
ADL,16830
AMQ,24736
AMQ,1127
AMQ,8754
AMQ,1250
AMQ,851
AMQ,1697
AMQ,264
AMQ,3514
AMQ,2199
AMQ,19871
AMS,2522
ARD,3411
BDJ,11090
BDJ,1186
BDJ,117498
BDJ,5811
BDJ,3608
BDJ,3628
BDJ,148
BDJ,22386
BDJ,74906
BDJ,14691
BDO,943
BEJ,16708
BEJ,4645
BEJ,5369
BIK,14666
BIK,9750
BJW,3899
BJW,3153
BKK,32297
BKK,10609
BKS,47466
BMU,3673
BMU,8317
BMU,423
BNE,35913
BOM,7477
BPN,153184
BPN,17745
BPN,765
BPN,8738
BPN,2531
BPN,1399
BPN,2826
BPN,742
BPN,1808
BPN,3654
BPN,11235
BPN,67296
BPN,1555
BPN,30501
BPN,718
BPN,37482
BPN,35303
BTH,113569
BTH,1697
BTH,1896
BTH,40679
BTH,1500
BTH,4841
BTH,21135
BTH,23812
BTH,20032
BTH,6017
BTH,5085
BTH,28747
BTH,2853
BTH,5678
BTJ,26678
BTJ,24642
BTJ,8601
BTJ,3855
BTW,788
BUU,2707
BWX,12422
BWX,1123
BXB,62
CAI,2925
CAN,10852
CAN,9755
CAN,6553
CGK,6879
CGK,79308
CGK,23729
CGK,52487
CGK,410442
CGK,28914
CGK,37487
CGK,6796
CGK,11904
CGK,50942
CGK,29533
CGK,38122
CGK,22969
CGK,75843
CGK,10717
CGK,3660
CGK,29176
CGK,3863
CGK,266559
CGK,20360
CGK,164085
CGK,23308
CGK,7912
CGK,68925
CGK,11218
CGK,54961
CGK,32298
CGK,8104
CGK,440
CGK,21647
CGK,15950
CGK,29368
CGK,111871
CGK,6583
CGK,28400
CGK,72128
CGK,117188
CGK,42345
CGK,122075
CGK,33402
CGK,3054
CGK,126099
CGK,16952
CGK,7689
CGK,259458
CGK,3528
CGK,51225
CGK,18270
CGK,89783
CGK,254085
CGK,14294
CGK,3679
CGK,1323
CGK,3405
CGK,33576
CGK,82202
CGK,20917
CGK,28381
CGK,9153
CGK,17950
CGK,246073
CGK,13613
CGK,119948
CNS,4350
DEX,5474
DIL,10032
DJJ,13823
DJJ,5762
DJJ,6656
DJJ,2360
DJJ,6980
DJJ,23552
DJJ,1625
DJJ,20465
DJJ,21919
DJJ,1302
DOB,1048
DOH,53333
DPS,6427
DPS,41592
DPS,14030
DPS,23476
DPS,14813
DPS,12376
DPS,28063
DPS,2898
DPS,12087
DPS,99162
DPS,33233
DPS,20976
DPS,72357
DPS,22573
DPS,9119
DPS,5013
DPS,204
DPS,12684
DPS,192590
DPS,24629
DPS,4747
DPS,115218
DPS,61732
DPS,9573
DPS,27392
DPS,44202
DPS,2908
DPS,9123
DPS,42914
ENE,7802
ENE,4186
EWE,1810
FLZ,3791
FOC,1978
GNS,15581
GTO,17185
HKG,14238
HLP,11614
HLP,17710
HLP,24457
HLP,16425
HLP,21220
HLP,39725
HLP,13943
HLP,18398
HLP,78803
HLP,21422
JHB,6765
JOG,970
KDI,61735
KDI,939
KEI,158
KJT,5881
KJT,2084
KJT,2168
KNG,946
KNG,2383
KNO,62111
KNO,855
KNO,3215
KNO,1223
KNO,2695
KNO,46088
KNO,9486
KNO,8134
KNO,20169
KNO,4464
KOE,3493
KOE,1412
KOE,7102
KOE,1587
KOE,37
KOE,60
KOE,33198
KOE,5109
KOE,3110
KTG,10856
KTG,314
KUL,12796
KUL,27355
KUL,34086
KUL,61812
KUL,7324
KUL,17941
KXB,5605
LAH,3251
LBJ,1438
LBJ,6678
LNU,48
LOP,5107
LOP,63274
LOP,4161
LOP,4955
LUW,493
LUW,741
LUW,13651
MDC,387
MDC,1363
MDC,5766
MDC,6258
MDC,10393
MDC,7071
MDC,24238
MJU,5046
MKQ,1440
MKQ,8993
MKW,1211
MKW,23411
MKW,9563
MNA,285
MOF,983
MOH,3807
MOH,12499
NBX,5982
OTI,416
PEN,7095
PGK,13043
PGK,18222
PKU,5356
PKU,17064
PKY,19539
PLM,5721
PLM,9697
PLW,31789
PNK,1155
PNK,1092
PNK,970
PNK,27375
PNK,8683
SIN,56822
SIN,6668
SIN,19090
SMQ,1547
SOQ,31781
SQN,365
SRG,9640
SUB,10352
SUB,111251
TIM,26164
TRT,827
TTE,31011
UPG,27825
AAP,5446
AAP,34576
AAP,29924
AAP,9661
ABU,1143
ADL,27229
AMQ,26118
AMQ,951
AMQ,289
AMQ,9211
AMQ,1206
AMQ,685
AMQ,2561
AMQ,158
AMQ,3237
AMQ,2393
AMQ,21053
AMS,4117
ARD,3224
BDJ,10757
BDJ,1950
BDJ,108364
BDJ,14836
BDJ,3420
BDJ,2886
BDJ,21641
BDJ,76210
BDJ,15934
BEJ,15524
BEJ,5231
BEJ,7236
BIK,19117
BIK,11046
BJW,3807
BJW,2765
BKK,32827
BKK,12545
BKS,50283
BMU,3461
BMU,7631
BMU,325
BNE,37787
BOM,8235
BPN,142616
BPN,19645
BPN,277
BPN,8926
BPN,2320
BPN,1476
BPN,5105
BPN,859
BPN,1813
BPN,3781
BPN,11591
BPN,75259
BPN,1417
BPN,34587
BPN,917
BPN,41504
BPN,37145
BTH,118364
BTH,2215
BTH,621
BTH,48184
BTH,1270
BTH,4362
BTH,26060
BTH,33731
BTH,24126
BTH,9919
BTH,7758
BTH,30956
BTH,3318
BTH,8870
BTJ,28685
BTJ,20515
BTJ,11199
BTJ,4762
BTW,1327
BUU,2336
BWX,15710
BWX,918
CAI,3501
CAN,17995
CAN,10775
CAN,4701
CGK,6474
CGK,81142
CGK,24943
CGK,53319
CGK,477624
CGK,34997
CGK,35854
CGK,7473
CGK,11114
CGK,3664
CGK,53065
CGK,30881
CGK,39645
CGK,23716
CGK,77455
CGK,11557
CGK,3712
CGK,28347
CGK,3721
CGK,298275
CGK,21227
CGK,189291
CGK,753
CGK,26362
CGK,8656
CGK,71023
CGK,10954
CGK,56061
CGK,32484
CGK,13237
CGK,2737
CGK,22856
CGK,16513
CGK,28880
CGK,125198
CGK,6907
CGK,28457
CGK,80465
CGK,124028
CGK,40531
CGK,131789
CGK,29722
CGK,3681
CGK,137565
CGK,17417
CGK,7935
CGK,272425
CGK,4134
CGK,55281
CGK,26465
CGK,82626
CGK,244277
CGK,22764
CGK,9447
CGK,1350
CGK,3794
CGK,37725
CGK,84131
CGK,21858
CGK,35468
CGK,9099
CGK,17318
CGK,227308
CGK,12842
CGK,123869
CNS,3669
DEL,10158
DEX,6137
DIL,12863
DJJ,17610
DJJ,7451
DJJ,6355
DJJ,2797
DJJ,9252
DJJ,28808
DJJ,1425
DJJ,22300
DJJ,25311
DJJ,1050
DOB,1178
DOH,51984
DPS,6691
DPS,37736
DPS,1942
DPS,15870
DPS,27079
DPS,27850
DPS,11942
DPS,29525
DPS,500
DPS,14207
DPS,121788
DPS,31812
DPS,22300
DPS,76927
DPS,24185
DPS,10057
DPS,6832
DPS,329
DPS,13222
DPS,217864
DPS,27387
DPS,6658
DPS,138971
DPS,68962
DPS,11558
DPS,26651
DPS,47843
DPS,2998
DPS,9632
DPS,43812
ENE,7641
ENE,4238
EWE,31
EWE,1739
FLZ,4693
FOC,1276
GNS,18236
GTO,15749
HKG,14194
HLP,10598
HLP,16918
HLP,25287
HLP,11126
HLP,21431
HLP,41161
HLP,13432
HLP,17970
HLP,73354
HLP,22322
JHB,6970
KDI,66092
KDI,1017
KEI,800
KJT,5587
KJT,3252
KJT,750
KNG,1465
KNG,2295
KNO,78163
KNO,1128
KNO,2796
KNO,915
KNO,2421
KNO,52883
KNO,10159
KNO,8931
KNO,21320
KNO,7621
KOE,3113
KOE,1383
KOE,7804
KOE,1436
KOE,115
KOE,212
KOE,33414
KOE,5752
KOE,3301
KTG,10542
KTG,602
KUL,15077
KUL,33298
KUL,34145
KUL,72174
KUL,8068
KUL,20192
KXB,5963
LAH,3614
LBJ,1350
LBJ,7199
LNU,214
LOP,5830
LOP,61670
LOP,3978
LOP,7404
LUW,524
LUW,582
LUW,14233
MDC,580
MDC,1283
MDC,5761
MDC,8258
MDC,11387
MDC,8269
MDC,29521
MJU,5736
MKQ,1296
MKQ,8342
MKW,3013
MKW,27547
MKW,9276
MNA,427
MOF,1010
MOH,3727
MOH,12666
NBX,5738
OTI,336
PDG,22
PEN,6675
PGK,16599
PGK,17601
PKU,5775
PKU,16961
PKY,19440
PLM,9616
PLM,9628
PLW,33532
PNK,1130
PNK,929
PNK,1255
PNK,29189
PNK,11964
SIN,62432
SIN,6536
SIN,22608
SMQ,1756
SOQ,34795
SQN,314
SRG,10625
SUB,10613
SUB,121361
TIM,23989
TJS,1
TRT,1070
TTE,31293
UPG,31152
AAP,3794
AAP,31317
AAP,25640
AAP,2804
AAP,7388
ABU,873
ADL,35571
AMQ,20687
AMQ,667
AMQ,517
AMQ,5891
AMQ,1079
AMQ,808
AMQ,2057
AMQ,316
AMQ,1430
AMQ,2088
AMQ,1980
AMQ,16907
AMS,3894
ARD,2331
BDJ,10346
BDJ,2251
BDJ,94984
BDJ,12260
BDJ,3575
BDJ,1805
BDJ,20786
BDJ,72508
BDJ,11448
BDO,35
BEJ,11655
BEJ,3957
BEJ,8519
BIK,15945
BIK,10579
BJW,2419
BJW,1720
BKK,30221
BKK,9623
BKS,42911
BMU,3190
BMU,5706
BMU,213
BNE,36807
BOM,9286
BPN,135021
BPN,20374
BPN,930
BPN,8024
BPN,2872
BPN,1219
BPN,4693
BPN,858
BPN,1726
BPN,1190
BPN,4526
BPN,10392
BPN,72593
BPN,662
BPN,31093
BPN,948
BPN,40322
BPN,30123
BTH,108804
BTH,2971
BTH,48679
BTH,763
BTH,3021
BTH,22698
BTH,28109
BTH,21311
BTH,8963
BTH,5010
BTH,25549
BTH,3132
BTH,7057
BTJ,23720
BTJ,19159
BTJ,11025
BTJ,5280
BTW,1333
BUU,2228
BWX,11558
BWX,414
CAI,3796
CAN,21521
CAN,10839
CAN,6137
CGK,7093
CGK,73920
CGK,20398
CGK,57314
CGK,380993
CGK,36934
CGK,35527
CGK,7251
CGK,8356
CGK,5460
CGK,40648
CGK,26792
CGK,36923
CGK,24976
CGK,107270
CGK,11854
CGK,3713
CGK,22398
CGK,2685
CGK,283086
CGK,15298
CGK,227271
CGK,1101
CGK,17508
CGK,7862
CGK,56246
CGK,13677
CGK,45426
CGK,31679
CGK,11824
CGK,1934
CGK,19240
CGK,16302
CGK,134
CGK,25326
CGK,104929
CGK,6602
CGK,30533
CGK,62171
CGK,111549
CGK,35654
CGK,116426
CGK,23451
CGK,3169
CGK,118408
CGK,16129
CGK,295204
CGK,3436
CGK,49508
CGK,21908
CGK,77669
CGK,222367
CGK,21083
CGK,9059
CGK,1808
CGK,2931
CGK,28899
CGK,74594
CGK,18290
CGK,30640
CGK,8070
CGK,15474
CGK,194674
CGK,13045
CGK,103807
CNS,4237
DEL,9951
DEX,6136
DIL,10997
DJJ,14312
DJJ,7009
DJJ,3155
DJJ,2998
DJJ,9770
DJJ,27126
DJJ,1306
DJJ,21325
DJJ,22573
DJJ,947
DOB,668
DOH,54350
DOH,1200
DPS,6176
DPS,45853
DPS,3787
DPS,12652
DPS,31266
DPS,29540
DPS,12397
DPS,24853
DPS,217
DPS,14931
DPS,117617
DPS,25189
DPS,19588
DPS,1120
DPS,76902
DPS,24779
DPS,8568
DPS,8176
DPS,181
DPS,15686
DPS,186458
DPS,27517
DPS,1067
DPS,5942
DPS,117081
DPS,76323
DPS,412
DPS,1881
DPS,10204
DPS,27728
DPS,42242
DPS,2310
DPS,9746
DPS,40681
ENE,5532
ENE,3559
EWE,1620
FLZ,4549
FOC,1689
GNS,18054
GTO,15800
HKG,12646
HLP,9229
HLP,17121
HLP,19084
HLP,9512
HLP,15747
HLP,35484
HLP,10631
HLP,13726
HLP,58968
HLP,14009
JHB,7630
KDI,2506
KDI,56782
KDI,577
KEI,321
KJT,5733
KJT,4340
KNG,629
KNG,1819
KNO,77076
KNO,611
KNO,2343
KNO,873
KNO,3797
KNO,52660
KNO,10425
KNO,7970
KNO,22430
KNO,8401
KOE,2272
KOE,856
KOE,4392
KOE,541
KOE,35
KOE,105
KOE,28979
KOE,3918
KOE,173
KOE,1399
KTG,10349
KTG,415
KUL,14191
KUL,30940
KUL,37717
KUL,68722
KUL,9399
KUL,19759
KXB,5398
LAH,3376
LBJ,519
LBJ,5653
LNU,99
LOP,4968
LOP,49598
LOP,3943
LOP,5959
LUW,324
LUW,362
LUW,12932
MDC,337
MDC,1308
MDC,5972
MDC,8911
MDC,11436
MDC,7303
MDC,26675
MJU,3544
MKQ,1028
MKQ,8222
MKW,2579
MKW,23877
MKW,9179
MNA,237
MOF,480
MOH,3091
MOH,12628
NBX,4548
OTI,453
PDG,7
PDG,1137
PEN,7964
PGK,14149
PGK,12128
PKU,6584
PKU,2741
PKU,14972
PKY,16578
PLM,6432
PLM,6901
PLW,29919
PNK,763
PNK,1031
PNK,1035
PNK,25115
PNK,8872
SIN,61619
SIN,5714
SIN,19244
SMQ,1183
SOQ,29070
SQN,623
SRG,9359
SUB,9421
SUB,1340
SUB,102287
TIM,22331
TKG,1170
TRT,715
TTE,26300
UPG,24011
AAP,3209
AAP,24510
AAP,20769
AAP,1686
AAP,5560
ABU,868
ADL,15626
AMQ,18439
AMQ,530
AMQ,459
AMQ,5068
AMQ,838
AMQ,673
AMQ,1166
AMQ,360
AMQ,1917
AMQ,1717
AMQ,1941
AMQ,13615
AMS,3919
ARD,2186
BDJ,10264
BDJ,2225
BDJ,88150
BDJ,11777
BDJ,3071
BDJ,1275
BDJ,19207
BDJ,67840
BDJ,10859
BDO,31
BEJ,12535
BEJ,3641
BEJ,7981
BIK,12400
BIK,6882
BJW,1477
BJW,1133
BKI,3242
BKK,32042
BKK,10984
BKS,40672
BMU,3339
BMU,5083
BMU,92
BNE,35698
BOM,9782
BPN,128276
BPN,16672
BPN,892
BPN,6950
BPN,2489
BPN,987
BPN,2405
BPN,752
BPN,1371
BPN,4405
BPN,3433
BPN,2578
BPN,9582
BPN,68707
BPN,435
BPN,28164
BPN,740
BPN,36426
BPN,27243
BTH,102821
BTH,1915
BTH,41593
BTH,1682
BTH,853
BTH,3283
BTH,22865
BTH,26215
BTH,19898
BTH,9526
BTH,4962
BTH,27222
BTH,1914
BTH,5840
BTJ,22861
BTJ,19381
BTJ,12594
BTJ,4624
BTW,1344
BUU,1505
BWX,11360
BWX,289
CAI,4007
CAN,23893
CAN,10480
CAN,4228
CGK,5331
CGK,74057
CGK,19984
CGK,52215
CGK,375894
CGK,26090
CGK,20549
CGK,8298
CGK,8449
CGK,4681
CGK,42729
CGK,24542
CGK,33995
CGK,22614
CGK,86689
CGK,10916
CGK,7106
CGK,21566
CGK,2830
CGK,229055
CGK,12936
CGK,180186
CGK,1112
CGK,17318
CGK,7670
CGK,57754
CGK,13440
CGK,41428
CGK,28862
CGK,9380
CGK,1403
CGK,17831
CGK,14741
CGK,776
CGK,25446
CGK,102264
CGK,6072
CGK,26774
CGK,69615
CGK,104493
CGK,30466
CGK,114948
CGK,23308
CGK,2777
CGK,130700
CGK,16446
CGK,255013
CGK,2899
CGK,47863
CGK,20819
CGK,76410
CGK,224374
CGK,14978
CGK,8970
CGK,1312
CGK,3691
CGK,29205
CGK,75315
CGK,20111
CGK,28501
CGK,7365
CGK,14664
CGK,177801
CGK,13479
CGK,99877
CNS,4356
DEL,9643
DEX,4357
DIL,8501
DJJ,12902
DJJ,4606
DJJ,2836
DJJ,2554
DJJ,5975
DJJ,20612
DJJ,1069
DJJ,17827
DJJ,19163
DJJ,892
DOB,605
DOH,53864
DOH,2963
DPS,6309
DPS,42712
DPS,3727
DPS,14118
DPS,30196
DPS,29440
DPS,12338
DPS,21944
DPS,12039
DPS,138373
DPS,25952
DPS,18498
DPS,1067
DPS,65118
DPS,24091
DPS,9832
DPS,2203
DPS,74
DPS,25636
DPS,203954
DPS,20627
DPS,1162
DPS,4449
DPS,112596
DPS,58670
DPS,1480
DPS,1909
DPS,7510
DPS,31443
DPS,39976
DPS,2147
DPS,11568
DPS,39972
ENE,5320
ENE,3504
EWE,514
EWE,1258
FLZ,3826
FOC,1701
GNS,12473
GTO,13169
HKG,12529
HLP,8822
HLP,15899
HLP,18613
HLP,8711
HLP,17299
HLP,36097
HLP,11139
HLP,15253
HLP,65071
HLP,14061
JHB,7230
KDI,3290
KDI,51625
KEI,1268
KJT,4564
KJT,3753
KNG,740
KNO,85630
KNO,985
KNO,1999
KNO,802
KNO,6709
KNO,48860
KNO,8763
KNO,7259
KNO,21241
KNO,7187
KOE,1950
KOE,893
KOE,5282
KOE,692
KOE,57
KOE,82
KOE,25298
KOE,2247
KOE,1465
KTG,9336
KTG,474
KUL,16070
KUL,32912
KUL,38174
KUL,71408
KUL,8905
KUL,19228
KXB,4535
LAH,2964
LBJ,389
LBJ,3961
LNU,103
LOP,4887
LOP,45359
LOP,3609
LOP,6065
LUW,204
LUW,170
LUW,11722
MDC,365
MDC,1331
MDC,4111
MDC,5788
MDC,9926
MDC,6745
MDC,23735
MJU,2643
MKQ,1092
MKQ,3067
MKW,1205
MKW,14019
MKW,8468
MNA,283
MOF,58
MOH,3081
MOH,10911
NBX,5693
OTI,369
PDG,667
PEN,6506
PGK,12850
PGK,12540
PKU,5911
PKU,3282
PKU,14545
PKY,13008
PLM,4809
PLM,6577
PLW,27125
PNK,519
PNK,828
PNK,914
PNK,23086
PNK,8842
SIN,52194
SIN,4013
SIN,16881
SMQ,939
SOQ,18098
SQN,621
SRG,7004
SUB,9720
SUB,3335
SUB,81106
TIM,17983
TIM,170
TKG,4044
TRT,435
TTE,19319
UPG,20392
AAP,3128
AAP,26719
AAP,21892
AAP,1545
AAP,5681
ABU,798
ADL,17426
AKL,459
AMQ,23401
AMQ,658
AMQ,1144
AMQ,6006
AMQ,989
AMQ,1702
AMQ,1465
AMQ,742
AMQ,1000
AMQ,2170
AMQ,2423
AMQ,16045
AMS,4170
ARD,2907
BDJ,9699
BDJ,2354
BDJ,92023
BDJ,6861
BDJ,2934
BDJ,1437
BDJ,20580
BDJ,72780
BDJ,258
BDJ,9078
BDO,24
BEJ,12793
BEJ,4106
BEJ,6894
BIK,11149
BIK,6303
BJW,2076
BJW,1611
BKI,2999
BKK,32451
BKK,11280
BKS,41376
BLR,1032
BMU,3566
BMU,6035
BNE,36830
BOM,8965
BPN,130737
BPN,13098
BPN,903
BPN,6929
BPN,69
BPN,1249
BPN,955
BPN,3280
BPN,804
BPN,1474
BPN,5812
BPN,3781
BPN,2562
BPN,8007
BPN,70015
BPN,341
BPN,30111
BPN,803
BPN,37162
BPN,25749
BTH,100628
BTH,1014
BTH,2329
BTH,39506
BTH,3936
BTH,1002
BTH,3591
BTH,20218
BTH,617
BTH,23180
BTH,19240
BTH,8139
BTH,4627
BTH,26846
BTH,6161
BTJ,24016
BTJ,17525
BTJ,9093
BTJ,3050
BTW,929
BUU,2259
BWX,9332
CAI,1868
CAN,28904
CAN,10827
CAN,7700
CGK,5355
CGK,70014
CGK,20775
CGK,46665
CGK,288291
CGK,28539
CGK,29196
CGK,9198
CGK,9739
CGK,7861
CGK,50198
CGK,26847
CGK,31766
CGK,21192
CGK,87019
CGK,9682
CGK,5875
CGK,25390
CGK,3890
CGK,226622
CGK,15558
CGK,164028
CGK,1444
CGK,16888
CGK,7688
CGK,56753
CGK,11370
CGK,45029
CGK,24007
CGK,8179
CGK,1389
CGK,18816
CGK,14565
CGK,816
CGK,24977
CGK,101044
CGK,7350
CGK,31654
CGK,69421
CGK,109548
CGK,33596
CGK,111852
CGK,27375
CGK,3927
CGK,138378
CGK,18170
CGK,276771
CGK,3667
CGK,48389
CGK,21018
CGK,74272
CGK,220455
CGK,13825
CGK,10158
CGK,688
CGK,3247
CGK,26636
CGK,75889
CGK,18997
CGK,29898
CGK,7204
CGK,18765
CGK,195318
CGK,14881
CGK,93291
CNS,3967
DEL,9792
DEX,7674
DIL,9828
DJJ,14228
DJJ,5083
DJJ,3828
DJJ,4840
DJJ,6784
DJJ,22812
DJJ,2398
DJJ,20978
DJJ,39958
DJJ,2050
DOB,621
DOH,56500
DOH,2277
DPS,6195
DPS,47744
DPS,534
DPS,12537
DPS,29703
DPS,25574
DPS,12348
DPS,19226
DPS,13622
DPS,125967
DPS,29608
DPS,21746
DPS,1268
DPS,71874
DPS,22120
DPS,10643
DPS,3636
DPS,66
DPS,20020
DPS,210441
DPS,12948
DPS,1941
DPS,5640
DPS,99803
DPS,64974
DPS,2050
DPS,9969
DPS,28907
DPS,32495
DPS,2303
DPS,9572
DPS,31993
ENE,6000
ENE,4081
EWE,1421
EWE,1629
FLZ,3892
FOC,1707
GNS,13639
GTO,149
GTO,15470
HKG,13319
HLP,9280
HLP,15630
HLP,16392
HLP,8588
HLP,16159
HLP,35220
HLP,11271
HLP,15216
HLP,62894
HLP,7472
JHB,7214
KDI,1064
KDI,57541
KEI,2786
KJT,5141
KJT,2678
KNG,908
KNO,59397
KNO,753
KNO,1841
KNO,778
KNO,6189
KNO,47793
KNO,9358
KNO,5169
KNO,21876
KNO,5166
KOE,2504
KOE,1086
KOE,6684
KOE,660
KOE,79
KOE,117
KOE,28076
KOE,2882
KOE,1691
KOE,2062
KTG,10211
KTG,332
KUL,18607
KUL,19453
KUL,23175
KUL,70044
KUL,7010
KUL,14598
KXB,4530
LAH,3682
LBJ,176
LBJ,2518
LNU,104
LOP,5336
LOP,42134
LOP,3776
LOP,650
LOP,5851
LUW,12936
MDC,474
MDC,1536
MDC,4800
MDC,6345
MDC,12306
MDC,8411
MDC,23903
MJU,3464
MKQ,2344
MKQ,3515
MKW,1665
MKW,18614
MKW,9014
MNA,322
MOH,3752
MOH,13414
NBX,6003
OTI,318
PDG,1
PEN,8317
PGK,12757
PGK,12433
PKU,5397
PKU,1581
PKU,14962
PKY,13947
PLM,4662
PLM,4530
PLW,27517
PNK,812
PNK,1008
PNK,1167
PNK,22119
PNK,5809
SIN,53566
SIN,3756
SIN,16650
SMQ,1028
SOQ,21639
SQN,1232
SRG,6989
SUB,9980
SUB,1833
SUB,95843
TIM,20995
TKG,479
TRT,670
TTE,22413
UPG,18762
AAP,4271
AAP,27885
AAP,34097
AAP,6058
AAP,9028
ABU,629
ADL,28317
AKL,12002
AMQ,22476
AMQ,550
AMQ,555
AMQ,6173
AMQ,922
AMQ,746
AMQ,673
AMQ,3133
AMQ,434
AMQ,7435
AMQ,2044
AMQ,2259
AMQ,17888
AMS,4892
ARD,3061
BDJ,9325
BDJ,2419
BDJ,106284
BDJ,12556
BDJ,2898
BDJ,1520
BDJ,30024
BDJ,99248
BDJ,8441
BDJ,20375
BDO,39
BEJ,13688
BEJ,6102
BEJ,9504
BIK,16157
BIK,9137
BJW,2829
BJW,2484
BKI,3057
BKK,35117
BKK,14885
BKS,54387
BLR,9640
BMU,3748
BMU,7056
BMU,920
BNE,34060
BOM,8184
BPN,4246
BPN,118774
BPN,18569
BPN,901
BPN,10126
BPN,6951
BPN,3292
BPN,1031
BPN,5345
BPN,1385
BPN,2234
BPN,8280
BPN,3683
BPN,9971
BPN,15689
BPN,119182
BPN,381
BPN,38912
BPN,857
BPN,54127
BPN,41879
BTH,124719
BTH,7568
BTH,2696
BTH,56952
BTH,5013
BTH,988
BTH,3699
BTH,47836
BTH,4637
BTH,45464
BTH,36259
BTH,10220
BTH,11925
BTH,34873
BTH,13804
BTJ,34964
BTJ,19807
BTJ,11659
BTJ,3443
BTW,48
BUU,2392
BWX,14402
BWX,532
CAI,3821
CAN,29885
CAN,11063
CAN,4552
CGK,6390
CGK,2357
CGK,87904
CGK,22274
CGK,66706
CGK,373808
CGK,31807
CGK,35216
CGK,8197
CGK,10922
CGK,8524
CGK,54949
CGK,30326
CGK,37852
CGK,21910
CGK,80698
CGK,15048
CGK,6262
CGK,29535
CGK,5803
CGK,281078
CGK,17802
CGK,215494
CGK,280
CGK,22871
CGK,9919
CGK,76723
CGK,11650
CGK,36453
CGK,24633
CGK,10480
CGK,2739
CGK,28756
CGK,20026
CGK,1749
CGK,23535
CGK,172953
CGK,6309
CGK,29839
CGK,97275
CGK,142454
CGK,38602
CGK,133929
CGK,27546
CGK,3497
CGK,153007
CGK,16941
CGK,267834
CGK,3668
CGK,57997
CGK,18140
CGK,91703
CGK,225950
CGK,18216
CGK,7924
CGK,1650
CGK,3478
CGK,40845
CGK,82036
CGK,24360
CGK,38222
CGK,8906
CGK,20930
CGK,222069
CGK,16859
CGK,111846
CNS,5295
DEL,12690
DEX,3529
DIL,9330
DJJ,16700
DJJ,6797
DJJ,3435
DJJ,2559
DJJ,6925
DJJ,26180
DJJ,960
DJJ,21163
DJJ,21810
DJJ,920
DOB,634
DOH,60921
DOH,3324
DPS,6623
DPS,51852
DPS,13408
DPS,29300
DPS,29782
DPS,14135
DPS,24533
DPS,14865
DPS,138060
DPS,38349
DPS,24277
DPS,774
DPS,76543
DPS,23948
DPS,9756
DPS,6768
DPS,61
DPS,24208
DPS,228754
DPS,20560
DPS,2365
DPS,11192
DPS,131890
DPS,68686
DPS,4302
DPS,10282
DPS,32827
DPS,44946
DPS,2675
DPS,9790
DPS,44740
ENE,4929
ENE,3857
EWE,636
EWE,1260
FLZ,3884
FOC,2655
GNS,12142
GTO,154
GTO,20057
HKG,15796
HLP,8113
HLP,17970
HLP,19199
HLP,9852
HLP,29550
HLP,42971
HLP,24568
HLP,23194
HLP,76326
HLP,26630
JED,390
JHB,8559
KDI,8098
KDI,68948
KEI,1475
KJT,9677
KJT,4022
KNG,2174
KNO,88009
KNO,956
KNO,1749
KNO,519
KNO,10314
KNO,58514
KNO,9383
KNO,12155
KNO,21681
KNO,12214
KOE,2717
KOE,926
KOE,7158
KOE,190
KOE,69
KOE,108
KOE,32151
KOE,3328
KOE,4786
KOE,1572
KTG,9742
KTG,1028
KUL,15061
KUL,32945
KUL,32730
KUL,72950
KUL,6639
KUL,20150
KXB,5272
LAH,3294
LBJ,1111
LBJ,10229
LNU,115
LOP,5556
LOP,54892
LOP,3925
LOP,4084
LOP,8744
LUW,14969
MDC,78
MDC,1074
MDC,4495
MDC,7493
MDC,9673
MDC,5867
MDC,25062
MJU,3582
MKQ,842
MKQ,6312
MKW,2264
MKW,22266
MKW,9624
MNA,54
MOH,3204
MOH,12419
NBX,6212
OTI,252
PDG,16
PEN,8715
PGK,16633
PGK,13563
PKU,5380
PKU,10055
PKU,21527
PKY,21725
PLM,12154
PLM,10787
PLW,237
PLW,35840
PNK,556
PNK,1170
PNK,629
PNK,30002
PNK,765
PNK,15628
SIN,61524
SIN,4528
SIN,17027
SMQ,1948
SOQ,1496
SOQ,28339
SQN,589
SRG,14370
SUB,11997
SUB,7132
SUB,117193
TIM,20705
TKG,6229
TRT,484
TTE,27837
UPG,35969
AAP,3860
AAP,27371
AAP,878
AAP,22477
AAP,2176
AAP,7745
ABU,1217
ADL,19296
AKL,10691
AMQ,25648
AMQ,971
AMQ,723
AMQ,7400
AMQ,506
AMQ,824
AMQ,836
AMQ,2501
AMQ,414
AMQ,1128
AMQ,2501
AMQ,2303
AMQ,16447
AMS,4473
ARD,3996
BDJ,10287
BDJ,2624
BDJ,110734
BDJ,14305
BDJ,3407
BDJ,2072
BDJ,23487
BDJ,77218
BDJ,4666
BDJ,13445
BDO,31
BEJ,14634
BEJ,7081
BEJ,7427
BIK,12939
BIK,6767
BJW,3545
BJW,2844
BKI,3595
BKK,35078
BKK,17138
BKS,45287
BLR,10876
BMU,4061
BMU,4351
BMU,1087
BNE,35623
BOM,8422
BPN,1395
BPN,143164
BPN,20911
BPN,1595
BPN,9024
BPN,3837
BPN,3950
BPN,1337
BPN,3886
BPN,886
BPN,1570
BPN,8462
BPN,3410
BPN,4102
BPN,9161
BPN,93681
BPN,512
BPN,32420
BPN,750
BPN,41257
BPN,32830
BTH,117148
BTH,3393
BTH,2247
BTH,43714
BTH,4106
BTH,1436
BTH,4097
BTH,25589
BTH,893
BTH,31028
BTH,20498
BTH,7964
BTH,5267
BTH,32483
BTH,6654
BTJ,35921
BTJ,16733
BTJ,11054
BTJ,4811
BUU,1694
BWX,13213
CAI,2813
CAN,34331
CAN,11951
CAN,5782
CGK,7986
CGK,2080
CGK,79775
CGK,25054
CGK,70787
CGK,427777
CGK,28387
CGK,40489
CGK,7294
CGK,11076
CGK,9270
CGK,53316
CGK,30123
CGK,39263
CGK,21697
CGK,50231
CGK,13028
CGK,6401
CGK,31397
CGK,1230
CGK,250602
CGK,16683
CGK,225613
CGK,28276
CGK,8062
CGK,72558
CGK,11970
CGK,41901
CGK,6813
CGK,9182
CGK,2361
CGK,23736
CGK,16166
CGK,801
CGK,23498
CGK,133759
CGK,6692
CGK,30545
CGK,62883
CGK,123540
CGK,37415
CGK,131944
CGK,30083
CGK,3606
CGK,118033
CGK,18097
CGK,263316
CGK,2046
CGK,52809
CGK,21047
CGK,89890
CGK,251853
CGK,16989
CGK,10368
CGK,1560
CGK,3819
CGK,29394
CGK,71581
CGK,21177
CGK,30311
CGK,8906
CGK,18237
CGK,216324
CGK,19086
CGK,114109
CNS,5748
DEL,17466
DEX,3998
DIL,10231
DJJ,16311
DJJ,3963
DJJ,3660
DJJ,2646
DJJ,6916
DJJ,22806
DJJ,1342
DJJ,22457
DJJ,24164
DJJ,1005
DOB,857
DOH,62989
DOH,1643
DPS,7316
DPS,53369
DPS,16447
DPS,31147
DPS,31203
DPS,13409
DPS,18030
DPS,16970
DPS,165753
DPS,42574
DPS,28866
DPS,3301
DPS,84715
DPS,26454
DPS,9204
DPS,5493
DPS,74
DPS,24241
DPS,249154
DPS,15564
DPS,2747
DPS,10737
DPS,112324
DPS,72409
DPS,2464
DPS,10894
DPS,36591
DPS,47414
DPS,3218
DPS,10979
DPS,41498
ENE,4635
ENE,4125
EWE,665
EWE,1757
FLZ,3571
FOC,1203
GNS,13993
GTO,17040
HKG,15777
HLP,10905
HLP,17284
HLP,21342
HLP,5060
HLP,16570
HLP,40861
HLP,11979
HLP,13932
HLP,74639
HLP,16465
JHB,9196
KDI,2572
KDI,55511
KEI,1698
KJT,4221
KJT,4106
KNG,2440
KNO,78773
KNO,960
KNO,1995
KNO,507
KNO,7291
KNO,52915
KNO,8796
KNO,7338
KNO,20579
KNO,5788
KOE,3301
KOE,497
KOE,7223
KOE,904
KOE,64
KOE,119
KOE,32813
KOE,3746
KOE,2985
KOE,2183
KTG,9973
KTG,116
KUL,16999
KUL,8949
KUL,31355
KUL,69438
KUL,6121
KUL,22287
KXB,4666
LAH,3366
LBJ,1291
LBJ,9047
LNU,98
LOP,5728
LOP,55106
LOP,4192
LOP,3910
LOP,6739
LUW,14227
MDC,948
MDC,4762
MDC,6476
MDC,9263
MDC,6484
MDC,24511
MJU,3377
MKQ,1288
MKQ,4765
MKW,1245
MKW,18179
MKW,9673
MOH,3826
MOH,14003
NBX,7598
OTI,273
PDG,14
PEN,4321
PGK,13401
PGK,14202
PKU,4149
PKU,3253
PKU,16117
PKY,18319
PLM,5211
PLM,7965
PLW,175
PLW,29758
PNK,850
PNK,352
PNK,615
PNK,27381
PNK,10273
SIN,59865
SIN,4125
SIN,16124
SMQ,1231
SOQ,2018
SOQ,19096
SQN,648
SRG,9136
SUB,9922
SUB,5285
SUB,95737
TIM,21802
TKG,1736
TRT,618
TTE,28203
UPG,26885
AAP,4401
AAP,29658
AAP,1444
AAP,23329
AAP,3894
AAP,8403
ABU,951
ADL,21183
AKL,14662
AMQ,21669
AMQ,809
AMQ,690
AMQ,7233
AMQ,1000
AMQ,965
AMQ,3058
AMQ,456
AMQ,6068
AMQ,3137
AMQ,2384
AMQ,17157
AMS,4836
ARD,3715
BDJ,9961
BDJ,2578
BDJ,106838
BDJ,12455
BDJ,3401
BDJ,2300
BDJ,22285
BDJ,76583
BDJ,5757
BDJ,14633
BDO,24
BEJ,12792
BEJ,5988
BEJ,11135
BIK,15658
BIK,8522
BJW,3492
BJW,2963
BKI,3833
BKK,39532
BKK,18719
BKS,47146
BLR,10413
BMU,4000
BMU,4145
BMU,875
BNE,38401
BOM,5727
BPN,5687
BPN,145640
BPN,2519
BPN,16913
BPN,1462
BPN,9326
BPN,581
BPN,4034
BPN,1359
BPN,5164
BPN,1243
BPN,1781
BPN,9213
BPN,2666
BPN,3790
BPN,11044
BPN,91422
BPN,594
BPN,36173
BPN,820
BPN,45835
BPN,38404
BTH,116192
BTH,2425
BTH,2451
BTH,50407
BTH,4447
BTH,1296
BTH,4981
BTH,26583
BTH,1607
BTH,32700
BTH,21109
BTH,8401
BTH,5967
BTH,31816
BTH,1359
BTH,7222
BTJ,38044
BTJ,12931
BTJ,12441
BTJ,3820
BUU,2034
BWX,11934
CAI,1737
CAN,32628
CAN,11518
CAN,5991
CGK,6599
CGK,2617
CGK,82637
CGK,24828
CGK,69863
CGK,412979
CGK,28850
CGK,38525
CGK,6611
CGK,10445
CGK,8915
CGK,53133
CGK,30948
CGK,37403
CGK,22344
CGK,43363
CGK,13440
CGK,7455
CGK,31831
CGK,534
CGK,256278
CGK,15210
CGK,236839
CGK,29913
CGK,8226
CGK,73757
CGK,11482
CGK,53548
CGK,4734
CGK,11784
CGK,2773
CGK,24329
CGK,19404
CGK,1489
CGK,22942
CGK,128259
CGK,6626
CGK,32490
CGK,70282
CGK,134495
CGK,37785
CGK,134968
CGK,28476
CGK,3297
CGK,130897
CGK,18100
CGK,264765
CGK,4263
CGK,53816
CGK,19761
CGK,92362
CGK,261657
CGK,21672
CGK,10125
CGK,1468
CGK,3610
CGK,31353
CGK,80885
CGK,20703
CGK,33189
CGK,8859
CGK,17272
CGK,224009
CGK,18553
CGK,115555
CNS,5640
DEL,17669
DEX,4173
DIL,10736
DJJ,18436
DJJ,4052
DJJ,4109
DJJ,3369
DJJ,9431
DJJ,24623
DJJ,1493
DJJ,23157
DJJ,24888
DJJ,1044
DOB,955
DOH,61813
DPS,7085
DPS,58328
DPS,2335
DPS,16389
DPS,31440
DPS,33065
DPS,13173
DPS,15054
DPS,14036
DPS,178852
DPS,43681
DPS,24454
DPS,3980
DPS,87688
DPS,27361
DPS,9967
DPS,6528
DPS,47
DPS,24206
DPS,245584
DPS,13550
DPS,2076
DPS,12032
DPS,121289
DPS,1133
DPS,74238
DPS,3126
DPS,11489
DPS,35984
DPS,40693
DPS,2994
DPS,9510
DPS,42714
ENE,6248
ENE,3992
EWE,794
EWE,1609
FLZ,3300
FOC,1691
GNS,15289
GTO,18136
HKG,15742
HLP,9830
HLP,17156
HLP,22723
HLP,3600
HLP,18912
HLP,38513
HLP,14004
HLP,14346
HLP,75153
HLP,19368
JED,683
JHB,4199
KDI,2449
KDI,59314
KEI,1879
KJT,4851
KJT,4364
KNG,2876
KNO,90504
KNO,1033
KNO,1935
KNO,277
KNO,8020
KNO,56001
KNO,11806
KNO,9402
KNO,22518
KNO,5674
KOE,3545
KOE,730
KOE,5862
KOE,1329
KOE,72
KOE,113
KOE,39233
KOE,4384
KOE,4271
KOE,2003
KTG,10883
KUL,16542
KUL,31834
KUL,30553
KUL,54224
KUL,5851
KUL,18020
KXB,4989
LAH,3283
LBJ,720
LBJ,8581
LNU,105
LOP,5741
LOP,53708
LOP,3706
LOP,3463
LOP,6855
LUW,14018
MDC,289
MDC,1133
MDC,5260
MDC,10629
MDC,9555
MDC,7892
MDC,28660
MJU,3723
MKQ,1200
MKQ,5642
MKW,1590
MKW,19937
MKW,8925
MNA,202
MOH,3708
MOH,12646
NBX,7844
OTI,320
PDG,8
PEN,5580
PGK,12462
PGK,13657
PKU,4572
PKU,3803
PKU,17873
PKY,5589
PKY,18016
PLM,5155
PLM,8667
PLW,251
PLW,31987
PNK,872
PNK,866
PNK,1035
PNK,26428
PNK,9910
SIN,58306
SIN,3633
SIN,15427
SMQ,1111
SOQ,3052
SOQ,21629
SQN,707
SRG,9055
SUB,10361
SUB,6168
SUB,100250
TIM,24599
TKG,188
TRT,859
TTE,28103
UPG,25960
AAP,5559
AAP,33497
AAP,2593
AAP,26410
AAP,3479
AAP,8263
ABU,1347
ADL,29761
AKL,18717
AMQ,24474
AMQ,1008
AMQ,523
AMQ,8348
AMQ,1471
AMQ,1081
AMQ,6927
AMQ,407
AMQ,9930
AMQ,3428
AMQ,2340
AMQ,16459
AMS,4731
ARD,4260
BDJ,10416
BDJ,3066
BDJ,114141
BDJ,15685
BDJ,3885
BDJ,1906
BDJ,24881
BDJ,90833
BDJ,5938
BDJ,15283
BDO,37
BEJ,14596
BEJ,6979
BEJ,13178
BIK,14273
BIK,8804
BJW,4276
BJW,3983
BKI,3430
BKK,42483
BKK,21255
BKS,52744
BLR,10039
BMU,3799
BMU,7289
BMU,810
BNE,43278
BOM,10600
BPN,4835
BPN,154710
BPN,2728
BPN,19541
BPN,1710
BPN,7465
BPN,4049
BPN,1484
BPN,3383
BPN,5582
BPN,1110
BPN,1736
BPN,9022
BPN,3946
BPN,3935
BPN,11206
BPN,89095
BPN,1008
BPN,40111
BPN,841
BPN,47513
BPN,47900
BTH,130888
BTH,4201
BTH,2954
BTH,55344
BTH,4629
BTH,1724
BTH,4188
BTH,31234
BTH,2742
BTH,34648
BTH,23166
BTH,9203
BTH,8663
BTH,34247
BTH,3036
BTH,10372
BTJ,45563
BTJ,14466
BTJ,12753
BTJ,2036
BUU,906
BWX,14049
CAI,4066
CAN,34012
CAN,13884
CAN,6811
CBR,2298
CGK,7753
CGK,2655
CGK,87776
CGK,26211
CGK,74465
CGK,443496
CGK,42697
CGK,43893
CGK,7525
CGK,11468
CGK,5840
CGK,53570
CGK,30490
CGK,40435
CGK,24342
CGK,75460
CGK,12945
CGK,7024
CGK,33850
CGK,508
CGK,268106
CGK,18297
CGK,264030
CGK,35566
CGK,8585
CGK,91945
CGK,15144
CGK,59591
CGK,8844
CGK,14347
CGK,2727
CGK,25877
CGK,19935
CGK,1018
CGK,22156
CGK,135094
CGK,6990
CGK,33973
CGK,76498
CGK,135636
CGK,40944
CGK,137120
CGK,30039
CGK,3238
CGK,136103
CGK,18157
CGK,285735
CGK,2476
CGK,55589
CGK,21781
CGK,98623
CGK,276546
CGK,23653
CGK,10254
CGK,2489
CGK,3623
CGK,35274
CGK,84255
CGK,23583
CGK,33498
CGK,9177
CGK,20604
CGK,251543
CGK,24498
CGK,129215
CNS,5704
DEL,16841
DEX,1832
DIL,12388
DJJ,19274
DJJ,7158
DJJ,6103
DJJ,2833
DJJ,9978
DJJ,25877
DJJ,1585
DJJ,25324
DJJ,26468
DJJ,1065
DOB,965
DOH,62001
DPS,6876
DPS,58828
DPS,3687
DPS,16439
DPS,37075
DPS,38206
DPS,13753
DPS,14189
DPS,16272
DPS,194682
DPS,61630
DPS,28580
DPS,6621
DPS,98883
DPS,28118
DPS,9430
DPS,8935
DPS,25248
DPS,254949
DPS,18068
DPS,2101
DPS,13751
DPS,126037
DPS,3482
DPS,82590
DPS,3635
DPS,13735
DPS,36192
DPS,48796
DPS,4050
DPS,9846
DPS,40733
ENE,8478
ENE,4483
EWE,766
EWE,2001
FLZ,3443
FOC,2004
GNS,17900
GTO,18105
HKG,16101
HLP,11165
HLP,20190
HLP,26149
HLP,7762
HLP,20147
HLP,47067
HLP,19139
HLP,20764
HLP,87516
HLP,29499
JHB,5753
KDI,4668
KDI,64050
KEI,1960
KJT,5307
KJT,4982
KNG,2907
KNO,88797
KNO,1032
KNO,2178
KNO,278
KNO,9288
KNO,58872
KNO,13525
KNO,9553
KNO,22050
KNO,10914
KOE,4107
KOE,1408
KOE,740
KOE,1742
KOE,55
KOE,111
KOE,46768
KOE,3227
KOE,4439
KOE,3682
KTG,11432
KUL,16759
KUL,37946
KUL,35318
KUL,66390
KUL,9258
KUL,22450
KXB,5957
LAH,3665
LBJ,150
LBJ,10420
LNU,102
LOP,6118
LOP,56375
LOP,3387
LOP,4228
LOP,10603
LUW,15882
MDC,82
MDC,1324
MDC,5929
MDC,11554
MDC,10491
MDC,8158
MDC,32810
MJU,3748
MKQ,1286
MKQ,7641
MKW,1528
MKW,20884
MKW,9054
MNA,52
MOH,3746
MOH,13792
NBX,10229
OTI,447
PDG,10
PEN,4150
PGK,11903
PGK,13553
PKU,3873
PKU,4780
PKU,19450
PKY,9028
PKY,17758
PLM,6498
PLM,10201
PLW,3082
PLW,270
PLW,34030
PNK,1030
PNK,239
PNK,925
PNK,29361
PNK,10664
SIN,64215
SIN,4643
SIN,10553
SMQ,781
SOQ,7810
SOQ,26744
SQN,720
SRG,10087
SUB,9727
SUB,6234
SUB,103207
TIM,25932
TRT,1301
TTE,28709
UPG,31407
AAP,4153
AAP,33006
AAP,233
AAP,21471
AAP,806
AAP,4312
ABU,1170
ADL,14604
AKL,17916
AMQ,23241
AMQ,869
AMQ,683
AMQ,8165
AMQ,1521
AMQ,1061
AMQ,6394
AMQ,478
AMQ,9269
AMQ,3266
AMQ,2703
AMQ,14942
AMS,5037
ARD,3761
BDJ,9553
BDJ,2831
BDJ,119877
BDJ,14168
BDJ,3582
BDJ,1359
BDJ,109
BDJ,21081
BDJ,81246
BDJ,5442
BDJ,10047
BDO,32
BEJ,10983
BEJ,6297
BEJ,10249
BEJ,407
BIK,13796
BIK,8054
BJW,3878
BJW,3300
BKI,3983
BKI,2861
BKK,43037
BKK,20526
BKS,552
BKS,49235
BLR,10631
BMU,3923
BMU,5505
BMU,742
BNE,39264
BOM,10830
BPN,3933
BPN,154466
BPN,2396
BPN,19476
BPN,1581
BPN,5842
BPN,3881
BPN,1260
BPN,2870
BPN,3905
BPN,520
BPN,882
BPN,863
BPN,8900
BPN,3518
BPN,1868
BPN,10737
BPN,74669
BPN,229
BPN,34295
BPN,617
BPN,43826
BPN,39465
BTH,113742
BTH,2658
BTH,2402
BTH,45214
BTH,3547
BTH,1480
BTH,4668
BTH,22773
BTH,437
BTH,27351
BTH,19112
BTH,5974
BTH,4144
BTH,32025
BTH,2608
BTH,9959
BTJ,45384
BTJ,13713
BTJ,14151
BTJ,2213
BUU,2890
BWX,13660
CAI,6680
CAN,35164
CAN,22765
CAN,8494
CBR,891
CGK,7243
CGK,814
CGK,78424
CGK,25354
CGK,75399
CGK,447768
CGK,37684
CGK,42276
CGK,5403
CGK,11920
CGK,7992
CGK,56638
CGK,31829
CGK,41018
CGK,24999
CGK,137857
CGK,12396
CGK,7127
CGK,28198
CGK,233506
CGK,17970
CGK,237788
CGK,34434
CGK,8139
CGK,88262
CGK,16142
CGK,55754
CGK,30367
CGK,11079
CGK,2631
CGK,23642
CGK,17939
CGK,1412
CGK,21875
CGK,128557
CGK,6528
CGK,30956
CGK,68346
CGK,128971
CGK,39954
CGK,131419
CGK,24950
CGK,3655
CGK,141126
CGK,18598
CGK,265211
CGK,5400
CGK,54309
CGK,21874
CGK,95775
CGK,270450
CGK,19160
CGK,4090
CGK,11112
CGK,2600
CGK,3786
CGK,31066
CGK,97905
CGK,21541
CGK,32785
CGK,9494
CGK,18396
CGK,240006
CGK,29090
CGK,126129
CNS,7474
DEL,16922
DEX,4457
DIL,13163
DJJ,17344
DJJ,5389
DJJ,4543
DJJ,2942
DJJ,6159
DJJ,24074
DJJ,1398
DJJ,22982
DJJ,24030
DJJ,1080
DOB,956
DOH,62694
DPS,6698
DPS,59505
DPS,2653
DPS,17740
DPS,41518
DPS,3149
DPS,41586
DPS,14285
DPS,12913
DPS,160
DPS,14431
DPS,172390
DPS,70167
DPS,29741
DPS,6618
DPS,96124
DPS,29391
DPS,12548
DPS,5461
DPS,25161
DPS,261773
DPS,13557
DPS,2328
DPS,12649
DPS,122496
DPS,3568
DPS,82859
DPS,3086
DPS,3476
DPS,13685
DPS,36940
DPS,45809
DPS,3314
DPS,9911
DPS,39176
ENE,7945
ENE,4223
EWE,707
EWE,1889
FLZ,2884
FOC,3733
GNS,13771
GTO,18140
HKG,16563
HLP,10531
HLP,22783
HLP,24181
HLP,5228
HLP,16209
HLP,44029
HLP,14827
HLP,17377
HLP,85822
HLP,24012
JHB,5269
KDI,4595
KDI,64959
KEI,1889
KJT,4828
KJT,4037
KNG,803
KNG,2210
KNO,76867
KNO,1014
KNO,1672
KNO,152
KNO,8553
KNO,49213
KNO,11476
KNO,9132
KNO,20339
KNO,3222
KNO,9453
KOE,3602
KOE,1377
KOE,1500
KOE,58
KOE,100
KOE,37415
KOE,3707
KOE,3222
KOE,2248
KTG,11464
KUL,18910
KUL,32840
KUL,37931
KUL,79261
KUL,9467
KUL,20833
KXB,5456
LAH,3319
LBJ,9509
LNU,86
LOP,5584
LOP,54474
LOP,3096
LOP,3260
LOP,10499
LUW,15012
MDC,1641
MDC,5557
MDC,9911
MDC,8845
MDC,7771
MDC,31526
MJU,3965
MKQ,1257
MKQ,6274
MKW,1369
MKW,18487
MKW,11531
MOH,3441
MOH,12514
NBX,8623
OTI,312
PDG,2
PEN,4552
PGK,11531
PGK,11527
PKU,3940
PKU,4120
PKU,18228
PKY,8008
PKY,15541
PLM,4758
PLM,9625
PLW,4482
PLW,373
PLW,32551
PNK,568
PNK,636
PNK,764
PNK,27119
PNK,9878
SIN,61012
SIN,4203
SIN,8629
SOQ,5317
SOQ,17588
SQN,772
SRG,8670
SUB,9101
SUB,4153
SUB,87669
TIM,23294
TRT,797
TTE,29380
UPG,26324
AAP,3899
AAP,33203
AAP,1068
AAP,21604
AAP,1630
AAP,5120
ABU,839
ADL,15407
AKL,14508
AMQ,24839
AMQ,940
AMQ,603
AMQ,7963
AMQ,1430
AMQ,989
AMQ,6666
AMQ,418
AMQ,9354
AMQ,3268
AMQ,2548
AMQ,13484
AMS,4969
ARD,3873
BDJ,10515
BDJ,2765
BDJ,115868
BDJ,13058
BDJ,3558
BDJ,1183
BDJ,20617
BDJ,68599
BDJ,5111
BDJ,10122
BDO,32
BEJ,11532
BEJ,6453
BEJ,9613
BEJ,1498
BIK,12943
BIK,6449
BJW,3084
BJW,2948
BKI,4307
BKI,3592
BKI,2559
BKK,39993
BKK,19828
BKS,302
BKS,50392
BLR,10011
BMU,3393
BMU,7068
BMU,327
BNE,37662
BOM,10221
BPN,4683
BPN,164761
BPN,19093
BPN,1661
BPN,8292
BPN,3953
BPN,890
BPN,4301
BPN,4289
BPN,1559
BPN,1171
BPN,1155
BPN,8243
BPN,3555
BPN,2333
BPN,14440
BPN,79617
BPN,18
BPN,33185
BPN,907
BPN,43460
BPN,40484
BTH,910
BTH,116581
BTH,3179
BTH,2965
BTH,49327
BTH,3374
BTH,1521
BTH,557
BTH,4525
BTH,23097
BTH,884
BTH,30299
BTH,19513
BTH,6239
BTH,5145
BTH,32086
BTH,2464
BTH,9290
BTJ,52125
BTJ,15946
BTJ,15968
BTJ,2298
BUU,2277
BWX,12266
CAI,4918
CAN,34374
CAN,21288
CAN,8604
CBR,862
CGK,6133
CGK,1993
CGK,74551
CGK,25116
CGK,74521
CGK,430715
CGK,32586
CGK,43758
CGK,8699
CGK,12144
CGK,8507
CGK,54978
CGK,35237
CGK,37605
CGK,23549
CGK,128255
CGK,12131
CGK,8382
CGK,27340
CGK,980
CGK,249752
CGK,17384
CGK,238090
CGK,29402
CGK,8500
CGK,93129
CGK,13867
CGK,53495
CGK,24277
CGK,11913
CGK,3069
CGK,20669
CGK,18300
CGK,1593
CGK,22625
CGK,122840
CGK,6337
CGK,31569
CGK,63474
CGK,125305
CGK,36714
CGK,134915
CGK,25082
CGK,4015
CGK,131414
CGK,19293
CGK,261443
CGK,4765
CGK,54455
CGK,22287
CGK,94527
CGK,267539
CGK,21233
CGK,6252
CGK,10553
CGK,1585
CGK,3475
CGK,31501
CGK,93841
CGK,21620
CGK,31939
CGK,9259
CGK,17728
CGK,236413
CGK,29047
CGK,119140
CNS,9470
DEL,14450
DEX,4537
DIL,12459
DJB,1849
DJB,159
DJB,1585
DJJ,16057
DJJ,4297
DJJ,4461
DJJ,1406
DJJ,6116
DJJ,22243
DJJ,688
DJJ,22273
DJJ,19747
DJJ,860
DOB,933
DOH,67566
DPS,7469
DPS,63144
DPS,15541
DPS,40302
DPS,3599
DPS,38663
DPS,14235
DPS,11186
DPS,13501
DPS,155968
DPS,54840
DPS,27071
DPS,5442
DPS,93763
DPS,24405
DPS,11575
DPS,8565
DPS,24070
DPS,245600
DPS,14159
DPS,1951
DPS,12937
DPS,113497
DPS,2085
DPS,3400
DPS,80793
DPS,7291
DPS,3752
DPS,12965
DPS,35995
DPS,43046
DPS,2871
DPS,9991
DPS,34321
ENE,4483
ENE,2392
EWE,538
EWE,1892
FLZ,3045
FOC,3407
GNS,13712
GTO,115
GTO,17015
HKG,16336
HLP,10237
HLP,22609
HLP,23931
HLP,4401
HLP,14282
HLP,42395
HLP,14359
HLP,17108
HLP,84590
HLP,22395
JED,2196
JHB,5457
KDI,5333
KDI,62427
KEI,1007
KJT,4982
KJT,2942
KJT,181
KNG,1073
KNG,2000
KNO,83423
KNO,767
KNO,1860
KNO,1916
KNO,105
KNO,8986
KNO,52115
KNO,11182
KNO,8908
KNO,21543
KNO,1581
KNO,4928
KNO,1472
KNO,9802
KOE,3287
KOE,1177
KOE,1438
KOE,67
KOE,104
KOE,36637
KOE,3962
KOE,2877
KOE,2619
KTG,11272
KUL,17909
KUL,34305
KUL,35542
KUL,69018
KUL,8131
KUL,21389
KXB,5861
LAH,3211
LBJ,7456
LNU,87
LOP,5931
LOP,1136
LOP,51958
LOP,2746
LOP,2837
LOP,9377
LUW,15775
MDC,1457
MDC,5340
MDC,7862
MDC,9131
MDC,8758
MDC,30045
MJU,3691
MKQ,552
MKQ,6429
MKW,1356
MKW,16641
MKW,10840
MOH,3677
MOH,13270
NBX,7733
OTI,306
PDG,7
PDG,102
PDG,1525
PEN,4002
PGK,11693
PGK,170
PGK,11248
PGK,1522
PKU,4576
PKU,473
PKU,3398
PKU,15242
PKY,8671
PKY,14653
PLM,819
PLM,4898
PLM,9237
PLW,4630
PLW,303
PLW,32132
PNK,651
PNK,598
PNK,499
PNK,21496
PNK,9848
SIN,52655
SIN,4140
SIN,8350
SOQ,3504
SOQ,16209
SQN,699
SRG,8938
SUB,9112
SUB,5953
SUB,85703
TIM,22768
TRT,627
TTE,30500
UPG,25684
AAP,4698
AAP,33304
AAP,199
AAP,20768
AAP,1047
AAP,4568
ABU,866
ADL,16778
AKL,12390
AMQ,28191
AMQ,912
AMQ,621
AMQ,8616
AMQ,1270
AMQ,1011
AMQ,6208
AMQ,293
AMQ,9018
AMQ,3876
AMQ,2475
AMQ,14721
AMS,4536
ARD,3944
BDJ,10934
BDJ,2567
BDJ,118524
BDJ,13616
BDJ,3477
BDJ,1422
BDJ,153
BDJ,25411
BDJ,71016
BDJ,4564
BDJ,11037
BDO,22
BEJ,12337
BEJ,7612
BEJ,10920
BEJ,1793
BIK,10773
BIK,6770
BJW,1727
BJW,1381
BKI,2807
BKI,3261
BKI,1982
BKK,33910
BKK,19233
BKS,48878
BLR,10256
BMU,3404
BMU,7815
BMU,312
BNE,39990
BOM,10594
BPN,3662
BPN,161324
BPN,19029
BPN,2155
BPN,6479
BPN,3243
BPN,1293
BPN,3612
BPN,4526
BPN,1518
BPN,998
BPN,941
BPN,8305
BPN,3223
BPN,2366
BPN,15118
BPN,78930
BPN,35046
BPN,748
BPN,45086
BPN,43198
BTH,196
BTH,113632
BTH,2861
BTH,3024
BTH,455
BTH,45716
BTH,3539
BTH,1368
BTH,4949
BTH,19003
BTH,853
BTH,29870
BTH,20295
BTH,6199
BTH,5127
BTH,30712
BTH,2337
BTH,9042
BTJ,43195
BTJ,12451
BTJ,15602
BTJ,2158
BUU,3745
BWX,12762
CAI,4741
CAN,33432
CAN,18348
CAN,8205
CBR,973
CGK,4084
CGK,2229
CGK,73411
CGK,25396
CGK,71997
CGK,390137
CGK,34569
CGK,43208
CGK,7241
CGK,12170
CGK,8772
CGK,56000
CGK,38011
CGK,42658
CGK,24386
CGK,117278
CGK,11110
CGK,6353
CGK,27062
CGK,872
CGK,221121
CGK,22429
CGK,234147
CGK,28500
CGK,8448
CGK,84979
CGK,12760
CGK,53015
CGK,25958
CGK,11772
CGK,4018
CGK,9508
CGK,18397
CGK,1558
CGK,26008
CGK,117140
CGK,5799
CGK,32144
CGK,62626
CGK,119524
CGK,38122
CGK,132452
CGK,26131
CGK,3870
CGK,125792
CGK,20058
CGK,264751
CGK,5442
CGK,56140
CGK,24681
CGK,94722
CGK,263358
CGK,20931
CGK,5077
CGK,10589
CGK,2413
CGK,3439
CGK,33221
CGK,94044
CGK,21440
CGK,28813
CGK,9424
CGK,18335
CGK,239016
CGK,29397
CGK,117983
CNS,8869
DEL,11872
DEX,5648
DIL,13420
DJB,1451
DJB,2032
DJJ,19173
DJJ,4527
DJJ,4543
DJJ,920
DJJ,5120
DJJ,23839
DJJ,396
DJJ,23325
DJJ,19702
DJJ,711
DOB,908
DOH,67514
DPS,7215
DPS,67658
DPS,15002
DPS,32917
DPS,3867
DPS,40426
DPS,14561
DPS,9584
DPS,15921
DPS,144194
DPS,51644
DPS,25610
DPS,5877
DPS,92848
DPS,23836
DPS,11417
DPS,6951
DPS,216
DPS,24942
DPS,236860
DPS,13366
DPS,2474
DPS,11517
DPS,112210
DPS,7605
DPS,3560
DPS,82671
DPS,7685
DPS,2222
DPS,14443
DPS,34026
DPS,42649
DPS,2811
DPS,10402
DPS,32511
ENE,3501
ENE,1731
EWE,410
EWE,2100
FLZ,2646
FOC,3765
GNS,13485
GTO,138
GTO,16974
HKG,16878
HLP,10254
HLP,18969
HLP,26565
HLP,4664
HLP,14487
HLP,43209
HLP,13437
HLP,17591
HLP,86888
HLP,22540
JED,2026
JHB,4992
KDI,5282
KDI,64305
KEI,724
KJT,3353
KJT,2491
KJT,1287
KNG,1592
KNG,2593
KNO,76314
KNO,685
KNO,1860
KNO,2235
KNO,37
KNO,7530
KNO,50906
KNO,11210
KNO,7871
KNO,21981
KNO,811
KNO,3873
KNO,750
KNO,6611
KOE,4103
KOE,1509
KOE,1688
KOE,214
KOE,100
KOE,31489
KOE,3849
KOE,3094
KOE,2651
KTG,10954
KUL,17835
KUL,37576
KUL,33843
KUL,60432
KUL,8012
KUL,18545
KXB,5676
LAH,3491
LBJ,7012
LNU,101
LOP,5363
LOP,918
LOP,44995
LOP,2627
LOP,2092
LOP,8264
LUW,15949
MDC,1414
MDC,5173
MDC,6190
MDC,9894
MDC,8190
MDC,27017
MJU,3219
MKQ,339
MKQ,5381
MKW,1360
MKW,17741
MKW,11080
MOH,3224
MOH,13665
NBX,8569
OTI,313
PDG,7
PDG,1609
PEN,4590
PGK,10796
PGK,11308
PGK,1690
PKU,3362
PKU,4200
PKU,14181
PKY,8178
PKY,13552
PLM,397
PLM,5353
PLM,8995
PLW,4510
PLW,290
PLW,30895
PNK,698
PNK,887
PNK,546
PNK,21050
PNK,9252
SIN,59204
SIN,4061
SIN,9215
SMQ,3701
SOQ,2292
SOQ,16018
SQN,571
SRG,8245
SUB,9329
SUB,4556
SUB,90248
TIM,25735
TRT,652
TTE,29893
UPG,137
UPG,25792
AAP,3537
AAP,34008
AAP,472
AAP,23069
AAP,734
AAP,4527
ABU,850
ADL,15670
AKL,5502
AMQ,24153
AMQ,1055
AMQ,725
AMQ,8576
AMQ,1049
AMQ,849
AMQ,4807
AMQ,315
AMQ,7211
AMQ,3102
AMQ,2207
AMQ,12335
AMS,4383
ARD,3451
BDJ,9555
BDJ,2069
BDJ,111353
BDJ,13073
BDJ,3344
BDJ,1277
BDJ,20343
BDJ,64692
BDJ,5439
BDJ,10794
BDO,29
BEJ,12707
BEJ,7316
BEJ,9969
BEJ,1670
BIK,10242
BIK,6296
BJW,846
BJW,630
BKI,3021
BKI,2993
BKI,1686
BKK,39371
BKK,19663
BKS,46241
BLR,8922
BMU,2417
BMU,5306
BMU,233
BNE,35982
BOM,10365
BPN,4291
BPN,158166
BPN,20671
BPN,2278
BPN,6658
BPN,3661
BPN,975
BPN,2911
BPN,4031
BPN,1265
BPN,1222
BPN,847
BPN,7032
BPN,2776
BPN,2336
BPN,14365
BPN,71509
BPN,32544
BPN,844
BPN,41109
BPN,40049
BTH,110780
BTH,2967
BTH,2938
BTH,1403
BTH,41423
BTH,4686
BTH,1121
BTH,4618
BTH,18709
BTH,825
BTH,28656
BTH,19066
BTH,6079
BTH,4784
BTH,25481
BTH,2587
BTH,8503
BTJ,37034
BTJ,11049
BTJ,16159
BTJ,2146
BUU,3022
BWX,12097
CAI,2938
CAN,33565
CAN,15665
CAN,11388
CGK,3854
CGK,2063
CGK,68282
CGK,23701
CGK,62158
CGK,331891
CGK,31385
CGK,39750
CGK,6572
CGK,12268
CGK,5674
CGK,58095
CGK,40227
CGK,40929
CGK,18855
CGK,115486
CGK,11825
CGK,5349
CGK,26116
CGK,204
CGK,202571
CGK,19851
CGK,231721
CGK,13022
CGK,7554
CGK,68776
CGK,15194
CGK,47214
CGK,34325
CGK,10069
CGK,4215
CGK,15106
CGK,15718
CGK,2399
CGK,29410
CGK,103119
CGK,8053
CGK,31301
CGK,61279
CGK,115542
CGK,37987
CGK,127691
CGK,25584
CGK,3924
CGK,108710
CGK,23904
CGK,272151
CGK,5656
CGK,52920
CGK,23928
CGK,89259
CGK,243006
CGK,18466
CGK,5008
CGK,10572
CGK,1984
CGK,3575
CGK,31536
CGK,93966
CGK,20492
CGK,28358
CGK,9109
CGK,17038
CGK,221213
CGK,28704
CGK,104974
CNS,8633
DEL,10018
DEX,5853
DIL,12680
DJB,1538
DJB,132
DJB,2626
DJJ,17000
DJJ,4193
DJJ,5564
DJJ,2246
DJJ,5167
DJJ,23131
DJJ,1116
DJJ,21135
DJJ,28821
DJJ,1106
DOB,903
DOH,47341
DPS,6489
DPS,44246
DPS,12667
DPS,26828
DPS,3854
DPS,45654
DPS,18860
DPS,9364
DPS,12743
DPS,128753
DPS,25381
DPS,19211
DPS,1736
DPS,80734
DPS,23233
DPS,12215
DPS,3107
DPS,294
DPS,756
DPS,4931
DPS,24781
DPS,198567
DPS,11438
DPS,2965
DPS,11244
DPS,102117
DPS,7876
DPS,2640
DPS,72773
DPS,7093
DPS,11355
DPS,28741
DPS,36549
DPS,1871
DPS,9431
DPS,25685
ENE,1105
ENE,613
EWE,796
EWE,1842
FLZ,2822
FOC,1692
GNS,12515
GTO,14087
HKG,14945
HLP,9898
HLP,20769
HLP,21895
HLP,13418
HLP,13188
HLP,36459
HLP,12889
HLP,16633
HLP,88963
HLP,21761
JED,3060
JED,7375
JHB,4775
KDI,4646
KDI,58790
KEI,1167
KJT,2807
KJT,1934
KJT,1385
KNG,1372
KNG,1991
KNO,76044
KNO,599
KNO,1760
KNO,3864
KNO,7186
KNO,48468
KNO,10409
KNO,7502
KNO,24513
KNO,1375
KNO,3166
KNO,1312
KNO,7433
KOE,3510
KOE,1202
KOE,746
KOE,446
KOE,100
KOE,26196
KOE,3783
KOE,2618
KOE,1834
KTG,9893
KUL,2011
KUL,15878
KUL,33571
KUL,35079
KUL,65595
KUL,8922
KUL,16334
KXB,5644
LAH,3482
LBJ,2357
LNU,77
LOP,4599
LOP,577
LOP,40998
LOP,2368
LOP,1941
LOP,7426
LUW,262
LUW,14897
MDC,5707
MDC,5111
MDC,8299
MDC,7316
MDC,22693
MJU,3237
MKQ,688
MKQ,6439
MKW,1730
MKW,16193
MKW,9707
MOH,3287
MOH,13801
NBX,9303
OTI,243
PDG,10
PDG,132
PDG,1295
PEN,4117
PGK,10198
PGK,11322
PGK,2058
PKU,3676
PKU,3751
PKU,11902
PKY,7632
PKY,14183
PKY,1069
PLM,510
PLM,4842
PLM,8625
PLW,4002
PLW,316
PLW,142
PLW,29091
PNK,622
PNK,738
PNK,655
PNK,21680
PNK,8677
SIN,59812
SIN,2754
SIN,9125
SMQ,1060
SMQ,3605
SOQ,1628
SOQ,15685
SQN,524
SRG,6945
SUB,8365
SUB,4112
SUB,80723
TIM,23362
TRT,606
TTE,27971
UPG,1086
UPG,25333
AAP,3895
AAP,34151
AAP,27072
AAP,1580
AAP,6011
ABU,686
ADL,17829
AKL,6260
AMQ,27878
AMQ,1028
AMQ,981
AMQ,9814
AMQ,1277
AMQ,1116
AMQ,5557
AMQ,402
AMQ,9470
AMQ,3604
AMQ,2525
AMQ,15254
AMS,4704
ARD,2852
BDJ,9833
BDJ,2599
BDJ,119240
BDJ,16553
BDJ,3418
BDJ,1067
BDJ,24698
BDJ,78366
BDJ,7875
BDJ,15368
BDO,42
BEJ,13522
BEJ,7513
BEJ,11859
BEJ,2384
BIK,13174
BIK,8489
BIK,28
BJW,2948
BJW,2469
BKI,4349
BKI,3284
BKI,2150
BKK,38503
BKK,23776
BKS,56957
BLR,9930
BMU,2907
BMU,6007
BMU,228
BNE,42199
BOM,10539
BPN,4205
BPN,164441
BPN,24186
BPN,2394
BPN,7479
BPN,4080
BPN,1070
BPN,4530
BPN,6241
BPN,1123
BPN,941
BPN,1355
BPN,7760
BPN,3362
BPN,2102
BPN,17091
BPN,87769
BPN,39410
BPN,958
BPN,53193
BPN,48022
BTH,120484
BTH,4565
BTH,4143
BTH,3723
BTH,52517
BTH,4707
BTH,1039
BTH,4716
BTH,22536
BTH,2037
BTH,39783
BTH,24964
BTH,9187
BTH,6818
BTH,30484
BTH,2873
BTH,9885
BTJ,42713
BTJ,11246
BTJ,20476
BTJ,2555
BUU,3268
BWX,13126
CAI,2535
CAN,33575
CAN,19461
CAN,11400
CBR,769
CGK,4567
CGK,1738
CGK,84285
CGK,24322
CGK,67417
CGK,419261
CGK,38762
CGK,41877
CGK,6765
CGK,13039
CGK,5793
CGK,69799
CGK,42087
CGK,45108
CGK,19413
CGK,114170
CGK,16632
CGK,8421
CGK,30179
CGK,260854
CGK,21945
CGK,247834
CGK,19599
CGK,9024
CGK,75737
CGK,15210
CGK,53671
CGK,31901
CGK,14319
CGK,5522
CGK,19540
CGK,15486
CGK,2808
CGK,32358
CGK,128232
CGK,10929
CGK,33865
CGK,76042
CGK,137197
CGK,40248
CGK,151228
CGK,26338
CGK,3588
CGK,131282
CGK,23950
CGK,358984
CGK,6095
CGK,61071
CGK,28221
CGK,94048
CGK,255105
CGK,23996
CGK,5931
CGK,10673
CGK,1383
CGK,3518
CGK,36204
CGK,113563
CGK,22472
CGK,35655
CGK,9063
CGK,18195
CGK,240163
CGK,28479
CGK,120653
CNS,8597
DEL,13325
DEX,5908
DIL,15454
DJB,2185
DJB,3880
DJJ,19984
DJJ,6319
DJJ,9359
DJJ,2012
DJJ,10730
DJJ,29506
DJJ,1483
DJJ,25213
DJJ,29875
DJJ,1242
DOB,1185
DOH,44658
DPS,6879
DPS,85059
DPS,16104
DPS,35854
DPS,4695
DPS,53594
DPS,18749
DPS,8960
DPS,4457
DPS,16649
DPS,136170
DPS,35075
DPS,25242
DPS,5763
DPS,91210
DPS,24673
DPS,11982
DPS,6171
DPS,1732
DPS,3735
DPS,6162
DPS,24898
DPS,220187
DPS,17011
DPS,3437
DPS,14591
DPS,133194
DPS,7461
DPS,2970
DPS,74502
DPS,7804
DPS,13414
DPS,27242
DPS,45959
DPS,2540
DPS,10643
DPS,33045
ENE,4988
ENE,3987
EWE,921
EWE,1983
FLZ,3217
FOC,1685
GNS,17886
GTO,16270
HKG,14761
HLP,9972
HLP,24263
HLP,22346
HLP,16422
HLP,11251
HLP,40419
HLP,14673
HLP,17978
HLP,89615
HLP,27214
JED,8275
JED,12856
JHB,5664
KDI,7704
KDI,68616
KEI,1546
KJT,604
KJT,1481
KNG,1279
KNG,2333
KNO,83453
KNO,570
KNO,1472
KNO,1719
KNO,10381
KNO,60833
KNO,10976
KNO,8587
KNO,29278
KNO,1441
KNO,3599
KNO,1970
KNO,9117
KOE,2914
KOE,1158
KOE,3270
KOE,745
KOE,83
KOE,98
KOE,30874
KOE,5474
KOE,4247
KOE,1803
KTG,10888
KUL,19810
KUL,38585
KUL,38237
KUL,66729
KUL,10271
KUL,19271
KXB,5539
LAH,3216
LBJ,620
LBJ,5176
LNU,95
LOP,5482
LOP,762
LOP,48175
LOP,2129
LOP,2521
LOP,8974
LUW,231
LUW,15015
MDC,5432
MDC,10448
MDC,10160
MDC,8421
MDC,27729
MJU,3596
MKQ,817
MKQ,9502
MKW,1026
MKW,18000
MKW,13487
MOH,3581
MOH,15051
NBX,3586
NBX,8235
OTI,304
PDG,12
PDG,2241
PEN,4187
PGK,12218
PGK,12201
PGK,3060
PKU,4080
PKU,5315
PKU,13584
PKY,8135
PKY,18312
PKY,5586
PLM,7516
PLM,9905
PLW,7041
PLW,354
PLW,253
PLW,33317
PNK,707
PNK,838
PNK,2969
PNK,25337
PNK,10266
SIN,64787
SIN,4033
SIN,10192
SMQ,1941
SMQ,3959
SOQ,3727
SOQ,25599
SQN,551
SRG,9827
SUB,10198
SUB,7380
SUB,92753
TIM,25957
TRT,512
TTE,32336
UPG,30826
