Iata (Dim Bandara.Csv),Jumlah Penumpang
BEJ,4087
CGK,25924
DPS,4398
SUB,35914
UPG,7228
YIA,2605
KOE,7234
CGK,1995
DPS,20564
DPS,8765
CGK,9730
DOB,1264
LUV,6862
MDC,1001
NAM,2593
NBX,2510
NRE,1743
SOQ,7830
SQN,581
SUB,8465
SXK,4371
TTE,2657
UPG,31117
KOE,7874
BPN,23336
BTW,3478
CGK,97185
DPS,7881
KBU,7023
KJT,6495
SRG,18140
SUB,86874
UPG,8563
YIA,3561
JOG,9299
KUL,30865
PLM,1303
SIN,19355
SOC,1529
SRG,7722
SUB,13191
TKG,7200
BPN,30193
DJJ,10565
NBX,2775
UPG,11440
KOE,7325
LBJ,2873
MDC,876
CGK,38723
DPS,17127
BTH,1509
CGK,52549
PLM,3328
TKG,1260
DPS,8978
LOP,15828
UPG,1783
DPS,34541
CGK,102589
DPS,7158
GHS,2946
KJT,4815
LNU,2714
MDC,6804
MJU,2149
PKY,4650
PLW,9399
PNK,4935
SIN,3407
SRG,9169
SUB,85368
TJS,3280
TRK,34099
UPG,37938
CGK,101015
DJB,11314
DTB,4765
DUM,3436
KJT,8414
KNO,56660
LMU,1648
NTX,5402
PDG,34169
PGK,9053
PKU,44223
PLM,17640
PNK,21543
SIQ,1283
SRG,7810
SUB,37476
SZB,2095
TKG,6540
TNJ,2592
CGK,27337
KNO,28442
KUL,19404
PEN,2352
UPG,2714
CGK,4318
DJB,3206
CGK,15470
SUB,4744
SOQ,13766
CGK,24445
DPS,41111
MDC,4862
CMB,10245
DJB,86746
DJJ,17851
DOH,34352
DPS,363789
DTB,25578
DXB,43233
FOC,7605
GTO,5940
HAK,3776
HKG,57831
HND,36738
ICN,42487
IST,20193
JED,110475
JHB,3486
KDI,22176
KIX,2838
KJT,1546
KMG,2906
KNO,282851
KOE,8810
KUL,229241
LBJ,10752
LLJ,11184
LOP,64591
MCT,16335
MDC,64793
MED,28215
MEL,7721
MKW,6189
MLG,29931
MNL,16284
NNG,1049
NRT,32799
PDG,129371
PEK,6369
PEN,30464
PGK,95975
PKU,133492
PKY,33876
PLM,140391
PLW,21257
PNH,2197
PNK,159707
PVG,16929
RUH,10135
SIN,334069
SMQ,5164
SOC,67260
SOQ,23018
SRG,146047
SRI,7129
SUB,317744
SYD,20517
SZX,8390
TAS,1313
TIM,5177
TJQ,44385
TKG,116352
TNJ,17071
TPE,36291
TRK,8129
TTE,16324
UPG,231865
XMN,7762
YIA,5239
DPS,5778
MDC,5309
DJJ,7970
WMX,2506
DPS,8801
KNO,2818
PDG,1903
PKU,2125
PLM,6142
TKG,1485
MKQ,16542
MKW,1878
NBX,6125
OKL,4076
SOQ,16272
TIM,23796
TMH,1885
UPG,38695
WMX,30494
ZRI,1694
LUV,1443
DPS,56208
DRW,8785
DXB,36776
FOC,2824
HAN,1739
HGH,10445
HKG,55944
ICN,41024
IST,17132
JOG,46707
KIX,8446
KJT,14001
KNO,9118
KOE,16151
KUL,167640
LBJ,25965
LOP,59501
MDC,5936
MEL,67526
MNL,28272
MOF,5803
NKG,5791
NRT,14623
PHE,938
PLM,3566
PVG,23479
SIN,196727
SOC,19974
SRG,9538
SUB,133703
SVO,11992
SYD,65106
SZX,14812
TIM,6693
TMC,10459
TPE,32626
UPG,37004
WGP,6048
WUH,5693
YIA,773
KNO,1768
KUL,2985
KNO,2199
PKU,3882
KOE,12132
LBJ,6920
TMC,2054
KNO,6421
KNO,21619
PDG,2390
MDC,6776
PLW,1889
UPG,21827
SUB,15757
JOG,72287
KNO,42134
KOE,2888
LOP,4275
MLG,31194
PDG,25124
PKU,10704
PLM,42700
SOC,26775
SRG,32115
SUB,78420
TJQ,5322
TKG,8762
UPG,5955
YIA,2845
SUB,2188
KNO,4789
SUB,26465
SUB,5834
SUB,10323
UPG,1381
PNK,10593
SUB,6322
UPG,65623
WNI,2922
MKQ,182
KNO,7079
UPG,1944
MKW,968
SOQ,2256
KUL,78394
LSW,3658
MED,5228
MEQ,3172
PDG,18275
PEN,58034
PKU,39256
PLM,15038
SIN,32457
SNB,2213
TXE,1297
YIA,2172
LBJ,471
LKA,6111
LWE,1851
MOF,9814
RTG,1133
RTI,3738
SAU,268
SUB,46149
TMC,7267
UPG,2521
WGP,6229
UPG,3524
PNK,23156
SRG,2865
LOP,13551
PDG,24850
PKU,24915
PLM,12843
PNK,8293
SOC,3197
SRG,9221
SUB,60341
UPG,9774
TTE,3313
LOP,2063
MOF,637
SUB,4999
UPG,1613
PLM,3038
TRK,4000
SIN,2730
SUB,64125
SWQ,7908
UPG,3800
TIM,746
MDC,2916
PLW,5253
UPG,12354
MNA,2767
NAH,2486
PVG,2457
SIN,4761
SOQ,14903
SUB,11534
TTE,12375
UPG,29868
SUB,9102
UPG,8333
TMH,954
UPG,7774
NBX,815
SOQ,14981
UPG,15913
PKU,1652
UPG,4242
PLW,1990
UPG,3391
SOQ,1304
TIM,5845
TRK,2001
SOQ,60
TTE,3272
PKU,3315
SUB,5957
SUB,5799
PLM,22918
TJQ,13197
TTE,2713
PLM,2814
SIN,6631
SUB,9137
SZB,1397
TNJ,2044
SMQ,1603
SUB,23686
YIA,5170
SIN,6984
SRG,4566
SUB,14790
TKG,4912
YIA,1497
SUB,3647
TLI,2142
UOL,1741
UPG,36771
PSU,5780
SQG,6432
SRG,6637
SUB,28552
UPG,7129
YIA,6728
UPG,1810
UPG,3174
SRG,8329
SUB,71105
UPG,3281
SUB,9066
SUB,7219
TIM,3783
UPG,28584
TTE,640
SUB,18717
UPG,4738
SUP,1034
TRK,8761
UPG,103030
UPG,20528
WMX,1439
TRK,13
TWU,981
UPG,9627
YIA,2130
UPG,17127
YIA,3871
BEJ,3524
CGK,23210
DPS,3603
SUB,32178
UPG,6162
YIA,1198
KOE,8328
CGK,1502
DPS,34165
DPS,5847
CGK,9817
DOB,1495
LUV,7745
MDC,803
NAM,2874
NBX,1068
NRE,1207
SOQ,3614
SQN,490
SUB,5926
SXK,3960
TTE,2865
UPG,31182
CGK,4061
KOE,7462
BPN,22814
BTW,3476
CGK,98353
DPS,4305
KBU,6570
KJT,4110
SRG,15060
SUB,74849
UPG,7274
YIA,889
JOG,12374
KUL,27946
PLM,4586
SIN,9613
SOC,1552
SRG,9774
SUB,14087
TKG,8631
BPN,29851
DJJ,12487
NBX,1912
UPG,11344
KOE,6550
LBJ,2150
CGK,25452
DPS,15888
BTH,1096
CGK,51658
PLM,2970
TKG,1436
DPS,8991
LOP,15072
UPG,1846
DPS,48027
CGK,112512
DPS,3720
GHS,2466
KJT,3403
LNU,2345
MDC,5417
MJU,1784
PKY,4460
PLW,8658
PNK,3970
SIN,2095
SRG,7965
SUB,74835
TJS,3171
TRK,35595
UPG,35679
CGK,92928
DJB,9540
DTB,1943
DUM,2306
KJT,6386
KNO,49922
LMU,1447
NTX,6115
PDG,28420
PGK,6360
PKU,34741
PLM,14045
PNK,14331
SIQ,1200
SRG,5634
SUB,32811
SZB,2703
TKG,5337
TNJ,2040
CGK,27380
KNO,27981
KUL,15329
PEN,1923
UPG,2510
CGK,4245
DJB,3422
CGK,12863
SUB,5076
SOQ,12342
CGK,2641
DPS,1523
CMB,9720
DJB,80862
DJJ,14235
DOH,28567
DPS,302423
DTB,14987
DXB,37552
GTO,7147
HKG,21904
HND,31030
ICN,34252
IST,18065
JED,88154
JHB,2899
KDI,22863
KIX,2484
KJT,1153
KMG,1
KNO,245737
KOE,8914
KUL,166788
LBJ,9336
LLJ,10552
LOP,67032
MCT,14263
MDC,57641
MED,24762
MEL,6100
MKW,6574
MLG,39230
MNL,13973
NRT,26655
PDG,123930
PEK,774
PEN,22084
PGK,79428
PKU,120110
PKY,31307
PLM,141887
PLW,21235
PNH,835
PNK,142332
PVG,1363
RUH,7311
SIN,169342
SMQ,5703
SOC,65315
SOQ,21193
SRG,143365
SRI,6982
SUB,317469
SYD,15939
SZX,421
TAS,1060
TIM,3572
TJQ,36249
TKG,115530
TNJ,17026
TPE,27349
TRK,5998
TTE,14879
UPG,237258
YIA,6183
DPS,10838
DJJ,5654
WMX,1823
DPS,5741
KNO,1840
PDG,1384
PKU,1681
PLM,6137
TKG,1141
MKQ,14529
MKW,5585
NBX,5612
OKL,3177
SOQ,12029
TIM,21970
TMH,1784
UPG,32617
WMX,25133
ZRI,1793
LUV,1551
DPS,52010
DRW,14194
DXB,31445
HAN,5468
HKG,22710
ICN,30179
IST,15420
JOG,40823
KIX,7667
KJT,9481
KNO,3890
KOE,13612
KUL,133430
LBJ,19761
LOP,50886
MDC,4931
MEL,90269
MNL,23329
MOF,6013
NRT,12938
PHE,520
PLM,2382
PVG,1226
SIN,154187
SOC,17069
SRG,7943
SUB,106868
SVO,10687
SYD,69940
SZX,164
TIM,6840
TMC,8936
TPE,24923
UPG,37646
WGP,5538
YIA,204
KNO,1063
KUL,1945
KNO,1686
PKU,3741
KOE,11844
LBJ,6252
TMC,1642
KNO,5386
KNO,20867
PDG,1440
MDC,6839
PLW,1825
UPG,25957
SUB,5698
JOG,73261
KNO,35529
KOE,2929
LOP,3635
MLG,25634
PDG,21025
PKU,10305
PLM,37188
SOC,30159
SRG,39708
SUB,77420
TJQ,1768
TKG,7615
UPG,5101
YIA,1313
SUB,2095
KNO,4328
SUB,26604
UPG,5055
SUB,4365
SUB,11978
UPG,1291
PNK,7871
SUB,4945
UPG,67009
WNI,2901
MKQ,200
KNO,3434
UPG,583
MKW,824
SOQ,2544
KUL,40580
LSW,3749
MED,4548
MEQ,3039
PDG,15015
PEN,35468
PKU,33199
PLM,11800
SIN,15799
SNB,2369
TXE,1966
YIA,1569
LBJ,1071
LKA,6805
LWE,2010
MOF,8148
RTG,1285
RTI,3343
SAU,175
SUB,41630
TMC,7087
UPG,2335
WGP,5935
UPG,3427
PNK,20648
SRG,2309
LOP,10890
PDG,20085
PKU,14928
PLM,8131
PNK,6503
SOC,2249
SRG,7596
SUB,43713
UPG,7733
TTE,2832
LOP,1479
MOF,507
SUB,4037
PLM,2946
TRK,3667
SIN,1719
SUB,54036
SWQ,7197
UPG,1832
TIM,463
MDC,2918
PLW,5425
UPG,13694
MNA,3112
NAH,2258
SIN,3230
SOQ,9312
SUB,10725
TTE,10185
UPG,28255
SUB,8594
UPG,9158
TMH,678
UPG,6341
NBX,546
SOQ,17010
UPG,11857
PKU,2588
UPG,1684
PLW,2068
UPG,3237
SOQ,995
TIM,4475
TRK,2275
SOQ,57
TTE,3127
PKU,3030
SUB,4196
SUB,4959
PLM,20369
TJQ,13968
TTE,2609
PLM,2403
SIN,2844
SUB,6150
SZB,358
TNJ,1201
SMQ,1711
SUB,18541
YIA,4218
SIN,4543
SRG,3966
SUB,8301
TKG,5024
SUB,3109
TLI,2478
UOL,1696
UPG,36581
PSU,5608
SQG,5919
SRG,5408
SUB,24513
UPG,6284
YIA,6319
UPG,2043
UPG,3045
SRG,4898
SUB,40868
UPG,1828
SUB,7808
SUB,5952
TIM,2061
UPG,26208
TTE,508
SUB,19596
UPG,4336
SUP,867
TRK,6476
UPG,91842
UPG,16669
WMX,1554
TWU,802
UPG,7422
YIA,180
UPG,17458
YIA,1177
BEJ,2305
CGK,16964
DPS,1674
SUB,29226
UPG,5902
YIA,595
KOE,6183
CGK,486
DPS,9282
DPS,4053
CGK,9117
DOB,1561
LUV,5589
MDC,862
NAM,2511
NBX,642
NRE,1344
SOQ,3531
SQN,535
SUB,8392
SXK,3751
TTE,2268
UPG,23709
CGK,9943
KOE,6563
BPN,18312
BTW,1958
CGK,68720
DPS,3348
KBU,4633
KJT,2572
SRG,15464
SUB,64385
UPG,7482
YIA,1845
JOG,11246
KUL,14148
PLM,3872
SIN,4319
SOC,1215
SRG,6794
SUB,11186
TKG,7009
BPN,23576
CGK,1042
DJJ,9532
NBX,1142
UPG,8557
KOE,5297
LBJ,2611
CGK,8014
DPS,7272
BTH,1868
CGK,45946
PLM,2098
TKG,1822
DPS,8435
LOP,12109
UPG,2164
DPS,19370
CGK,79768
DPS,2464
GHS,1504
KJT,1770
LNU,2262
MDC,5005
MJU,1437
PKY,3019
PLW,8142
PNK,2412
SIN,567
SRG,7251
SUB,71871
TJS,2280
TRK,35088
UPG,33241
YIA,2445
CGK,72224
DJB,9562
DTB,1101
DUM,2017
KJT,2812
KNO,50930
LMU,1504
NTX,4115
PDG,25998
PGK,6032
PKU,31767
PLM,13057
PNK,9906
SIQ,1464
SRG,5921
SUB,42731
SZB,1748
TKG,6108
TNJ,1873
YIA,1134
CGK,18545
KNO,29544
KUL,7517
PEN,1392
UPG,2014
CGK,3600
DJB,2089
CGK,13092
SUB,3580
SOQ,15662
CMB,4284
DJB,68850
DJJ,10151
DPS,190792
DTB,13767
DXB,21908
GTO,5295
HKG,11716
HND,15050
ICN,8509
IST,6672
JED,17150
JHB,1303
KDI,14555
KIX,1407
KJT,888
KNO,197729
KOE,7874
KUL,82853
LBJ,8717
LLJ,8833
LOP,51959
MCT,4102
MDC,53319
MED,3271
MEL,4499
MKW,4401
MLG,31307
MNL,6543
NRT,14468
PDG,108084
PEN,8637
PGK,57353
PKU,98568
PKY,24551
PLM,101683
PLW,17632
PNK,93587
RUH,2994
SIN,73928
SMQ,3391
SOC,40622
SOQ,15789
SRG,89284
SRI,4289
SUB,228231
SYD,10712
TAS,766
TIM,3651
TJQ,32561
TKG,75193
TNJ,14184
TPE,15746
TRK,3142
TTE,13434
UPG,188899
YIA,9984
DPS,3093
DJJ,4724
WMX,1071
DPS,3573
KNO,1775
PDG,1912
PKU,2067
PLM,3177
TKG,1733
MKQ,10294
MKW,3734
NBX,4400
OKL,2214
SOQ,8915
TIM,16627
TMH,1652
UPG,24800
WMX,19471
ZRI,1410
LUV,1229
DPS,40168
DRW,3311
DXB,22015
HAN,1764
HKG,10217
ICN,11491
IST,9423
JOG,26634
KIX,4727
KJT,3646
KOE,10474
KUL,66531
LBJ,19009
LOP,39339
MDC,2385
MEL,32628
MNL,11792
MOF,4977
NRT,9442
PHE,213
PLM,1395
SIN,79990
SOC,12657
SRG,4777
SUB,78592
SVO,9206
SYD,32919
TIM,5120
TMC,7479
TPE,5813
UPG,30867
WGP,4486
YIA,1449
KNO,1761
KUL,903
KNO,1889
PKU,2254
KOE,9994
LBJ,4536
TMC,2573
KNO,4394
KNO,21061
PDG,873
MDC,4239
PLW,2267
UPG,22686
SUB,3007
JOG,57497
KNO,30421
KOE,2247
LOP,4522
MLG,24909
PDG,21286
PKU,10733
PLM,33458
SOC,23989
SRG,31460
SUB,60116
TJQ,2763
TKG,9290
UPG,5161
YIA,2250
SUB,1607
KNO,2361
SUB,5650
UPG,1050
SUB,2360
SUB,15510
UPG,2352
PNK,3729
SUB,5620
UPG,52618
WNI,2181
MKQ,280
KNO,607
UPG,59
MKW,546
SOQ,1469
KUL,21648
LSW,2415
MEQ,2175
PDG,13509
PEN,19006
PKU,26154
PLM,10471
SIN,6287
SNB,2149
TXE,2211
YIA,660
LBJ,1952
LKA,5223
LWE,1945
MOF,6769
RTG,1240
RTI,2605
SAU,72
SUB,39012
TMC,6754
UPG,2145
WGP,5809
UPG,2361
PNK,16068
SRG,1959
LOP,6248
PDG,8958
PKU,7137
PLM,3388
PNK,2305
SRG,3568
SUB,23066
UPG,3277
TTE,2444
LOP,2334
MOF,984
SUB,4980
PLM,2099
TRK,2145
SIN,1207
SUB,50338
SWQ,5238
YIA,765
TIM,451
MDC,2183
PLW,3493
UPG,13097
MNA,1812
NAH,1664
SIN,1799
SOQ,6524
SUB,10631
TTE,7699
UPG,25580
UPG,7045
TMH,628
UPG,6008
SOQ,15624
UPG,10199
UPG,1114
PLW,1671
UPG,2384
SOQ,775
TIM,3198
TRK,2019
SOQ,50
TTE,2465
PKU,1724
SUB,857
YIA,576
SUB,2126
PLM,16974
TJQ,9618
TTE,2609
PLM,2080
SIN,875
SUB,7022
SZB,340
TNJ,2103
YIA,1386
SMQ,2504
SUB,19990
YIA,4456
SIN,966
SRG,5262
SUB,3929
TKG,4561
SUB,3248
TLI,1914
UOL,1677
UPG,30448
PSU,5026
SOC,455
SQG,4447
SRG,5028
SUB,23899
UPG,5477
YIA,6869
UPG,1934
UPG,2658
SRG,2399
SUB,13414
UPG,693
SUB,6827
SUB,6503
TIM,985
UPG,25401
TTE,507
SUB,12954
UPG,4067
SUP,1478
TRK,5515
TTE,189
UPG,93538
UPG,13588
WMX,1007
TRK,18
YIA,653
TWU,368
UPG,8623
UPG,16925
YIA,2243
CGK,4057
SUB,12190
UPG,2366
KOE,1497
CGK,3802
DOB,937
LUV,2058
NAM,838
NRE,605
SQN,259
SUB,309
SXK,1021
TTE,479
UPG,9246
CGK,2279
KOE,2475
BPN,3628
BTW,275
CGK,14121
DPS,516
KBU,369
SRG,3133
SUB,18827
UPG,1557
YIA,1108
JOG,1970
PLM,573
SOC,11
SRG,596
SUB,986
TKG,1198
BPN,3141
KOE,2223
LBJ,1068
CGK,436
CGK,6787
PLM,129
TKG,11
DPS,2465
LOP,3978
UPG,1225
CGK,17352
DPS,144
LNU,200
MDC,291
PKY,221
PLW,206
SRG,2637
SUB,21543
TJS,510
TRK,10867
UPG,9636
YIA,2615
CGK,19762
DJB,2453
DUM,199
KNO,14122
LMU,491
NTX,1483
PDG,7892
PGK,218
PKU,6572
PLM,3052
PNK,1996
SIQ,840
SRG,3041
SUB,18324
TKG,2219
TNJ,604
CGK,2562
KNO,5733
UPG,519
CGK,639
DJB,204
CGK,1915
SUB,929
SOQ,20
DJB,13179
DOH,4424
DPS,20611
DTB,3043
DXB,331
GTO,148
HKG,2990
HND,2415
ICN,5341
JED,258
KDI,350
KJT,101
KNO,37248
KOE,2154
KUL,3975
LBJ,364
LLJ,922
LOP,14095
MDC,7790
MEL,632
MLG,3291
NRT,5275
PDG,25177
PGK,7565
PKU,20050
PKY,4443
PLM,13239
PLW,1028
PNK,17357
RUH,930
SIN,2604
SMQ,187
SOC,7314
SOQ,15
SRG,16254
SRI,166
SUB,34134
SYD,1075
TIM,42
TJQ,3513
TKG,14851
TNJ,2663
TPE,4239
TRK,302
TTE,1647
UPG,31636
YIA,15656
KNO,111
PDG,17
PLM,402
TKG,16
OKL,50
UPG,172
LUV,508
DPS,2773
ICN,1637
KIX,964
KOE,1107
LBJ,5660
LOP,3602
MOF,1246
PLM,103
SOC,2892
SRG,685
SUB,16584
SVO,1256
TIM,200
TMC,3187
UPG,3125
WGP,2510
YIA,1187
KNO,73
KNO,28
PKU,217
KOE,1741
LBJ,1845
TMC,1222
KNO,861
KNO,5750
MDC,513
PLW,143
UPG,5401
JOG,1969
KNO,7034
KOE,204
LOP,347
MLG,6196
PDG,8684
PKU,931
PLM,7990
SOC,2952
SRG,3460
SUB,10953
TJQ,151
TKG,1656
UPG,90
YIA,3689
SUB,56
SUB,4082
UPG,134
SUB,2272
UPG,12821
WNI,747
LSW,630
MEQ,205
PDG,2161
PKU,3446
PLM,2312
SNB,295
TXE,280
YIA,4758
LKA,1679
MOF,1762
RTI,1144
SUB,9551
TMC,2862
UPG,847
WGP,2566
UPG,1184
PNK,4831
SRG,834
SUB,2005
TTE,632
LOP,279
MOF,127
SUB,2918
PLM,89
TRK,455
SUB,15447
SWQ,1971
UPG,318
MDC,328
PLW,288
UPG,4029
MNA,148
NAH,80
SUB,3074
TTE,2421
UPG,5992
UPG,1619
SOQ,646
UPG,3205
UPG,704
PLW,136
UPG,762
TRK,68
TTE,687
PKU,26
PLM,1105
TJQ,529
TTE,411
PLM,324
SUB,1931
TNJ,201
YIA,3375
SMQ,18
SUB,8361
YIA,144
SRG,729
SUB,925
TKG,217
YIA,808
SUB,1022
TLI,258
UOL,310
UPG,9078
PSU,1404
SOC,1621
SQG,315
SRG,2562
SUB,13518
UPG,647
YIA,3939
UPG,123
UPG,668
SRG,43
SUB,3058
SUB,272
UPG,2038
TTE,192
SUB,4107
UPG,1088
SUP,183
TTE,2080
UPG,27254
TRK,2
YIA,2235
UPG,261
YIA,700
UPG,7087
YIA,8532
CGK,426
CGK,247
NRE,15
SOQ,35
TTE,189
UPG,332
CGK,1149
BPN,30
CGK,2434
SUB,1553
PLM,14
BPN,541
CGK,170
CGK,308
DPS,16
CGK,5148
SUB,2792
TRK,707
UPG,965
YIA,684
CGK,3552
KNO,219
PDG,16
PKU,65
SIQ,32
SUB,49
CGK,951
KNO,23
CGK,34
SOQ,89
DJB,1099
DOH,1917
DPS,4312
HKG,1653
HND,552
ICN,4115
JED,525
KDI,411
KIX,498
KNO,6548
KUL,1609
LOP,98
MDC,1240
MEL,363
NRT,2470
PDG,2011
PGK,885
PKU,2984
PKY,748
PLM,3361
PNK,2314
RUH,1038
SIN,1431
SMQ,2
SOC,367
SRG,1518
SUB,5501
SYD,318
TJQ,221
TKG,1151
TNJ,286
TPE,3024
TTE,159
UPG,6104
YIA,2593
OKL,43
TIM,69
UPG,63
KOE,99
LOP,199
SUB,77
SVO,1147
TMC,25
SUB,4
UPG,1232
KUL,699
PKU,19
YIA,11
SUB,363
SRG,486
SUB,639
SUB,431
TTE,61
UPG,127
SOQ,236
SRG,118
SOC,102
SUB,43
SRG,30
SUB,12
UPG,660
UPG,324
TTE,131
UPG,1927
UPG,69
UPG,424
YIA,371
CGK,5032
SUB,6892
UPG,277
YIA,199
KOE,239
CGK,185
NAM,304
NRE,73
UPG,6946
CGK,1296
KOE,1226
BPN,1138
BTW,62
CGK,11815
KBU,53
SRG,6292
SUB,15749
UPG,1771
YIA,4701
JOG,95
PLM,678
SRG,166
SUB,1722
TKG,374
BPN,7074
CGK,445
DJJ,263
UPG,1090
KOE,1872
LBJ,911
CGK,110
BTH,182
CGK,6090
LOP,1529
UPG,1196
CGK,17891
DPS,46
PKY,37
PLW,4833
SRG,1495
SUB,23302
TRK,11122
UPG,11798
YIA,13510
CGK,22207
KNO,13085
LMU,903
NTX,620
PDG,5434
PKU,6509
PLM,2173
SIQ,194
SRG,406
SUB,11666
TKG,1514
YIA,447
CGK,3538
KNO,4004
UPG,100
CGK,157
SUB,383
DJB,10195
DJJ,3354
DOH,4547
DPS,12063
DTB,325
DXB,1009
HKG,3696
HND,834
ICN,4645
IST,162
JED,133
KIX,594
KNO,43793
KUL,2802
LBJ,255
LOP,7572
MDC,6782
MEL,347
MLG,766
MNL,502
NRT,3243
PDG,14792
PGK,8493
PKU,19921
PKY,5648
PLM,17050
PNK,24157
RUH,650
SIN,2748
SMQ,1004
SOC,2083
SOQ,1349
SRG,11582
SRI,301
SUB,29074
SYD,488
TJQ,2562
TKG,7019
TNJ,965
TPE,3474
TTE,1239
UPG,43398
YIA,13445
MKQ,389
TIM,385
UPG,333
WMX,263
ZRI,27
IST,126
KOE,1745
LBJ,531
LOP,265
MOF,2
SUB,1439
SVO,755
TIM,154
TMC,627
UPG,542
WGP,323
YIA,237
KOE,557
LBJ,370
TMC,980
KNO,39
KNO,3057
PLW,38
UPG,2873
JOG,552
KNO,1437
MLG,1660
PDG,1905
PLM,2497
SOC,1239
SRG,944
SUB,2483
YIA,985
SUB,230
UPG,49
SUB,166
UPG,16257
WNI,558
KUL,2190
LSW,132
PDG,625
PEN,149
PKU,1397
SIN,89
SNB,90
YIA,2463
LKA,1030
MOF,1833
RTG,474
RTI,670
SUB,10157
TMC,2139
UPG,429
WGP,2245
UPG,16
PNK,1055
SRG,874
SUB,1997
LOP,392
MOF,433
SUB,1859
TRK,32
SUB,6983
SWQ,33
MDC,87
PLW,78
UPG,1951
MNA,51
SUB,973
TTE,466
UPG,8711
UPG,498
SOQ,3370
UPG,2135
UPG,805
UPG,260
PLM,957
TJQ,585
YIA,3611
YIA,463
SRG,572
UPG,5221
PSU,177
SOC,1599
SUB,7817
YIA,141
UPG,162
SRG,353
SUB,2744
UPG,4951
SUB,432
UPG,1905
TTE,268
UPG,27241
UPG,2897
UPG,6600
YIA,8202
CGK,14191
SUB,13939
UPG,3116
YIA,4829
KOE,1004
CGK,4814
NAM,2093
NRE,193
SOQ,82
SXK,682
TTE,866
UPG,10618
CGK,1665
KOE,5143
BPN,3367
CGK,25897
KBU,1220
SRG,8428
SUB,26080
UPG,2655
YIA,6714
JOG,362
PLM,915
SRG,437
SUB,3548
TKG,286
BPN,12555
DJJ,2382
UPG,3997
KOE,5281
LBJ,1498
CGK,216
CGK,18162
DPS,2493
LOP,3312
UPG,3156
CGK,40870
PLW,9919
SUB,34722
TJS,131
TRK,26587
UPG,18314
YIA,17678
CGK,47063
DUM,259
KNO,26342
LMU,1544
NTX,1694
PDG,13558
PKU,15412
PLM,7934
SIQ,291
SUB,19913
TKG,2303
TNJ,364
CGK,8363
KNO,7045
CGK,3850
SUB,382
DJB,24619
DJJ,6668
DOH,7905
DPS,36954
DTB,588
DXB,3517
HKG,4763
HND,1459
ICN,6145
IST,2801
JED,861
KDI,4324
KIX,819
KNO,91128
KOE,5192
KUL,4522
LBJ,675
LOP,19306
MDC,12593
MEL,699
MKW,109
MLG,773
MNL,218
NRT,3534
PDG,35642
PGK,23569
PKU,44014
PKY,12464
PLM,33918
PNK,56333
RUH,630
SIN,4055
SMQ,1335
SOC,11579
SOQ,4425
SRG,29163
SUB,57971
SYD,729
TIM,1461
TJQ,8908
TKG,19384
TNJ,6034
TPE,4734
TTE,2217
UPG,84865
YIA,30838
DJJ,1984
WMX,481
PLM,188
MKQ,3233
NBX,484
OKL,1106
TIM,1751
TMH,873
UPG,2445
WMX,3131
ZRI,430
DPS,2414
KOE,2654
LBJ,3170
LOP,4308
SRG,854
SUB,14872
SVO,226
TIM,829
TMC,3129
UPG,760
WGP,1786
YIA,688
KNO,289
KNO,8
PKU,57
KOE,6332
LBJ,2726
TMC,2896
KNO,651
KNO,8992
MDC,365
PLW,326
UPG,7574
JOG,1229
KNO,6901
MLG,7369
PDG,6312
PKU,367
PLM,9458
SOC,2936
SRG,3519
SUB,10292
YIA,3973
SUB,25
KNO,22
SUB,1280
UPG,768
UPG,28663
WNI,2083
MKQ,10
SOQ,1074
KUL,2171
LSW,1019
MEQ,201
PDG,2462
PEN,731
PKU,2711
SIN,156
SNB,716
TXE,126
YIA,453
LBJ,997
LKA,4899
MOF,5976
RTG,1248
RTI,2850
SUB,20543
TMC,6368
UPG,1226
WGP,4712
PNK,6059
SRG,1210
LOP,1363
SUB,2896
TTE,402
MOF,977
SUB,5098
PLM,300
TRK,118
SUB,18008
SWQ,2838
MDC,676
PLW,735
UPG,5065
MNA,178
SUB,5557
TTE,3179
UPG,15801
UPG,1554
TMH,639
UPG,4410
SOQ,10594
UPG,7949
UPG,2691
PLW,39
UPG,1532
TRK,6
PLM,3724
TJQ,3889
TTE,68
PLM,255
TNJ,209
YIA,4172
SMQ,766
SUB,11059
YIA,2657
TKG,106
TLI,74
UPG,11961
PSU,1115
SOC,2084
SQG,270
SUB,18375
UPG,788
SUB,151
SRG,386
SUB,5061
TIM,1000
UPG,10914
SUB,1106
UPG,1803
TTE,370
UPG,51858
UPG,6629
YIA,808
UPG,12127
YIA,11973
CGK,18408
SUB,18459
UPG,2717
YIA,1742
KOE,1529
CGK,5733
DOB,205
LUV,3580
NAM,2728
NRE,218
SXK,1275
TTE,1388
UPG,17860
CGK,1409
KOE,5937
BPN,5108
CGK,33627
KBU,1572
SRG,11343
SUB,36747
UPG,2995
YIA,8500
BPN,867
DPS,3303
KNO,2126
PKU,988
PLM,1394
SRG,976
SUB,2746
TKG,282
UPG,238
BPN,15545
DJJ,6104
UPG,7219
KOE,5979
LBJ,2137
CGK,118
CGK,27181
DPS,3487
LOP,6857
UPG,2366
CGK,43328
LNU,13
PLW,12249
SRG,3243
SUB,44458
TJS,304
TRK,31942
UPG,30202
YIA,21890
CGK,50013
DUM,293
KNO,32635
LMU,1203
NTX,2053
PDG,18217
PKU,18982
PLM,12430
SIQ,143
SRG,2076
SUB,24845
TKG,2427
TNJ,240
YIA,3046
CGK,8384
KNO,8829
CGK,4020
DPS,149
SUB,1286
CMB,112
DJB,33242
DJJ,6465
DOH,9178
DPS,78726
DTB,3135
DXB,6368
HKG,3333
HND,1116
ICN,5245
IST,4757
JED,207
KDI,5084
KIX,796
KNO,105574
KOE,5502
KUL,3954
LBJ,2839
LLJ,9
LOP,28090
MDC,13967
MEL,472
MKW,809
MLG,1331
MNL,532
NRT,4158
PDG,52920
PGK,32472
PKU,52209
PKY,14945
PLM,47791
PLW,1517
PNK,85012
RUH,471
SIN,3888
SMQ,1998
SOC,18940
SOQ,5143
SRG,34086
SUB,87848
SYD,377
TIM,1618
TJQ,14322
TKG,28312
TNJ,6548
TPE,4365
TTE,2561
UPG,129679
YIA,43038
DJJ,2109
PKU,62
PLM,169
MKQ,3186
MKW,1276
NBX,1070
OKL,942
TIM,5459
TMH,1024
UPG,4643
WMX,3357
ZRI,741
LUV,241
DPS,841
KOE,7512
LBJ,5827
LOP,9519
MOF,570
SOC,7048
SRG,1785
SUB,28381
SVO,279
TIM,865
TMC,4651
UPG,3719
WGP,2263
YIA,1641
KNO,49
KNO,15
PKU,176
KOE,7595
LBJ,2976
TMC,2624
KNO,1487
KNO,10776
MDC,384
UPG,14739
JOG,5340
KNO,16101
MLG,10984
PDG,12189
PKU,4103
PLM,11482
SOC,4667
SRG,6916
SUB,15611
TKG,1587
YIA,7512
SUB,25
SUB,2997
UPG,1131
UPG,39420
WNI,2656
MKQ,262
MKW,10
SOQ,1856
KUL,2006
LSW,1269
MEQ,339
PDG,3055
PEN,678
PKU,6539
PLM,683
SIN,120
SNB,555
TXE,65
LKA,5731
LWE,1440
MOF,7567
RTG,1800
RTI,2675
SUB,24870
TMC,7509
UPG,1322
WGP,5901
UPG,1160
PNK,7970
SRG,1416
LOP,1370
SRG,217
SUB,2552
YIA,273
TTE,890
MOF,917
SUB,4835
PLM,593
TRK,144
SUB,26019
SWQ,3683
MDC,656
PLW,723
UPG,6010
MNA,385
NAH,34
SUB,2517
TTE,3763
UPG,28260
UPG,3327
TMH,561
UPG,5135
SOQ,15060
UPG,12918
UPG,2879
PLW,27
UPG,2058
TIM,264
TRK,6
PLM,4247
TJQ,4264
TTE,247
PLM,227
TNJ,122
YIA,6094
SMQ,432
SUB,11444
YIA,3291
TKG,62
YIA,388
TLI,48
UPG,17598
PSU,1905
SOC,2555
SQG,663
SUB,2382
UPG,1284
SUB,244
SRG,405
SUB,5884
TIM,2391
UPG,12835
SUB,2113
UPG,2980
TTE,515
UPG,70929
UPG,8473
YIA,1018
UPG,14628
YIA,16922
BDJ,237
CGK,13191
SUB,15594
UPG,2412
YIA,86
KOE,1841
CGK,6756
DOB,789
LUV,4348
MDC,37
NAM,2713
NBX,105
NRE,316
SXK,938
TTE,1118
UPG,16200
CGK,2180
KOE,4869
BDO,657
BPN,6222
CGK,29400
KBU,1034
SRG,10706
SUB,33593
UPG,2688
YIA,7450
BPN,3303
DPS,10784
KNO,7728
PKU,3258
PLM,1834
SRG,822
SUB,2055
TKG,257
UPG,991
BPN,14843
DJJ,7079
UPG,7187
KOE,5328
LBJ,2508
CGK,380
CGK,22563
DPS,3251
LOP,7796
UPG,1981
CGK,37147
DPS,921
MDC,758
PLW,9618
SRG,4558
SUB,37747
TJS,361
TRK,28102
UPG,27433
YIA,17788
CGK,40958
DJB,905
DUM,21
KNO,29661
LMU,1270
NTX,2570
PDG,13940
PGK,176
PKU,14156
PLM,9616
PNK,1356
SIQ,87
SRG,2647
SUB,20053
TKG,1603
TNJ,29
YIA,3620
CGK,8867
KNO,8347
CGK,3420
DPS,794
SUB,1493
SOQ,6
CGK,320
DJB,26127
DJJ,6930
DOH,5372
DPS,69444
DTB,4851
DXB,6477
FOC,384
HKG,4238
HND,1086
ICN,5112
IST,3429
JED,1142
KDI,3054
KIX,800
KNO,87139
KOE,4673
KUL,3435
LBJ,5071
LLJ,7
LOP,24434
MDC,21737
MEL,245
MKW,886
MLG,1083
MNL,488
NRT,3408
PDG,35272
PGK,26566
PKU,39509
PKY,14982
PLM,41981
PLW,2353
PNK,64516
RUH,473
SIN,3995
SMQ,1417
SOC,14405
SOQ,5449
SRG,29271
SUB,78568
SYD,488
SZX,5
TIM,1264
TJQ,11577
TKG,25044
TNJ,7506
TPE,5143
TTE,2146
UPG,114075
YIA,34329
DJJ,2905
PLM,59
MKQ,4514
MKW,4424
NBX,2618
OKL,1707
TIM,7861
TMH,1337
UPG,8440
WMX,5474
ZRI,1086
LUV,825
DPS,216
KOE,7585
LBJ,6713
LOP,14678
MOF,798
SOC,5981
SRG,2568
SUB,22599
TIM,998
TMC,4630
UPG,11575
WGP,2107
YIA,3067
KNO,30
PKU,53
KOE,8442
LBJ,3474
TMC,1695
KNO,1456
KNO,6658
MDC,910
PLW,25
UPG,14191
JOG,4587
KNO,12949
MLG,7841
PDG,7301
PKU,2024
PLM,7958
SOC,3816
SRG,2693
SUB,12038
TKG,1040
YIA,4139
SUB,67
SUB,2149
UPG,899
UPG,40712
WNI,2349
MKQ,259
SOQ,1778
KUL,1743
LSW,1116
MEQ,241
PDG,1620
PEN,400
PKU,4419
PLM,1132
SIN,230
SNB,720
LBJ,343
LKA,5198
LWE,438
MOF,6686
RTG,420
RTI,2472
SUB,22882
TMC,6170
UPG,1037
WGP,5316
UPG,1958
PNK,7543
SRG,967
LOP,1460
PDG,59
SRG,87
SUB,2131
YIA,189
TTE,1112
MOF,741
SUB,4814
PLM,531
TRK,146
SUB,25619
SWQ,3754
MDC,758
PLW,1008
UPG,6180
MNA,422
NAH,190
TTE,4326
UPG,27049
UPG,3433
TMH,555
UPG,5419
SOQ,15362
UPG,12356
UPG,2375
PLW,481
UPG,2223
TIM,1279
TRK,6
PLM,6034
TJQ,6748
TTE,272
PLM,262
TNJ,30
YIA,5347
SUB,9602
YIA,2882
YIA,1045
TLI,42
UOL,97
UPG,14480
PSU,1033
SOC,1981
SQG,237
UPG,1121
SUB,483
YIA,11
SRG,208
SUB,4454
TIM,1951
UPG,12073
SUB,1506
UPG,2752
UPG,64264
UPG,11070
YIA,592
UPG,17961
YIA,16443
BDJ,325
CGK,17153
SUB,18064
UPG,3426
KOE,1956
CGK,1120
CGK,8910
DOB,882
LUV,5485
NAM,2749
NRE,365
SXK,1706
TTE,1812
UPG,18403
CGK,2698
KOE,4275
BDO,1411
BPN,7551
CGK,37460
KBU,1396
SRG,13166
SUB,40531
UPG,3174
YIA,6886
BPN,4285
DPS,12584
JOG,737
KNO,9454
PKU,4535
PLM,2309
SRG,190
SUB,2181
TKG,296
UPG,457
BPN,16603
DJJ,6514
NBX,51
UPG,5157
KOE,6235
LBJ,3217
CGK,555
CGK,24552
DPS,3100
LOP,9033
UPG,2172
CGK,37815
MDC,980
PLW,5817
SRG,5315
SUB,46676
TJS,311
TRK,27192
UPG,36299
YIA,19595
CGK,48778
DJB,1057
KNO,31630
LMU,1507
NTX,2961
PDG,14995
PKU,18747
PLM,12229
PNK,2503
SRG,3271
SUB,22021
TKG,1311
YIA,2824
CGK,10756
KNO,8323
CGK,5949
DPS,1101
SUB,1413
CGK,1500
DJB,28901
DJJ,3191
DOH,9409
DPS,100595
DTB,6813
DXB,8740
FOC,1947
HKG,4616
HND,1119
ICN,5628
IST,5497
JED,4442
KDI,4923
KIX,1002
KNO,102708
KOE,4872
KUL,2911
LBJ,8044
LLJ,104
LOP,28682
MDC,23514
MEL,272
MKW,60
MLG,1735
MNL,459
NRT,4325
PDG,45564
PGK,26684
PKU,49460
PKY,16996
PLM,48378
PLW,2523
PNK,68446
SIN,4711
SMQ,1648
SOC,18257
SOQ,4350
SRG,40119
SUB,96027
SYD,428
SZX,5
TIM,1442
TJQ,13717
TKG,29642
TNJ,8589
TPE,6742
TTE,2643
UPG,142963
YIA,46589
DJJ,2943
MKQ,5975
MKW,3015
NBX,3377
OKL,1764
SOQ,900
TIM,9454
TMH,1453
UPG,23912
WMX,6535
ZRI,978
LUV,883
KOE,7173
LBJ,7456
LOP,18168
MOF,345
SOC,7029
SRG,3125
SUB,31968
TIM,623
TMC,5411
UPG,14481
WGP,2009
YIA,3599
KOE,7322
LBJ,3509
TMC,1505
KNO,1294
KNO,7157
MDC,1138
UPG,15569
SUB,399
JOG,5990
KNO,16572
MLG,12062
PDG,11538
PKU,1727
PLM,10812
SOC,4711
SRG,2614
SUB,15058
TKG,1396
YIA,3665
SUB,2913
UPG,1208
UPG,46208
WNI,2505
MKQ,214
SOQ,1324
KUL,2015
LSW,1163
MEQ,88
PDG,1897
PEN,359
PKU,4412
PLM,1154
SIN,243
SNB,828
LBJ,715
LKA,4141
MOF,6457
RTI,2334
SUB,22631
TMC,6093
UPG,974
WGP,6419
UPG,3024
PNK,8108
SRG,1091
LOP,1315
SRG,50
SUB,3887
YIA,228
TTE,1028
SUB,5003
PLM,546
TRK,78
SUB,31498
SWQ,4403
MDC,60
PLW,52
UPG,3508
MNA,718
NAH,149
TTE,4627
UPG,28947
UPG,4275
TMH,346
UPG,4498
NBX,1830
SOQ,12952
UPG,13625
UPG,2422
PLW,1154
UPG,1990
TIM,1618
PLM,7405
TJQ,7757
TTE,340
PLM,293
YIA,6004
SUB,11530
YIA,2933
YIA,903
UPG,7373
PSU,941
SOC,2693
SQG,211
UPG,1123
SUB,1010
YIA,17
SUB,5335
TIM,751
UPG,14612
SUB,2541
UPG,3364
UPG,73893
UPG,10185
YIA,1147
UPG,23862
YIA,17576
BDJ,386
CGK,23934
SUB,18373
UPG,5268
KOE,2674
CGK,930
CGK,10556
DOB,1052
LUV,5582
MDC,27
NAM,2700
NRE,579
SOQ,72
SXK,3308
TTE,1968
UPG,25062
CGK,2120
KOE,5427
BDO,2745
BPN,9204
CGK,48675
KBU,1955
SRG,13934
SUB,45904
UPG,3995
YIA,8040
BPN,5020
DPS,16748
JOG,991
KNO,11460
PKU,4918
PLM,4576
SUB,4484
UPG,1344
BPN,21635
CGK,427
DJJ,8658
NBX,791
UPG,7574
KOE,6705
LBJ,3419
CGK,528
CGK,30271
DPS,3889
LOP,10545
UPG,2057
CGK,51094
DPS,211
PLW,14082
SRG,8018
SUB,61178
TJS,845
TRK,29611
UPG,32853
YIA,23329
CGK,59445
DJB,3063
KNO,36875
LMU,1445
NTX,2971
PDG,16563
PKU,19090
PLM,12558
PNK,3025
SRG,3568
SUB,25265
TKG,2206
YIA,4133
CGK,16654
KNO,10924
CGK,9463
DPS,1181
SUB,1371
SOQ,91
CGK,1815
DJB,40076
DJJ,4991
DOH,9794
DPS,157146
DTB,7165
DXB,9432
FOC,1815
HKG,4835
HND,1772
ICN,6367
IST,7561
JED,5610
KDI,7515
KIX,1272
KNO,142434
KOE,6453
KUL,4232
LBJ,12232
LLJ,1461
LOP,39277
MDC,30939
MEL,256
MLG,12737
MNL,1017
NRT,5922
PDG,72130
PGK,37686
PKU,66585
PKY,22725
PLM,71159
PLW,8510
PNK,83515
SIN,6487
SMQ,1161
SOC,27649
SOQ,6221
SRG,52909
SUB,136246
SYD,429
TIM,1973
TJQ,19306
TKG,40938
TNJ,9837
TPE,7043
TRK,415
TTE,4882
UPG,186393
YIA,71609
DJJ,2992
MKQ,8263
MKW,4159
NBX,4387
OKL,1958
SOQ,835
TIM,11644
TMH,1867
UPG,28773
WMX,8184
ZRI,1116
LUV,1036
KOE,9658
LBJ,9825
LOP,24380
MOF,854
SOC,8553
SRG,4085
SUB,53426
TIM,895
TMC,6272
UPG,26440
WGP,2745
YIA,7176
KOE,7953
LBJ,3354
TMC,1812
KNO,1817
KNO,13744
MDC,2347
PLW,498
UPG,19208
SUB,526
JOG,7722
KNO,16203
LOP,476
MLG,8403
PDG,10907
PKU,574
PLM,9908
SOC,3805
SRG,4163
SUB,14433
TKG,1570
YIA,3889
SUB,3101
UPG,1364
UPG,54874
WNI,2978
MKQ,25
MKW,14
SOQ,1753
KUL,1223
LSW,1420
MEQ,136
PDG,4414
PEN,466
PKU,6444
PLM,1303
SIN,303
SNB,1157
YIA,231
LBJ,2536
LKA,4034
MOF,6666
RTG,768
RTI,2568
SUB,26996
TMC,6554
UPG,1006
WGP,6815
UPG,3479
PNK,10506
SRG,1461
LOP,1145
SUB,1681
TTE,1256
SUB,6901
PLM,620
TRK,108
SUB,36675
SWQ,5593
YIA,2578
MDC,1628
PLW,2125
UPG,7735
MNA,1060
NAH,300
SOQ,103
TTE,5167
UPG,36126
UPG,4971
TMH,314
UPG,4991
NBX,2536
SOQ,17497
UPG,16755
UPG,3001
PLW,513
UPG,2892
TIM,1901
UPG,52
PLM,8669
TJQ,10341
TTE,397
PLM,507
YIA,7467
SUB,14726
YIA,4211
SUB,231
YIA,993
TLI,66
UPG,14368
PSU,1748
SOC,2296
SQG,445
SUB,3557
UPG,1206
SUB,1113
SUB,4635
TIM,1238
UPG,20375
SUB,3127
UPG,3804
TRK,650
UPG,86482
UPG,12829
YIA,1456
UPG,2758
UPG,24692
YIA,22669
BDJ,451
CGK,23186
SUB,20170
UPG,6624
KOE,1918
CGK,1130
CGK,11135
DOB,990
LUV,6250
NAM,3155
NRE,496
SOQ,3616
SXK,3023
TTE,2192
UPG,25744
CGK,3558
KOE,5013
BDO,3667
BPN,10524
CGK,48942
KBU,1825
SRG,14402
SUB,45109
UPG,3767
YIA,9532
BPN,5290
DPS,19169
JOG,793
KNO,10169
PKU,5239
PLM,3962
SUB,3240
UPG,2324
BPN,24809
CGK,282
DJJ,12247
NBX,1402
UPG,9171
KOE,5577
LBJ,2552
CGK,541
CGK,30207
DPS,3317
LOP,10303
UPG,1996
CGK,58974
DPS,2542
LNU,562
PLW,14711
SRG,9030
SUB,64731
TJS,626
TRK,24459
UPG,35683
YIA,25155
CGK,62822
DJB,4567
KNO,43475
LMU,1620
NTX,2849
PDG,17067
PKU,27530
PLM,13536
PNK,4110
SRG,4324
SUB,26244
TKG,2559
YIA,4849
CGK,17130
KNO,14190
CGK,439
CGK,9784
DPS,1074
SUB,1212
CGK,1940
CMB,218
DJB,43236
DJJ,7133
DOH,13901
DPS,212308
DTB,20338
DXB,15385
FOC,2183
HKG,4579
HND,1938
ICN,7754
IST,12571
JED,4910
KDI,8716
KIX,1967
KNO,201912
KOE,7122
KUL,3984
LBJ,14236
LLJ,3272
LOP,53697
MDC,36349
MEL,453
MLG,7949
MNL,1672
NRT,7394
PDG,83286
PGK,42356
PKU,78497
PKY,22138
PLM,80865
PLW,13101
PNK,97146
SIN,10859
SMQ,2223
SOC,24462
SOQ,8314
SRG,53375
SUB,158874
SYD,619
TIM,4548
TJQ,24124
TKG,49734
TNJ,11061
TPE,4933
TRK,918
TTE,3852
UPG,181917
YIA,91430
DJJ,4201
MKQ,11666
MKW,5027
NBX,6103
OKL,2901
SOQ,7439
SUB,2675
TIM,21376
TMH,2150
UPG,29426
WMX,10140
ZRI,1203
LUV,1390
KOE,10173
LBJ,10895
LOP,21444
MDC,1524
MOF,1445
PLM,518
SOC,10408
SRG,4577
SUB,63855
TIM,810
TMC,7259
UPG,27044
WGP,4071
YIA,8842
KOE,9503
LBJ,3305
TMC,1822
KNO,2600
KNO,17475
MDC,2383
PLW,333
UPG,19618
SUB,648
JOG,5404
KNO,22744
LOP,1345
MLG,11192
PDG,10798
PKU,5157
PLM,9176
SOC,2791
SRG,2725
SUB,12065
TJQ,237
TKG,454
YIA,2022
SUB,2539
UPG,1779
UPG,62821
WNI,3193
MKQ,88
SOQ,1833
KUL,1183
LSW,1658
MEQ,415
PDG,5041
PEN,471
PKU,10359
PLM,2000
SIN,638
SNB,1617
YIA,4243
LBJ,3593
LKA,4231
MOF,6444
RTG,1719
RTI,3644
SUB,28170
TMC,6821
UPG,991
WGP,8301
UPG,3611
PNK,13321
SRG,1894
LOP,794
SUB,1797
YIA,82
TTE,1356
SUB,6888
PLM,359
TRK,627
SUB,35706
SWQ,5460
UPG,2826
YIA,5593
MDC,2334
PLW,2893
UPG,7864
MNA,1325
NAH,271
SOQ,8078
SUB,1655
TTE,7890
UPG,32013
UPG,4552
TMH,279
UPG,5451
NBX,3446
SOQ,19938
UPG,17935
UPG,3495
PLW,760
UPG,2791
TIM,2626
UPG,256
PLM,9510
TJQ,9636
TTE,387
PLM,476
YIA,9456
SUB,14056
YIA,4159
YIA,1685
TLI,354
UOL,37
UPG,14293
PSU,2730
SOC,2919
SQG,1195
SUB,4509
UPG,1422
SUB,1273
SUB,5742
TIM,2182
UPG,21771
SUB,2470
UPG,4476
TRK,4185
TTE,4542
UPG,83670
UPG,17166
YIA,511
UPG,8178
UPG,24071
YIA,24408
BDJ,349
CGK,16819
SUB,19299
UPG,4540
KOE,1151
CGK,261
BXB,68
CGK,7747
DOB,897
LUV,3670
MDC,14
NAM,1863
NBX,46
NRE,235
SOQ,4087
SXK,2173
TTE,1171
UPG,20620
CGK,796
KOE,2691
BDO,851
BPN,5854
BTW,2242
CGK,33195
DPS,252
KBU,2145
SMQ,268
SRG,10389
SUB,31682
UPG,29
YIA,3785
BPN,4686
DPS,11435
JOG,314
KNO,8699
PKU,3468
PLM,2646
SUB,2280
TKG,201
BPN,15430
CGK,639
SUB,753
DJJ,8162
NBX,1400
UPG,6590
KOE,3673
LBJ,1894
CGK,1157
BTH,464
CGK,22556
DPS,1863
LOP,7325
UPG,1992
DPS,167
CGK,45075
DPS,2666
LNU,736
MDC,756
PDG,298
PKY,1181
PLW,10321
SRG,5751
SUB,44623
TJS,182
TRK,23841
UPG,29149
YIA,20315
CGK,53261
DJB,3292
KNO,43618
LMU,1331
NTX,1851
PDG,18787
PKU,20781
PLM,10651
PNK,4255
SUB,19421
TNJ,43
YIA,2713
CGK,12804
KNO,12444
UPG,2647
CGK,167
DJB,145
CGK,4120
DPS,488
SUB,817
CGK,1852
CMB,462
DJB,29352
DJJ,4423
DOH,9923
DPS,107991
DTB,16444
DXB,11400
FOC,589
HKG,4131
HND,1362
ICN,5352
IST,7778
JED,6422
KDI,3098
KIX,990
KNO,167440
KOE,6148
KUL,4369
LBJ,6018
LLJ,2193
LOP,33997
MDC,27504
MEL,310
MLG,3864
MNL,1422
NRT,4529
PDG,56740
PGK,26478
PKU,60368
PKY,16418
PLM,47931
PLW,7852
PNK,57571
SIN,7734
SMQ,542
SOC,15254
SOQ,6457
SRG,34448
SUB,96750
SYD,403
SZX,642
TIM,3572
TJQ,13283
TKG,31686
TNJ,6651
TPE,3143
TTE,4011
UPG,132428
YIA,44334
DJJ,3626
PKU,9
PLM,8
MKQ,8173
MKW,3373
NBX,6078
SOQ,8597
SUB,5200
TIM,16197
TMH,1733
UPG,27482
WMX,13123
ZRI,675
LUV,880
KOE,5896
KUL,167
LBJ,8653
LOP,9549
MOF,282
PLM,40
SOC,6074
SRG,1746
SUB,22328
TIM,599
TMC,4190
UPG,13954
WGP,1826
YIA,2988
KNO,747
KOE,6433
LBJ,3000
TMC,1573
KNO,1717
MDC,350
KNO,16743
MDC,755
PLW,21
UPG,13868
JOG,4372
KNO,20677
LOP,827
MLG,7191
PDG,9432
PKU,1825
PLM,8626
SOC,1169
SRG,886
SUB,3206
TKG,579
YIA,364
SUB,2083
UPG,932
UPG,46354
WNI,1488
MKQ,237
SOQ,1653
KUL,1490
LSW,1222
MEQ,99
PDG,3426
PEN,584
PKU,7063
PLM,1601
SIN,320
YIA,4272
LBJ,1158
LKA,2846
MOF,4147
RTG,907
RTI,1871
SUB,23217
TMC,4147
UPG,1178
WGP,5250
UPG,1335
PNK,6710
SRG,1173
LOP,1466
SUB,3412
UPG,4126
TTE,918
LOP,113
MOF,1247
SUB,3957
PLM,111
TRK,444
SUB,26358
SWQ,3119
MDC,1446
PLW,1542
UPG,6369
MNA,501
NAH,50
SOQ,9094
TIM,893
TTE,6390
UPG,24213
UPG,5698
TMH,63
UPG,5063
NBX,4071
SOQ,16785
UPG,16437
UPG,2441
PLW,257
UPG,2773
TIM,2848
TRK,6
UPG,144
PLM,6013
TJQ,4087
PLM,284
TNJ,29
YIA,5649
SUB,12090
YIA,3909
TKG,63
YIA,336
TLI,103
UPG,11651
PSU,1304
SOC,1546
SQG,447
SUB,2475
UPG,1369
SUB,1874
SUB,5516
TIM,1775
UPG,19164
SUB,2668
UPG,3359
TRK,904
TTE,2663
UPG,71064
UPG,16554
UPG,4907
YIA,234
UPG,1774
UPG,18281
YIA,14321
BDJ,308
CGK,15075
SUB,15206
UPG,1433
KOE,637
CGK,523
BXB,425
CGK,7715
DOB,658
LUV,3348
MDC,121
NAM,1531
NBX,19
NRE,166
SOQ,2418
SXK,1759
UPG,15667
CGK,565
KOE,1870
BPN,5342
BTW,1655
CGK,35898
KBU,2061
SRG,7566
SUB,28659
YIA,1214
BPN,3720
DPS,7001
JOG,555
KNO,7231
PKU,3664
PLM,2674
SUB,2896
BPN,14535
SUB,1924
DJJ,6066
NBX,1054
UPG,5437
KOE,2541
LBJ,750
CGK,772
BTH,160
CGK,21454
DPS,1572
LOP,5476
UPG,1807
DPS,152
CGK,36493
DPS,1696
MDC,1355
PDG,488
PKY,1401
PLW,6616
SRG,4541
SUB,32130
TRK,23581
UPG,25915
YIA,15770
CGK,53746
DJB,174
KNO,34926
LMU,1429
NTX,2528
PDG,16106
PKU,16937
PLM,10708
PNK,3381
SUB,19009
YIA,401
CGK,12588
KNO,10334
UPG,2188
CGK,1528
DPS,249
SUB,326
CGK,1426
CMB,183
DJB,29344
DJJ,2545
DOH,10021
DPS,76081
DTB,8964
DXB,9138
GTO,81
HKG,2612
HND,1155
ICN,5143
IST,6207
JED,1668
KDI,8721
KIX,539
KNO,110650
KOE,7722
KUL,4426
LBJ,2571
LLJ,1998
LOP,25626
MDC,22442
MEL,171
MLG,4305
MNL,367
NRT,2942
PDG,40153
PGK,24457
PKU,49249
PKY,15540
PLM,41198
PLW,8865
PNK,48480
SIN,7238
SOC,15653
SOQ,6007
SRG,29180
SUB,81057
SYD,370
SZX,245
TIM,2337
TJQ,14155
TKG,24915
TNJ,6473
TPE,2272
TTE,3210
UPG,117623
YIA,37765
DJJ,3553
MKQ,7444
MKW,2344
NBX,3916
SOQ,6875
SUB,4211
TIM,12875
TMH,926
UPG,20659
WMX,10967
ZRI,391
LUV,759
KOE,4469
KUL,152
LBJ,8165
LOP,8407
SOC,3669
SRG,1482
SUB,19335
TIM,492
TMC,3279
UPG,11527
WGP,1135
YIA,897
KOE,3517
LBJ,2539
TMC,905
KNO,679
MDC,505
KNO,11926
PDG,888
MDC,337
UPG,12798
JOG,6717
KNO,21492
MLG,6889
PDG,14502
PKU,4334
PLM,12290
SOC,712
SUB,5038
TKG,1216
TTE,292
YIA,846
SUB,1659
UPG,1392
UPG,34069
WNI,1124
MKQ,235
SOQ,1609
KUL,1980
LSW,1156
PDG,3656
PEN,495
PKU,5744
PLM,1021
SIN,537
TXE,269
YIA,2986
LBJ,426
LKA,1702
MOF,3043
RTI,1201
SUB,13472
TMC,3080
UPG,1055
WGP,3480
UPG,858
PNK,6140
SRG,784
LOP,1432
SUB,3126
UPG,3336
TTE,813
MOF,1186
SUB,734
PLM,20
TRK,87
SUB,21778
SWQ,2497
MDC,1056
PLW,1112
UPG,5781
MNA,294
SOQ,5846
TIM,104
TTE,4839
UPG,21625
UPG,4189
TMH,42
UPG,3850
NBX,3788
SOQ,14549
UPG,12336
UPG,1932
PLW,25
UPG,2530
TIM,2435
UPG,162
PLM,3223
TJQ,3423
PLM,505
YIA,4565
SUB,9466
YIA,2925
YIA,199
TLI,30
UPG,10464
PSU,495
SOC,945
SUB,3203
UPG,1314
SUB,2464
SUB,5394
TIM,621
UPG,16248
SUB,1601
UPG,2623
TRK,1987
TTE,946
UPG,57461
UPG,16081
UPG,416
UPG,873
UPG,16988
YIA,11328
BDJ,442
CGK,16470
SUB,19028
UPG,4463
YIA,2789
KOE,1163
CGK,523
BXB,208
CGK,10661
DOB,933
LUV,5283
MDC,46
NAM,1833
NRE,102
SOQ,2979
SUB,3921
SXK,3109
TTE,783
UPG,19271
CGK,466
KOE,3472
BPN,4538
BTW,1535
CGK,45136
KBU,2887
SMQ,139
SRG,9691
SUB,39688
YIA,3523
BPN,4281
DPS,10984
KNO,8397
PKU,3242
PLM,3327
SUB,3993
BPN,18012
SUB,2302
DJJ,7037
NBX,1077
UPG,5895
KOE,3401
LBJ,1812
CGK,844
CGK,22559
DPS,3434
LOP,6837
UPG,2316
CGK,49598
DPS,1269
MDC,1580
PDG,534
PKY,1406
PLW,7101
SRG,7065
SUB,42731
TRK,26293
UPG,28888
YIA,17261
CGK,65466
KNO,39526
LMU,1539
NTX,3343
PDG,17832
PKU,19995
PLM,12459
PNK,4409
SRG,415
SUB,23785
TKG,1495
YIA,734
CGK,16189
KNO,15598
UPG,2072
CGK,4546
DPS,652
SUB,1210
CGK,1838
DJB,39192
DJJ,4184
DOH,11620
DPS,129566
DTB,10804
DXB,10688
FOC,1203
HKG,2827
HND,1619
ICN,5318
IST,8440
JED,1514
KDI,14294
KIX,689
KNO,138147
KOE,12533
KUL,7405
LBJ,5007
LLJ,2611
LOP,37995
MDC,30328
MEL,103
MLG,7311
MNL,439
NRT,3099
PDG,53017
PGK,34318
PKU,62521
PKY,18838
PLM,53859
PLW,11652
PNK,69529
SIN,10246
SOC,18304
SOQ,7326
SRG,45310
SUB,112994
SYD,380
SZX,1663
TIM,3837
TJQ,19192
TKG,33891
TNJ,11853
TPE,3193
TRK,520
TTE,4093
UPG,158762
YIA,53022
DJJ,4436
MKQ,9085
MKW,2499
NBX,4298
SOQ,9302
SUB,2906
TIM,16595
TMH,1441
UPG,23182
WMX,11340
ZRI,583
LUV,1009
KOE,7414
LBJ,13059
LOP,15071
MOF,2259
SOC,8476
SRG,1561
SUB,32930
TIM,331
TMC,4004
UPG,18664
WGP,2601
YIA,1684
KOE,5631
LBJ,3406
TMC,1048
KNO,892
MDC,784
KNO,14577
PDG,288
MDC,1455
UPG,19102
SUB,700
JOG,8714
KNO,29429
MLG,10306
PDG,18062
PKU,8498
PLM,18480
SOC,6917
SRG,2336
SUB,20988
TJQ,30
TKG,1826
TTE,4902
UPG,2118
YIA,4409
SUB,2779
UPG,2361
SUB,100
UPG,45231
WNI,1770
MKQ,371
SOQ,1917
KUL,2916
LSW,1494
PDG,5377
PEN,578
PKU,7924
PLM,212
SIN,654
TXE,106
YIA,2905
LBJ,1365
LKA,2864
MOF,3256
RTG,214
RTI,1922
SUB,18062
TMC,3394
WGP,4455
UPG,1111
PNK,8234
SRG,862
LOP,2161
SUB,5476
UPG,5193
TTE,533
MOF,776
SUB,4580
TRK,287
SUB,29585
SWQ,3307
UPG,115
MDC,1438
PLW,1830
UPG,8330
MNA,444
NAH,68
SOQ,6296
SUB,6095
TTE,6645
UPG,23341
UPG,4376
UPG,4788
NBX,4233
SOQ,17281
UPG,14346
UPG,1769
PLW,300
UPG,3860
TIM,2382
TRK,55
SOQ,57
UPG,173
TTE,928
PLM,7089
TJQ,9429
PLM,291
YIA,5689
SUB,15545
YIA,2941
TLI,120
UPG,18915
PSU,746
SOC,1504
SQG,92
SUB,1609
YIA,194
UPG,1582
SUB,4546
SUB,7053
UPG,19285
SUB,2782
UPG,3120
TRK,2724
TTE,1166
UPG,70670
UPG,18018
TRK,11
UPG,5790
UPG,1473
UPG,19588
YIA,17921
BDJ,687
CGK,16610
SUB,25483
UPG,3911
YIA,5009
KOE,1851
CGK,547
BXB,75
CGK,10660
DOB,834
LUV,5586
MDC,91
NAM,1596
NRE,144
SOQ,3217
SUB,6076
SXK,2881
TTE,1297
UPG,19206
CGK,719
KOE,4021
BPN,6404
BTW,1540
CGK,44202
KBU,3544
SMQ,276
SRG,14230
SUB,46113
YIA,6881
BPN,4587
DPS,13895
KNO,8103
PKU,3567
PLM,2810
SUB,3972
BPN,20548
SUB,3249
DJJ,8500
NBX,1197
UPG,7005
KOE,4748
LBJ,2282
CGK,529
CGK,25043
DPS,4108
LOP,6720
UPG,2334
CGK,54640
DPS,2150
MDC,1962
PDG,762
PKY,828
PLW,8795
SRG,8376
SUB,51472
TRK,29695
UPG,29928
YIA,19560
CGK,61586
KNO,37043
LMU,1515
NTX,3311
PDG,17511
PKU,20274
PLM,12352
PNK,4508
SRG,3138
SUB,25057
TKG,2294
TNJ,46
YIA,2858
CGK,15495
KNO,16820
UPG,1864
CGK,5401
DPS,759
SUB,1944
SOQ,6
CGK,1897
DJB,40638
DJJ,4612
DOH,14676
DPS,145001
DTB,10032
DXB,13350
FOC,1380
HKG,3567
HND,2482
ICN,7309
IST,8325
JED,1839
KDI,14941
KIX,675
KNO,140087
KOE,13848
KUL,8511
LBJ,5839
LLJ,2781
LOP,39868
MDC,35736
MLG,8073
NRT,2952
PDG,62080
PGK,43550
PKU,65993
PKY,18863
PLM,58471
PLW,11801
PNK,68766
SIN,13248
SOC,21164
SOQ,7107
SRG,48862
SUB,126968
SYD,383
SZX,1574
TIM,4192
TJQ,21225
TKG,39584
TNJ,14290
TPE,3802
TRK,1661
TTE,6992
UPG,156018
YIA,63486
DJJ,3784
MKQ,10098
MKW,2439
NBX,4509
SOQ,8402
SUB,5492
TIM,17841
TMH,1419
UPG,22904
WMX,12031
ZRI,779
LUV,1164
KOE,9407
LBJ,14729
LOP,16320
MOF,3033
SOC,9946
SRG,2397
SUB,44170
TMC,4432
UPG,19918
WGP,2402
YIA,2402
KOE,6981
LBJ,3403
TMC,842
KNO,1008
MDC,700
KNO,16233
PDG,802
MDC,1405
UPG,19203
SUB,1463
JOG,9136
KNO,30577
MLG,10773
PDG,15278
PKU,7101
PLM,21982
SOC,11040
SRG,2950
SUB,20410
TJQ,241
TKG,1592
TTE,5747
UPG,3590
YIA,2314
SUB,2425
UPG,2468
UPG,47955
WNI,1510
MKQ,524
MKW,70
SOQ,1879
KUL,3231
LSW,1442
PDG,5149
PEN,1017
PKU,8386
SIN,570
SNB,24
TXE,252
YIA,3925
LBJ,1603
LKA,3548
LWE,52
MOF,3526
RTG,1158
RTI,2364
SUB,20715
TMC,2251
UPG,25
WGP,5772
UPG,1265
PNK,8914
SRG,118
LOP,2240
SUB,10425
UPG,5370
TTE,567
MOF,1565
SUB,3335
PLM,181
TRK,347
SUB,29696
SWQ,3565
MDC,1839
PLW,1998
UPG,9079
MNA,503
NAH,204
SOQ,6787
SUB,7215
TTE,5750
UPG,23732
UPG,4037
UPG,5421
NBX,3233
SOQ,19430
UPG,14762
UPG,2580
PLW,709
UPG,4030
TIM,3043
TRK,67
UPG,198
TTE,1618
PLM,7992
TJQ,10541
PLM,706
YIA,7910
SUB,19654
YIA,3444
TLI,327
UPG,21036
PSU,383
SOC,274
SQG,30
SUB,9126
UPG,1322
UPG,1734
SUB,5935
SUB,6276
UPG,21233
SUB,2684
UPG,3355
TRK,3718
UPG,89711
UPG,20191
TRK,25
YIA,136
UPG,4411
UPG,1605
UPG,20572
YIA,22221
CGK,14219
SUB,22912
UPG,4630
YIA,5238
KOE,1658
CGK,600
BXB,93
CGK,7552
DOB,752
LUV,3635
MDC,98
NAM,1364
NRE,227
SOQ,2413
SUB,5891
SXK,2096
TTE,1100
UPG,14967
CGK,629
KOE,3164
BPN,5651
BTW,1145
CGK,42914
KBU,2433
SMQ,111
SRG,12442
SUB,47176
YIA,7051
BPN,4297
DPS,14053
KNO,6388
PKU,3338
PLM,850
SUB,3257
BPN,14370
SUB,4117
DJJ,6699
NBX,495
UPG,6199
KOE,4132
LBJ,2036
CGK,410
CGK,20711
DPS,4252
LOP,4753
UPG,2031
CGK,51449
DPS,1961
MDC,1362
PDG,987
PKY,440
PLW,7896
SRG,6486
SUB,51473
TRK,24863
UPG,29183
YIA,17924
CGK,47169
KNO,28473
LMU,825
NTX,2045
PDG,14994
PKU,17213
PLM,9513
PNK,3924
SRG,3969
SUB,18043
TKG,2180
YIA,4854
CGK,11211
KNO,16389
UPG,1477
CGK,4379
DPS,660
SUB,1714
SOQ,20
CGK,3429
DJB,34500
DJJ,3923
DOH,14805
DPS,134284
DTB,8843
DXB,10524
FOC,748
HKG,3131
HND,2841
ICN,6657
IST,8188
JED,1776
KDI,13981
KIX,854
KNO,133816
KOE,9811
KUL,5528
LBJ,5212
LLJ,2073
LOP,35760
MDC,27657
MEL,60
MLG,4941
MNL,148
NRT,4368
PDG,75834
PGK,39785
PKU,58284
PKY,11901
PLM,55403
PLW,8690
PNK,56976
SIN,14452
SOC,18636
SOQ,5666
SRG,40679
SUB,108625
SYD,359
SZX,1373
TIM,3950
TJQ,19220
TKG,43008
TNJ,12788
TPE,1074
TRK,1122
TTE,6096
UPG,124032
YIA,52399
DJJ,1733
MKQ,8936
MKW,1867
NBX,2854
OKL,1026
SOQ,6574
SUB,2901
TIM,16075
TMH,870
UPG,19597
WMX,4743
ZRI,453
LUV,705
KOE,7096
LBJ,10747
LOP,13120
MOF,2082
SOC,7161
SRG,1975
SUB,39359
TMC,3035
UPG,13244
WGP,2242
YIA,3024
KNO,74
KOE,6168
LBJ,2594
TMC,630
KNO,716
MDC,417
KNO,11714
PDG,593
MDC,1367
UPG,14774
SUB,1059
JOG,5692
KNO,24334
MLG,7362
PDG,14209
PKU,5652
PLM,22925
SOC,9724
SRG,3418
SUB,18518
TKG,2396
TTE,3839
UPG,5621
YIA,3447
SUB,2064
UPG,2108
UPG,41010
WNI,1666
MKQ,469
SOQ,1182
KUL,2570
LSW,1112
MEQ,32
PDG,6377
PEN,784
PKU,6586
SIN,472
TXE,134
YIA,4496
LBJ,624
LKA,2652
MOF,2633
RTG,984
RTI,2195
SUB,20687
TMC,1489
WGP,5862
UPG,1100
PNK,6586
SRG,838
SUB,5954
UPG,4290
TTE,311
MOF,1011
SUB,4888
PLM,308
TRK,281
SUB,26557
SWQ,3420
MDC,1464
PLW,1783
UPG,7257
MNA,368
NAH,99
SIN,3
SOQ,5718
SUB,5957
TTE,4847
UPG,19972
UPG,3100
UPG,3686
NBX,1887
SOQ,12366
UPG,11408
UPG,1905
PLW,427
UPG,2646
TIM,2292
TRK,73
UPG,191
TTE,867
PKU,15
PLM,6719
TJQ,7453
PLM,927
YIA,6224
SUB,10191
YIA,2927
TLI,125
UPG,17653
PSU,691
SOC,891
SQG,18
SUB,7455
UPG,1433
UPG,1903
SUB,4544
SUB,3349
UPG,14428
SUB,2021
UPG,2832
TRK,3085
UPG,83084
UPG,17770
TRK,11
UPG,3877
UPG,1423
UPG,16621
YIA,17260
BDJ,535
CGK,21639
SUB,32449
UPG,6830
YIA,7416
KOE,2792
CGK,636
BXB,184
CGK,11597
DOB,1285
LUV,6540
MDC,27
NAM,2077
NRE,444
SOQ,3347
SUB,7161
SXK,3691
TTE,1780
UPG,22435
CGK,761
KOE,5124
BPN,7471
BTW,2435
CGK,58524
KBU,3564
SMQ,568
SRG,15725
SUB,65671
YIA,8977
BPN,5158
DPS,23711
KNO,12530
PKU,4676
PLM,1176
SUB,4236
BPN,23144
SUB,7942
DJJ,8585
NBX,799
UPG,8197
KOE,6569
LBJ,3235
CGK,393
CGK,28897
DPS,5896
LOP,8011
UPG,3129
CGK,65217
DPS,3898
LNU,40
MJU,279
PKY,1122
PLW,10948
SRG,8586
SUB,72642
TJS,93
TRK,35848
UPG,40467
YIA,25272
CGK,66613
KNO,43373
LMU,1611
NTX,3411
PDG,20522
PKU,25822
PLM,12255
PNK,5509
SRG,1517
SUB,27452
TKG,1812
YIA,5421
CGK,10966
KNO,20335
UPG,2957
CGK,5694
DPS,854
SUB,2661
SOQ,106
CGK,2027
DJB,48412
DJJ,5700
DOH,20112
DPS,224916
DTB,13912
DXB,14438
FOC,885
HKG,2937
HND,3483
ICN,7996
IST,10800
JED,1436
KDI,19227
KIX,369
KNO,174006
KOE,15079
KUL,3717
LBJ,9356
LLJ,3167
LOP,50625
MDC,38794
MEL,71
MLG,6287
MNL,173
NRT,4386
PDG,91811
PGK,51229
PKU,74867
PKY,21691
PLM,72889
PLW,12854
PNK,71569
SIN,16647
SMQ,1083
SOC,26121
SOQ,6011
SRG,51091
SUB,139563
SYD,445
SZX,1234
TIM,6880
TJQ,24361
TKG,52565
TNJ,16537
TPE,1484
TRK,1150
TTE,11089
UPG,181164
YIA,76166
DJJ,3287
MKQ,13464
MKW,2724
NBX,5282
OKL,1547
SOQ,11368
SUB,7070
TIM,24654
TMH,1005
UPG,30327
WMX,10906
ZRI,1053
LUV,1252
KOE,10535
LBJ,17912
LOP,20436
MOF,3347
SOC,11057
SRG,3123
SUB,74394
TMC,5095
UPG,21886
WGP,3828
YIA,5556
KOE,10379
LBJ,3917
TMC,1777
KNO,1145
MDC,652
KNO,19304
PDG,1117
MDC,2360
UPG,22091
SUB,1172
JOG,7987
KNO,31951
MLG,12193
PDG,20681
PKU,9270
PLM,25837
PWL,649
SOC,11178
SRG,3418
SUB,28968
TKG,2864
TTE,4248
UPG,7075
YIA,4982
SUB,3612
UPG,2179
UPG,56847
WNI,2661
MKQ,645
SOQ,2408
KUL,913
LSW,2239
PDG,8007
PEN,496
PKU,8874
SIN,548
SNB,8
TXE,221
YIA,6805
LBJ,880
LKA,3767
LWE,1212
MOF,4110
RTG,2639
RTI,3518
SUB,34639
TMC,4024
WGP,10228
UPG,1511
PNK,10247
SRG,1155
SUB,1848
UPG,6291
TTE,1304
MOF,1441
SUB,8288
PLM,739
TRK,357
SUB,43342
SWQ,4881
MDC,2264
PLW,3047
UPG,10553
MNA,740
NAH,140
SIN,98
SOQ,8513
SUB,8022
TTE,7295
UPG,31586
UPG,4911
UPG,8006
NBX,2710
SOQ,21981
UPG,17305
UPG,3374
PLW,860
UPG,4031
TIM,3719
TRK,94
UPG,291
TTE,1732
PKU,144
PLM,10015
TJQ,11166
PLM,1036
YIA,9068
SUB,25991
YIA,5985
TLI,348
UOL,416
UPG,25448
PSU,1229
SOC,1238
SUB,10886
UPG,2056
UPG,293
SUB,250
UPG,1681
SUB,2622
SUB,5804
UPG,25732
SUB,3253
UPG,3247
TRK,5282
UPG,115223
UPG,26661
TRK,23
UPG,6042
UPG,2386
UPG,23584
YIA,25460
BDJ,336
CGK,5750
SUB,4942
UPG,962
YIA,834
KOE,283
CGK,787
BXB,331
CGK,2954
DOB,475
LUV,2528
NAM,411
NRE,188
SOQ,1614
SUB,602
SXK,1572
TTE,1019
UPG,8415
CGK,797
KOE,2033
BPN,2351
BTW,674
CGK,18957
KBU,399
SRG,4740
SUB,15560
YIA,699
BPN,1209
DPS,2167
KNO,2201
PKU,1031
PLM,91
SUB,378
BPN,8147
SUB,781
DJJ,7467
NBX,474
UPG,5842
KOE,2652
LBJ,987
CGK,359
CGK,6335
DPS,542
LOP,3738
UPG,937
CGK,26515
DPS,742
MJU,58
PLW,1018
SRG,292
SUB,20869
TRK,11232
UPG,16393
YIA,6474
CGK,26512
KNO,20501
LMU,362
NTX,1374
PDG,10832
PKU,12682
PLM,5618
PNK,856
SUB,7314
YIA,958
CGK,4647
KNO,7914
UPG,810
CGK,487
DPS,96
SUB,209
SOQ,16
CGK,343
CMB,161
DJB,11466
DJJ,1959
DOH,17473
DPS,48418
DTB,4978
DXB,8099
FOC,965
HKG,3089
HND,3596
ICN,5885
IST,9413
JED,1925
KDI,5251
KNO,59480
KOE,6721
KUL,4586
LBJ,3383
LLJ,301
LOP,16153
MDC,12890
MKW,300
MLG,865
MNL,159
NRT,5334
PDG,20843
PGK,12210
PKU,23029
PKY,4562
PLM,20402
PLW,1466
PNK,32344
SIN,11756
SMQ,65
SOC,4914
SOQ,793
SRG,10232
SUB,35913
SYD,341
SZX,875
TIM,867
TJQ,2851
TKG,10412
TNJ,4212
TTE,1458
UPG,66758
YIA,16982
DJJ,2949
MKQ,5299
MKW,1430
NBX,3903
OKL,1945
SOQ,4730
SUB,5069
TIM,13539
TMH,1429
UPG,15260
WMX,4227
ZRI,793
LUV,384
KOE,780
LBJ,4186
LOP,2108
MOF,1383
SOC,821
SRG,177
SUB,7375
TMC,2098
UPG,5939
WGP,274
YIA,135
KOE,5322
LBJ,1844
TMC,1159
KNO,177
KNO,10208
PDG,175
MDC,246
UPG,4039
SUB,906
JOG,1169
KNO,10408
MLG,841
PDG,2745
PKU,1041
PLM,3618
PWL,76
SOC,734
SUB,1303
TKG,255
TTE,1242
UPG,333
YIA,116
SUB,415
UPG,341
UPG,15233
WNI,427
MKQ,515
SOQ,253
KUL,137
LSW,186
PDG,1088
PEN,144
PKU,1325
SIN,443
SNB,39
TXE,55
YIA,615
LBJ,348
LKA,558
LWE,617
MOF,3324
RTG,1508
RTI,701
SUB,9159
TMC,3429
WGP,4482
UPG,533
PNK,4659
SRG,651
SUB,318
UPG,1599
TTE,64
MOF,109
SUB,1130
TRK,156
SUB,9818
SWQ,513
MDC,230
PLW,374
UPG,3571
MNA,57
SIN,94
SOQ,3124
SUB,470
TTE,1668
UPG,9643
UPG,428
UPG,2393
NBX,548
SOQ,10841
UPG,2470
UPG,1087
PLW,68
UPG,728
TIM,1286
TRK,43
UPG,64
TTE,67
PLM,6191
TJQ,6817
PLM,94
YIA,2632
SUB,3382
TLI,60
UPG,10324
PSU,252
SOC,622
SUB,414
UPG,203
SUB,39
UPG,334
SUB,4511
SUB,1190
UPG,13159
SUB,517
UPG,1256
UPG,31721
UPG,13045
TRK,16
UPG,1919
UPG,478
UPG,10290
YIA,3576
BDJ,110
CGK,5639
SUB,4565
CGK,657
BXB,4550
CGK,5893
DOB,533
LUV,3142
MDC,53
NAM,665
NRE,69
SOQ,897
SXK,1433
TTE,407
UPG,9872
CGK,905
KOE,2438
BPN,2191
CGK,21806
SRG,6658
SUB,15466
BPN,880
DPS,1870
KNO,1893
BPN,9200
DJJ,5404
NBX,438
UPG,4252
KOE,4519
LBJ,2000
CGK,418
CGK,8734
LOP,4255
UPG,551
CGK,39626
DPS,123
SUB,24889
TRK,10353
UPG,12023
YIA,12487
CGK,38754
KNO,13323
NTX,1215
PDG,5944
PGK,23
PKU,6080
PLM,3697
SUB,8981
CGK,2208
KNO,10076
CGK,914
SOQ,130
CMB,603
DJB,12757
DJJ,1740
DOH,17047
DPS,57157
DTB,5902
DXB,5918
FOC,604
HKG,2012
HND,2687
ICN,5924
IST,8976
JED,2076
KDI,6794
KIX,45
KNO,75485
KOE,9956
KUL,6555
LBJ,2121
LOP,20456
MDC,17028
MLG,4004
MNL,302
NRT,6630
PDG,26201
PGK,17036
PKU,29668
PKY,9016
PLM,25566
PLW,1151
PNK,51846
SIN,6979
SOC,8412
SOQ,1012
SRG,18889
SUB,58657
SYD,288
SZX,1355
TJQ,1117
TKG,9238
TNJ,5957
TTE,1033
UPG,88453
YIA,24865
MKQ,4366
MKW,717
NBX,2475
OKL,1682
SOQ,2399
SUB,2093
TIM,10242
TMH,957
UPG,12442
WMX,3713
ZRI,470
LUV,617
KOE,230
LBJ,2998
LOP,2160
MOF,1579
SOC,164
SUB,10685
TMC,662
UPG,4370
WGP,145
KOE,5282
LBJ,2345
TMC,1607
TIM,469
KNO,6817
UPG,3489
SUB,617
JOG,3411
KNO,9449
PLM,2079
PWL,13
SOC,339
SUB,2848
TTE,1265
UPG,798
UPG,15574
WNI,185
MKQ,75
SOQ,650
KUL,1547
SIN,279
SNB,55
LBJ,311
LKA,2046
LWE,337
MOF,4128
RTG,2003
RTI,46
SUB,14402
TMC,4085
WGP,5014
PNK,5682
SRG,145
SUB,149
UPG,100
TRK,22
SUB,10728
UPG,3968
SIN,54
SOQ,2131
TTE,1045
UPG,10699
UPG,2059
SOQ,15725
UPG,2484
UPG,518
TIM,1054
TRK,7
PLM,1162
TJQ,4881
YIA,2087
SUB,5788
UPG,12858
PSU,38
SOC,538
SUB,234
SUB,5710
SUB,1120
UPG,17397
UPG,1030
UPG,39539
UPG,10900
TRK,1
UPG,13856
YIA,3143
BDJ,133
CGK,14031
SUB,9066
KOE,43
CGK,530
BXB,6467
CGK,12387
DOB,878
LUV,6750
MDC,84
NAM,1729
NRE,192
SOQ,1848
SXK,2693
TTE,934
UPG,11737
CGK,639
KOE,3518
BPN,4408
CGK,34245
KBU,59
SRG,9290
SUB,21848
BPN,1672
DPS,4022
KNO,2315
PKU,186
PLM,166
SRG,157
SUB,1881
BPN,12356
SUB,250
DJJ,9034
NBX,887
UPG,8185
KOE,5664
LBJ,2478
CGK,587
CGK,16138
DPS,502
LOP,6944
UPG,1407
CGK,52357
DPS,673
PLW,827
SUB,28210
TRK,15391
UPG,15404
YIA,15973
CGK,53632
KNO,20489
LMU,762
NTX,3294
PDG,9156
PKU,11163
PLM,3391
PNK,751
SUB,15610
CGK,9321
KNO,7367
CGK,1502
DPS,273
SUB,13
SOQ,160
CMB,1339
DJB,23613
DJJ,7345
DOH,18547
DPS,132029
DTB,8168
DXB,10812
FOC,473
HKG,3122
HND,3960
ICN,4986
IST,9431
JED,1316
KDI,11843
KNO,109426
KOE,13120
KUL,7896
LBJ,5651
LOP,30238
MDC,25910
MLG,874
MNL,195
NRT,7126
PDG,35015
PGK,25245
PKU,50055
PKY,16197
PLM,40986
PLW,7504
PNK,55370
SIN,10756
SMQ,1040
SOC,18698
SOQ,2272
SRG,33364
SUB,92568
SYD,321
SZX,1151
TIM,5033
TJQ,9678
TKG,18283
TNJ,9111
TTE,2447
UPG,136606
YIA,47120
DJJ,2699
MKQ,7928
MKW,1921
NBX,4184
SOQ,3956
SUB,6682
TIM,21563
TMH,1278
UPG,23695
WMX,7375
ZRI,934
LUV,944
KOE,5967
LBJ,9628
LOP,7649
MOF,1727
SOC,5581
SRG,748
SUB,30057
TIM,453
TMC,1399
UPG,9083
WGP,1248
YIA,729
KOE,8587
LBJ,3338
TIM,1023
KNO,11721
MDC,104
UPG,8786
SUB,383
JOG,8501
KNO,13581
MLG,7601
PDG,6036
PKU,1254
PLM,7038
PWL,25
SUB,18942
TTE,2077
UPG,1204
SUB,1779
UPG,115
UPG,24244
WNI,1285
MKQ,383
SOQ,1694
KUL,786
LSW,38
PKU,258
SIN,130
LBJ,205
LKA,3130
LWE,836
MOF,4004
RTG,2705
RTI,1818
SUB,18198
TMC,5355
WGP,7999
PNK,8578
SUB,946
UPG,56
TTE,177
SUB,3133
TRK,23
SUB,16159
SWQ,1293
UPG,7197
MNA,141
SIN,80
SOQ,3065
TTE,2709
UPG,17799
UPG,130
UPG,4588
SOQ,19453
UPG,5322
UPG,2385
PLW,92
UPG,2910
TIM,2464
TRK,17
TTE,445
PLM,2862
TJQ,6817
PLM,83
YIA,1802
SUB,8378
UPG,15061
SOC,602
SUB,6769
SUB,3412
SUB,995
SUB,196
UPG,21069
UPG,820
TRK,91
UPG,55130
UPG,19031
TRK,6
UPG,46
UPG,17392
YIA,8079
BDJ,114
CGK,16931
SUB,15610
KOE,193
CGK,594
BXB,5011
CGK,16852
DOB,1224
LUV,9047
MDC,328
NAM,1800
NRE,401
SOQ,2573
SXK,3532
TTE,1589
UPG,22125
CGK,673
KOE,4831
BPN,5643
CGK,48795
KBU,1631
SRG,13681
SUB,34726
YIA,1232
BPN,5367
DPS,13423
KNO,9646
PLM,777
SRG,516
SUB,6114
BPN,17917
DJJ,9904
NBX,628
UPG,8455
KOE,6685
LBJ,2728
CGK,470
CGK,27890
DPS,2783
LOP,7496
UPG,634
CGK,71281
DPS,134
PLW,4177
SUB,47393
TRK,26933
UPG,25507
YIA,24026
CGK,75308
KNO,26234
LMU,1282
NTX,3907
PDG,11410
PKU,17147
PLM,326
PNK,4395
SUB,25280
CGK,16166
KNO,10675
CGK,2774
DPS,931
SUB,486
SOQ,157
CMB,1978
DJB,35722
DJJ,10282
DOH,18594
DPS,261814
DTB,9728
DXB,14404
FOC,431
HKG,4775
HND,3332
ICN,5926
IST,10568
JED,1553
KDI,15682
KNO,160101
KOE,16111
KUL,12416
LBJ,10028
LLJ,1468
LOP,44251
MDC,31934
MLG,3652
MNL,263
NRT,5821
PDG,56202
PGK,39687
PKU,65641
PKY,23442
PLM,66773
PLW,15376
PNK,81584
SIN,19988
SMQ,1428
SOC,30277
SOQ,2456
SRG,48381
SUB,132295
SYD,249
SZX,1115
TIM,9330
TJQ,18159
TKG,27692
TNJ,11631
TPE,605
TTE,11171
UPG,185092
WUH,761
YIA,73889
DJJ,2632
MKQ,11619
MKW,3076
NBX,3956
SOQ,10507
SUB,5935
TIM,27851
TMH,1437
UPG,30344
WMX,8612
ZRI,1196
LUV,1240
KOE,8819
LBJ,17957
LOP,15167
MNL,162
MOF,1885
SOC,10884
SRG,1890
SUB,56782
TIM,1157
TMC,3006
UPG,27792
WGP,3112
YIA,1965
KOE,10563
LBJ,3782
TIM,1025
KNO,265
KNO,15335
MDC,386
PLW,181
UPG,17808
JOG,9403
KNO,18537
MLG,9669
PDG,8181
PKU,6887
PLM,9283
PWL,30
SUB,27449
TTE,3818
UPG,4810
SUB,4709
UPG,2042
UPG,41004
WNI,1828
MKQ,498
SOQ,2122
LSW,585
PDG,2465
PKU,3934
SNB,102
LBJ,3071
LKA,3483
LWE,1098
MOF,3751
RTG,3205
RTI,2303
SUB,28989
TMC,6083
WGP,9367
UPG,266
PNK,11109
SRG,630
UPG,2576
TTE,539
SUB,8335
TRK,287
SUB,27882
SWQ,3028
TIM,39
MDC,500
PLW,685
UPG,8927
SIN,159
SOQ,5099
TIM,100
TTE,4147
UPG,34101
UPG,3732
UPG,7781
NBX,1932
SOQ,21402
UPG,9445
UPG,3014
PLW,938
UPG,3672
SOQ,362
TIM,2465
TRK,81
UPG,44
TTE,1229
PLM,5665
TJQ,11274
PLM,734
YIA,4330
SUB,14175
TLI,220
UOL,101
UPG,20149
PSU,315
SOC,1353
SUB,9366
UPG,62
SUB,9
UPG,395
SUB,3308
SUB,4004
UPG,24898
UPG,922
UPG,81187
UPG,21262
WMX,180
TRK,11
UPG,1223
UPG,17742
YIA,18714
CGK,16982
SUB,23271
KOE,692
BXB,324
CGK,9009
DOB,1343
LUV,8271
MDC,294
NAM,2184
NRE,370
SOQ,2705
SXK,3631
TTE,750
UPG,32141
CGK,576
KOE,5262
BDO,836
BPN,7708
BTW,172
CGK,60589
DPS,1475
HMS,55
KBU,3412
SRG,15592
SUB,49333
YIA,8537
BPN,7194
DPS,19976
JOG,2149
KNO,11994
PLM,1371
SRG,851
SUB,4855
UPG,5963
BPN,18389
DJJ,10812
NBX,355
UPG,8995
KOE,4783
LBJ,464
CGK,719
CGK,36254
DPS,4356
LOP,7169
UPG,3
CGK,84700
DPS,2457
PLW,2909
SRG,5534
SUB,55810
TRK,20825
UPG,29680
YIA,31163
CGK,87414
KNO,40103
LMU,1382
NTX,4192
PDG,18721
PGK,115
PKU,30130
PLM,7883
PNK,7806
SUB,32213
TKG,130
CGK,16400
KNO,15225
UPG,483
CGK,3833
DPS,27
SUB,37
SOQ,163
CMB,3688
DJB,51432
DJJ,11111
DOH,21187
DPS,312199
DTB,8512
DXB,20207
FOC,675
GTO,1157
HKG,4652
HND,2920
ICN,7824
IST,13645
JED,1972
KDI,14708
KNO,202457
KOE,15469
KUL,16049
LBJ,9670
LOP,65212
MDC,38843
MLG,9555
MNL,663
NRT,6483
PDG,72784
PGK,47663
PKU,85646
PKY,27036
PLM,90627
PLW,19174
PNK,95875
SIN,31345
SMQ,2222
SOC,39436
SOQ,7122
SRG,55170
SUB,157680
SYD,612
SZX,1703
TIM,6486
TJQ,24440
TKG,44535
TNJ,11422
TPE,3374
TTE,11518
UPG,206239
WUH,1286
YIA,94903
DJJ,4136
KNO,127
MKQ,11418
MKW,3171
NBX,5287
SOQ,10705
SUB,4188
TIM,26330
TMH,1211
UPG,24705
WMX,9474
ZRI,1179
LUV,1466
JOG,984
KOE,9720
LBJ,19139
LOP,18470
SOC,12431
SRG,2477
SUB,72583
TMC,6527
UPG,38051
WGP,2841
YIA,2286
KOE,6787
LBJ,3749
MKQ,54
TIM,1363
KNO,905
KNO,18030
MDC,1286
PLW,507
UPG,21202
JOG,9604
KNO,14455
MLG,8445
PDG,7402
PKU,6276
PLM,8090
PWL,31
SUB,34323
TTE,3528
UPG,2900
SUB,8939
UPG,3474
UPG,54625
WNI,2677
MKQ,283
SOQ,3045
LSW,1527
MEQ,59
PDG,4157
PKU,5743
SNB,96
TXE,54
LBJ,3062
LKA,2939
LWE,2649
MOF,5733
RTG,2763
RTI,2460
SUB,37041
TMC,6737
WGP,8030
UPG,504
PNK,13358
SRG,1066
UPG,4614
TTE,1073
SUB,9156
TRK,275
SUB,38609
SWQ,3700
MDC,1367
PLW,1526
UPG,8698
NAH,425
SIN,227
SOQ,6682
SUB,3630
TTE,5074
UPG,36339
UPG,6115
UPG,6973
NBX,1122
SOQ,22060
UPG,13697
NAH,214
UPG,3227
PLW,2043
UPG,4431
SOQ,1747
TIM,2977
TRK,99
TTE,1100
PLM,8596
TJQ,13187
PLM,900
YIA,4869
SUB,16878
SUB,5414
TLI,583
UOL,66
UPG,23713
PSU,2226
SOC,1036
SUB,9846
UPG,2472
UPG,34
SUB,46
UPG,912
SUB,5510
SUB,5549
UPG,20176
SUB,113
UPG,822
TRK,7091
UPG,91060
UPG,20307
WMX,446
TRK,134
UPG,6038
UPG,1267
UPG,18995
YIA,23955
CGK,19476
SUB,27393
KOE,1284
BXB,712
CGK,11220
DOB,1241
LUV,10107
MDC,671
NAM,3417
NRE,471
SOQ,3321
SXK,3743
TTE,1642
UPG,33428
CGK,767
KOE,5155
BPN,7267
BTW,1221
CGK,69216
HMS,956
KBU,3890
SRG,17785
SUB,55115
YIA,10044
BPN,8311
DPS,30602
JOG,3056
KNO,14990
PLM,2482
SRG,1308
SUB,4732
UPG,6771
BPN,21026
DJJ,17852
NBX,126
UPG,11752
KOE,5491
CGK,869
CGK,39781
DPS,3228
LOP,8034
UPG,22
CGK,90906
DPS,9094
LNU,952
MDC,952
PLW,2568
SRG,9351
SUB,48798
TJS,2203
TRK,13979
UPG,28321
YIA,30753
CGK,93533
DJB,859
KNO,45429
LMU,1482
NTX,4497
PDG,19282
PGK,1384
PKU,29723
PLM,6194
PNK,2885
SUB,30204
TKG,1438
CGK,17895
KNO,13836
UPG,1166
CGK,1498
CGK,5149
DPS,796
SUB,689
SOQ,242
CGK,401
MDC,130
CMB,3818
DJB,58475
DJJ,11577
DOH,20619
DPS,373333
DTB,17832
DXB,45011
FOC,920
GTO,2918
HKG,3167
HND,3902
ICN,8235
IST,13783
JED,3359
KDI,16366
KNO,264694
KOE,15364
KUL,25741
LBJ,17517
LOP,70732
MDC,43129
MLG,10764
MNL,1604
NRT,9383
PDG,96705
PGK,61934
PKU,103569
PKY,24909
PLM,105764
PLW,19045
PNK,118917
SIN,48969
SMQ,1910
SOC,46110
SOQ,7644
SRG,62756
SUB,180349
SYD,1131
SZX,1449
TIM,6849
TJQ,29639
TKG,54935
TNJ,12263
TPE,3246
TTE,12176
UPG,197107
WUH,1351
YIA,113898
DJJ,6435
KNO,687
MKQ,13562
MKW,3950
NBX,6924
SOQ,13291
SUB,5029
TIM,27110
TMH,1722
UPG,26170
WMX,11994
ZRI,1246
LUV,1579
JOG,7481
KOE,10013
LBJ,16435
LOP,14976
SOC,14087
SRG,3370
SUB,86384
TMC,8777
UPG,40908
WGP,3381
YIA,3101
KOE,7183
LBJ,3920
MKQ,305
TIM,1596
KNO,1862
KNO,19117
MDC,636
PLW,142
UPG,19125
JOG,8023
KNO,20964
MLG,8298
PDG,6269
PKU,6504
PLM,8296
PWL,86
SUB,29171
TKG,6805
TTE,1823
UPG,4598
SUB,6918
UPG,3400
UPG,52016
WNI,2943
MKQ,559
SOQ,2785
KUL,4
LSW,1923
MEQ,556
PDG,5549
PKU,6404
SIN,11
SNB,47
TXE,226
YIA,4025
LBJ,2596
LKA,3200
LWE,2409
MOF,8413
RTG,2680
RTI,2732
SUB,36192
TMC,8295
WGP,7187
UPG,669
PNK,13870
SRG,1528
UPG,6042
TTE,1368
SUB,6273
TRK,432
SUB,33592
SWQ,3900
MDC,1526
PLW,1883
UPG,9827
NAH,1330
SIN,623
SOQ,8913
SUB,10743
TTE,7167
UPG,28741
UPG,5361
UPG,7531
NBX,2363
SOQ,20645
UPG,17458
NAH,902
UPG,3101
PLW,2229
UPG,3923
SOQ,1680
TIM,2879
TRK,91
TTE,1876
PLM,10079
TJQ,13357
TTE,105
PLM,1635
YIA,7173
SUB,12161
SUB,6350
TLI,681
UOL,208
UPG,26172
PSU,1941
SOC,807
SQG,594
SUB,9783
UPG,532
SUB,66
UPG,1072
SUB,6445
SUB,7554
UPG,20638
UPG,2867
TRK,11221
UPG,82935
UPG,17330
WMX,949
TRK,29
UPG,8614
UPG,2028
UPG,19379
YIA,23335
BEJ,2033
CGK,24442
SUB,29376
KOE,1352
BXB,7072
CGK,10649
DOB,874
LUV,5606
MDC,538
NAM,2831
NRE,212
SOQ,3601
SXK,2813
TTE,1686
UPG,29575
CGK,711
KOE,4427
BPN,8005
BTW,1767
CGK,62762
HMS,1553
KBU,3755
SMQ,880
SRG,
SUB,56787
YIA,10273
BPN,7913
DPS,29923
JOG,2638
KNO,14861
PLM,
SRG,239
SUB,4539
UPG,
BPN,18098
DJJ,
UPG,12566
KOE,3683
CGK,599
CGK,41259
DPS,3452
LOP,7803
UPG,231
CGK,83628
DPS,5861
LNU,881
MDC,117
MJU,630
PKY,971
PLW,2378
SRG,9444
SUB,54528
TJS,3213
TRK,11556
UPG,33645
YIA,31668
CGK,92022
DJB,1507
KNO,
LMU,1249
NTX,4347
PDG,21986
PGK,1341
PKU,32247
PLM,14066
PNK,2449
SUB,29106
TKG,1064
CGK,16904
KNO,10079
UPG,1506
CGK,2623
CGK,5543
DPS,348
SUB,256
SOQ,251
CGK,793
CMB,3191
DJB,57857
DJJ,8658
DOH,22697
DPS,324111
DTB,
DXB,
FOC,2619
GTO,1829
HKG,3281
HND,2899
ICN,7273
IST,11366
JED,3854
KDI,10372
KNO,
KOE,10718
KUL,15762
LBJ,12753
LOP,59324
MDC,36354
MED,1157
MKW,1127
MLG,13491
MNL,1528
NRT,8343
PDG,104452
PGK,63719
PKU,109617
PKY,24548
PLM,99327
PLW,16941
PNK,135389
SIN,35788
SMQ,1853
SOC,42742
SOQ,7519
SRG,
SUB,170467
SYD,1098
SZX,1161
TIM,6428
TJQ,28977
TKG,
TNJ,12391
TPE,
TRK,2867
TTE,10949
UPG,175687
WUH,858
YIA,105762
PCB,10
DJJ,4931
KNO,858
PLM,15
MKQ,11176
MKW,5237
NBX,4874
OKL,2819
SOQ,13514
SUB,4463
TIM,23993
TMH,1611
UPG,29521
WMX,16689
ZRI,796
LUV,1066
JOG,
KOE,10862
LBJ,
LOP,15891
MOF,54
SOC,10592
SRG,2971
SUB,84449
TMC,9148
UPG,
WGP,3589
YIA,7418
KOE,8383
LBJ,
MKQ,263
TIM,1347
KNO,2364
KNO,19629
MDC,762
PLW,35
UPG,18679
JOG,4134
KNO,12535
MLG,8158
PDG,4005
PKU,5264
PLM,6383
SUB,21475
TKG,3457
TTE,553
UPG,4302
SUB,7472
UPG,3524
UPG,54617
WNI,2128
MKQ,495
SOQ,2351
LSW,2018
MEQ,950
PDG,5372
PKU,8381
SNB,867
TXE,411
YIA,4594
LBJ,3292
LKA,2045
LWE,1592
MOF,
RTG,868
RTI,3417
SUB,33394
TMC,5268
WGP,5127
UPG,686
PNK,
SRG,1455
SUB,124
UPG,5983
TTE,1569
SUB,
TRK,335
SUB,38298
SWQ,3738
MDC,1769
PLW,
UPG,10448
MNA,43
NAH,1089
SIN,651
SOQ,9687
SUB,9715
TTE,7198
UPG,
UPG,4349
UPG,7555
NBX,2109
SOQ,21625
UPG,15144
NAH,887
UPG,2902
PLW,2109
UPG,6294
SOQ,1909
TIM,2784
TRK,4
TTE,1292
PLM,10261
TJQ,10283
TTE,188
PLM,1242
YIA,9708
PNK,201
SMQ,661
SUB,15194
SUB,7088
TLI,832
UOL,213
UPG,26964
PSU,2214
SOC,998
SQG,1289
SRG,425
SUB,9561
UPG,1229
SUB,4976
SUB,7187
UPG,22591
SUB,64
UPG,1684
TRK,10544
UPG,94351
UPG,19953
WMX,583
TRK,9
UPG,8163
UPG,1709
UPG,20786
YIA,26548
BEJ,3445
CGK,20117
SUB,22958
KOE,1018
BXB,6398
CGK,8505
DOB,814
LUV,5615
NAM,2888
NRE,355
SOQ,2709
SXK,2386
TTE,2585
UPG,
CGK,474
KOE,3855
BPN,6114
BTW,2192
CGK,45793
HMS,1227
KBU,2747
SMQ,701
SRG,
SUB,46266
YIA,7359
BPN,5698
DPS,22737
JOG,2249
KNO,11139
PLM,
SUB,2872
UPG,5776
BPN,
DJJ,13796
UPG,9699
KOE,
CGK,522
CGK,
DPS,3078
LOP,
UPG,946
CGK,53982
DPS,
LNU,1154
PKY,1162
PLW,1424
SRG,6809
SUB,
TJS,2712
TRK,
UPG,30744
YIA,24009
CGK,70558
DJB,1251
KNO,41889
LMU,1001
NTX,3037
PDG,18832
PGK,1042
PKU,25559
PLM,12915
PNK,
SUB,25322
TKG,660
CGK,14131
KNO,7765
UPG,1452
CGK,1409
CGK,4658
DPS,155
SUB,186
SOQ,171
CGK,948
CMB,4395
DJB,45189
DJJ,3376
DOH,23387
DPS,199681
DTB,18828
DXB,18217
FOC,1867
GTO,1639
HKG,
HND,2343
ICN,6924
IST,10424
JED,8307
KDI,12501
KNO,193835
KOE,8793
KUL,15652
LBJ,7302
LOP,46021
MDC,25932
MED,5983
MKW,953
MLG,17776
MNL,1381
NRT,4881
PDG,83267
PGK,52556
PKU,85836
PKY,20226
PLM,79421
PLW,16709
PNK,107312
SIN,35429
SMQ,1736
SOC,28839
SOQ,6547
SRG,41088
SUB,131792
SYD,1649
SZX,1042
TIM,2365
TJQ,20661
TKG,
TNJ,
TPE,3325
TRK,6553
TTE,8214
UPG,137865
WUH,713
YIA,75349
PCB,123
SUB,36
DJJ,4753
KNO,560
MKQ,10071
MKW,7443
NBX,4442
OKL,2237
SOQ,9531
SUB,
TIM,17808
TMH,1161
UPG,20825
WMX,12821
ZRI,772
LUV,835
JOG,1686
KOE,7428
LBJ,10529
LOP,13351
MOF,1702
NRT,40
SIN,2733
SOC,7439
SRG,1684
SUB,56542
TMC,6647
UPG,31601
WGP,2798
YIA,8534
KOE,7062
LBJ,3529
MKQ,288
TIM,1319
KNO,1846
KNO,14626
MDC,409
PLW,67
UPG,15773
SUB,5111
UPG,2513
UPG,45408
WNI,
MKQ,458
SOQ,1972
LSW,1671
MEQ,1155
PDG,
PKU,5918
SNB,649
TXE,719
YIA,3303
LBJ,2717
LKA,1842
LWE,1357
MOF,4195
RTI,2942
SUB,24265
TMC,3448
WGP,3579
UPG,464
PNK,10968
SRG,606
UPG,4648
TTE,1063
SUB,2124
TRK,218
SUB,31887
SWQ,3328
MDC,1285
PLW,1457
UPG,8224
NAH,616
SIN,511
SOQ,6288
SUB,4683
TTE,5739
UPG,23122
UPG,
UPG,3998
NBX,2212
SOQ,18769
UPG,10182
NAH,583
UPG,1424
PLW,1983
UPG,5589
SOQ,287
TIM,2009
SOQ,60
TTE,1194
PLM,8699
TJQ,9433
PLM,674
YIA,9764
PNK,829
SMQ,109
SUB,9652
SUB,3054
TLI,1021
UPG,20382
PSU,1732
SOC,1111
SQG,1051
SRG,2987
SUB,8533
UPG,1268
SUB,5371
SUB,5144
UPG,16337
SUB,26
UPG,1903
TRK,7148
UPG,78885
UPG,17318
WMX,125
TRK,6
UPG,6035
UPG,1085
UPG,17921
YIA,20535
BEJ,4079
CGK,
SUB,26354
KOE,1759
CGK,3
BXB,6757
CGK,9115
DOB,1228
LUV,8818
NAM,3376
NRE,518
SOQ,3019
SXK,4368
TTE,3403
UPG,34439
CGK,804
KOE,4501
BPN,8488
BTW,2745
CGK,65487
HMS,1471
KBU,1822
SMQ,365
SRG,19821
SUB,69223
UPG,436
YIA,10268
BPN,
DPS,27235
JOG,3274
KNO,15869
PLM,2984
SUB,2855
UPG,6768
BPN,17631
DJJ,18489
UPG,16298
KOE,3678
CGK,1524
CGK,43744
DPS,4046
LOP,7981
UPG,1603
CGK,84596
DPS,3931
LNU,1803
PKY,1301
PLW,130
SRG,8237
SUB,
TJS,3597
TRK,9957
UPG,42352
YIA,27995
CGK,92605
DJB,1903
KNO,51474
LMU,1378
NTX,4261
PDG,19358
PGK,1356
PKU,33942
PLM,17644
PNK,2956
SUB,32685
TKG,1388
CGK,
KNO,13763
UPG,2261
CGK,1719
CGK,7214
SOQ,285
CGK,510
CMB,6209
DJB,59355
DJJ,7474
DOH,28616
DPS,315863
DTB,19564
DXB,34807
FOC,2931
GTO,2491
HKG,1901
HND,4872
ICN,8256
IST,15542
JED,24008
KDI,21905
KNO,
KOE,9523
KUL,26305
LBJ,17518
LOP,91938
MCT,346
MDC,37911
MED,10362
MLG,
MNL,2875
NRT,10546
PDG,115222
PGK,67047
PKU,114065
PKY,29864
PLM,116088
PLW,16135
PNK,136514
PVG,4
SIN,58523
SMQ,
SOC,
SOQ,11095
SRG,57999
SUB,214909
SYD,1627
SZX,1085
TJQ,33194
TKG,52333
TNJ,12799
TPE,7488
TRK,8124
TTE,
UPG,227767
WUH,1233
YIA,97204
PCB,139
DJJ,3666
KNO,797
MKQ,
MKW,7376
NBX,5403
OKL,
SOQ,
SUB,4929
TIM,21543
TMH,
UPG,19602
WMX,10435
ZRI,222
LUV,1486
DPS,897
IST,1025
KOE,9647
KUL,2532
LBJ,17081
LOP,21934
MEL,2982
MOF,337
NRT,14
SIN,22297
SOC,10572
SRG,1863
SUB,80226
SYD,343
TMC,9482
UPG,43436
WGP,3545
YIA,12625
KOE,8355
LBJ,4211
MKQ,246
TIM,1403
KNO,3108
MDC,162
KNO,17059
MDC,1362
PLW,349
UPG,20563
SUB,6027
UPG,1813
UPG,
WNI,
MKQ,327
SOQ,2179
LSW,2348
MEQ,1631
PDG,5416
PKU,8621
SNB,876
TXE,1133
YIA,3941
LBJ,2381
LKA,2935
LWE,1949
MOF,5582
RTG,1095
RTI,2897
SUB,35633
TMC,
WGP,4295
UPG,816
PNK,10567
SRG,318
SUB,1309
UPG,
TTE,
SUB,4347
TRK,107
SUB,
SWQ,3908
UPG,2311
MDC,1473
PLW,1875
UPG,11487
NAH,1292
SIN,463
SOQ,6246
TTE,
UPG,36506
UPG,3934
UPG,2309
NBX,1672
SOQ,29316
UPG,9078
NAH,988
UPG,3354
PLW,1803
UPG,7481
TIM,3097
SOQ,64
TTE,1631
PLM,
TJQ,12825
PLM,873
YIA,13501
SUB,
SUB,2603
TLI,990
UPG,
PSU,1843
SOC,
SQG,1241
SRG,3259
SUB,12186
UPG,1342
SUB,1445
SUB,6985
SUB,2182
UPG,26501
UPG,4295
TRK,10056
UPG,104132
UPG,
WMX,405
UPG,3347
UPG,1429
UPG,25548
YIA,27143
BEJ,3769
CGK,23828
SUB,25196
KOE,
BXB,6246
CGK,11846
DOB,940
LUV,
NAM,2888
NRE,558
SOQ,2263
SXK,2902
TTE,3441
UPG,28996
CGK,1559
KOE,
BPN,7417
BTW,1996
CGK,68254
HMS,
KBU,3011
PKY,12
SRG,16713
SUB,59877
YIA,8428
BPN,4221
DPS,25918
JOG,1458
KNO,
PLM,991
SUB,2039
UPG,1433
BPN,16013
DJJ,17094
UPG,13474
KOE,2881
CGK,4325
CGK,37891
DPS,3044
LOP,7219
UPG,823
CGK,
DPS,3616
LNU,1587
PKY,1308
PLW,
SRG,8998
SUB,59616
TJS,3324
TRK,12457
UPG,33091
YIA,25548
CGK,98835
DJB,2155
KNO,46783
LMU,1284
NTX,4149
PDG,
PGK,907
PKU,
PLM,16855
PNK,2495
SUB,
TKG,841
CGK,19829
KNO,5656
UPG,1305
CGK,
CGK,7066
SOQ,516
CGK,392
CMB,5604
DJB,64226
DJJ,5629
DOH,26136
DPS,254339
DTB,21187
DXB,28611
FOC,2586
GTO,
HKG,2012
HND,7248
ICN,13407
IST,16853
JED,35877
JHB,1143
KDI,
KNO,258795
KOE,16572
KUL,
LBJ,12228
LLJ,2026
LOP,56277
MCT,3698
MDC,
MED,11173
MLG,23676
MNL,5918
NRT,19083
PDG,106414
PEN,1862
PGK,79607
PKU,116355
PKY,27281
PLM,112519
PLW,19998
PNK,132922
SIN,120926
SMQ,
SOC,39653
SOQ,9793
SRG,66754
SUB,203468
SYD,3851
SZX,
TIM,
TJQ,32685
TKG,52587
TNJ,16289
TPE,10253
TRK,5914
TTE,11409
UPG,192377
WUH,896
YIA,87573
PCB,199
DJJ,4379
KNO,197
MKQ,12969
MKW,4533
NBX,4971
OKL,3079
SOQ,9364
SUB,4727
TIM,23299
TMH,1599
UPG,21655
WMX,14725
ZRI,886
LUV,1214
DPS,7076
IST,7147
KOE,
KUL,4823
LBJ,14703
LOP,16795
MEL,11645
MOF,293
SIN,62075
SOC,
SRG,1257
SUB,69832
SYD,9476
TMC,9004
UPG,29737
WGP,3135
YIA,11321
KOE,6325
LBJ,
MKQ,253
TIM,1423
KNO,2872
KNO,12457
MDC,975
PLW,404
UPG,16651
SUB,378
SUB,2686
UPG,2327
UPG,46074
WNI,1517
MKQ,538
SOQ,
KUL,2822
LSW,1583
MEQ,1021
PDG,4231
PEN,1165
PKU,8818
SNB,525
TXE,587
YIA,8882
LBJ,3339
LKA,2872
LWE,1965
MOF,7082
RTG,
RTI,2274
SUB,33493
TMC,5804
WGP,3807
UPG,987
PNK,10596
SRG,1791
SUB,10435
UPG,461
YIA,194
UPG,4696
TTE,1457
SUB,4919
TRK,224
SUB,37332
SWQ,4293
UPG,919
MDC,1251
PLW,1523
UPG,10771
NAH,1094
SIN,1185
SOQ,5859
SUB,3383
TTE,6369
UPG,33625
UPG,3954
TMH,82
UPG,4671
NBX,1717
SOQ,33021
UPG,4653
NAH,924
UPG,2438
PLW,
UPG,7043
SOQ,69
TIM,3564
SOQ,91
TTE,1311
PKU,13
PLM,10862
TJQ,9883
PLM,346
YIA,14005
SUB,11474
SUB,4938
TLI,577
UPG,24076
PSU,1732
SOC,2352
SQG,1198
SRG,1048
SUB,17629
YIA,2673
UPG,
SUB,17173
SUB,6424
SUB,3133
UPG,28747
UPG,9885
SUP,205
TRK,7575
UPG,102583
UPG,24305
WMX,393
TRK,21
UPG,5857
UPG,1317
UPG,22939
YIA,22624
BEJ,4062
CGK,25342
SUB,43743
KOE,1603
DPS,3253
BXB,4838
CGK,12479
DOB,877
LUV,6329
NAM,2694
NRE,576
SOQ,2861
SXK,
TTE,4029
UPG,34351
CGK,
KOE,3623
BPN,8509
BTW,1571
CGK,97698
HMS,
KBU,3764
PKY,25
SRG,21285
SUB,93545
YIA,13837
BPN,5211
DPS,42495
JOG,2831
KNO,19014
PLM,1996
SUB,1397
UPG,7297
BPN,19014
DJJ,17417
UPG,15364
KOE,2736
LBJ,1187
CGK,6289
DPS,
CGK,51411
DPS,3819
LOP,8031
UPG,1386
DPS,6673
CGK,114009
DPS,6148
LNU,1712
PKY,2391
PLW,2277
SRG,12549
SUB,86823
TJS,3482
TRK,13594
UPG,46483
YIA,36995
CGK,138911
DJB,3292
KNO,56001
LMU,954
NTX,3761
PDG,36444
PGK,976
PKU,48104
PLM,22182
PNK,
SUB,35016
TKG,1337
CGK,25598
KNO,7793
UPG,1319
CGK,2097
CGK,11409
SOQ,441
CGK,338
CMB,5931
DJB,83599
DJJ,
DOH,43449
DPS,431481
DTB,27042
DXB,35945
FOC,1414
GTO,6615
HKG,
HND,7326
ICN,16993
IST,
JED,70855
JHB,1502
KDI,25859
KNO,331335
KOE,17847
KUL,68616
LBJ,
LLJ,6806
LOP,83648
MCT,5965
MDC,44228
MED,13232
MLG,31736
MNL,7934
NRT,22991
PDG,168853
PEN,7639
PGK,100657
PKU,153313
PKY,
PLM,146104
PLW,
PNK,174281
SIN,160582
SMQ,2763
SOC,61601
SOQ,
SRG,88489
SUB,278835
SYD,7839
SZX,1992
TIM,1228
TJQ,49698
TKG,74545
TNJ,20798
TPE,7664
TRK,8288
TTE,
UPG,243765
WUH,1348
YIA,131167
DPS,1852
DJJ,4098
KNO,95
MKQ,15344
MKW,6451
NBX,4587
OKL,2955
SOQ,10357
SUB,10548
TIM,25298
TMH,1599
UPG,23233
WMX,16103
ZRI,776
LUV,795
DPS,8315
DRW,3394
DXB,12072
IST,8292
KOE,10848
KUL,19549
LBJ,21691
LOP,20703
MEL,25851
MNL,79
MOF,64
NRT,97
SIN,91003
SOC,16691
SRG,2584
SUB,
SYD,17551
TMC,10543
UPG,47511
WGP,
YIA,24833
KOE,6838
LBJ,3342
MKQ,236
TIM,1397
KNO,3448
KNO,15098
MDC,1084
PLW,268
UPG,19263
SUB,1317
SUB,2961
UPG,3052
UPG,62497
WNI,2227
MKQ,418
SOQ,2264
KUL,18599
LSW,1758
MEQ,1081
PDG,6002
PEN,10539
PKU,9935
SIN,2309
SNB,
TXE,639
YIA,18998
LBJ,3817
LKA,3251
LWE,1541
MOF,8538
RTG,1411
RTI,2539
SUB,41738
TMC,5797
WGP,4263
UPG,1023
PNK,12073
SRG,2131
LOP,3359
SUB,21239
UPG,1952
YIA,1789
UPG,6866
TTE,1379
SUB,9912
TRK,146
SUB,
SWQ,6778
UPG,2357
MDC,1248
PLW,1467
UPG,12573
NAH,1077
SIN,1607
SOQ,7488
SUB,
TTE,6346
UPG,37442
UPG,3768
TMH,452
UPG,2319
NBX,2006
SOQ,40112
UPG,2382
NAH,1
UPG,2345
PLW,2066
UPG,7085
TIM,3367
SOQ,46
TTE,1399
PKU,46
SUB,1929
PLM,15056
TJQ,15098
PLM,647
YIA,20574
SUB,18118
SUB,10694
TLI,688
UOL,47
UPG,
PSU,1394
SOC,1809
SQG,1249
SRG,1388
SUB,26307
YIA,9847
UPG,1863
SUB,26272
SUB,7192
SUB,3389
UPG,37226
UPG,16657
SUP,578
TRK,10751
UPG,126251
UPG,27372
WMX,299
TRK,8
UPG,10083
UPG,1545
UPG,32403
YIA,36271
BEJ,4053
CGK,26671
SUB,37487
KOE,1544
CGK,3
DPS,6595
BXB,5317
CGK,
DOB,895
LUV,8295
NAM,
NRE,837
SOQ,2078
SXK,2755
TTE,2635
UPG,30578
CGK,2578
KOE,3936
BPN,8955
BTW,1732
CGK,84869
HMS,1739
KBU,
SRG,22466
SUB,72924
YIA,9554
BPN,
DPS,34504
JOG,
KNO,18432
PLM,561
SUB,1954
UPG,5041
BPN,19614
DJJ,
UPG,16528
KOE,3531
LBJ,2156
CGK,10439
DPS,11482
CGK,45942
DPS,3641
LOP,8066
UPG,1253
DPS,17115
CGK,114038
DPS,
LNU,1941
PKY,1351
PLW,477
SRG,9134
SUB,
TJS,3681
TRK,7922
UPG,40803
YIA,32182
CGK,131953
DJB,2992
KNO,62565
LMU,921
NTX,4601
PDG,
PGK,934
PKU,39711
PLM,21571
PNK,3751
SUB,35327
SZB,733
TKG,368
CGK,18393
KNO,15
UPG,1012
CGK,1774
CGK,10491
SOQ,678
CGK,491
CMB,
DJB,
DJJ,5806
DOH,45699
DPS,418035
DTB,26235
DXB,42553
FOC,2931
GTO,7532
HKG,
HND,7207
ICN,22453
IST,
JED,57809
JHB,3481
KDI,23873
KNO,312769
KOE,17378
KUL,58732
LBJ,26614
LLJ,5129
LOP,79594
MCT,6926
MDC,43768
MED,5127
MLG,30106
MNL,
NRT,27644
PDG,132742
PEN,8233
PGK,76663
PKU,134196
PKY,
PLM,134159
PLW,21447
PNK,
SIN,154205
SMQ,
SOC,48276
SOQ,11868
SRG,79574
SUB,262005
SYD,11166
SZX,1441
TJQ,42297
TKG,62848
TNJ,19132
TPE,10933
TRK,8614
TTE,12613
UPG,233247
WUH,943
YIA,
PCB,236
DPS,3245
DJJ,4523
WMX,187
DPS,1249
MKQ,14258
MKW,7601
NBX,4402
OKL,3532
SOQ,7234
SUB,8751
TIM,
TMH,1781
UPG,26946
WMX,18708
ZRI,966
LUV,1016
DPS,14787
DRW,4107
DXB,13632
HAN,7747
IST,
KOE,11293
KUL,39758
LBJ,20946
LOP,15441
MEL,41122
MNL,144
SIN,110906
SOC,20295
SRG,576
SUB,102944
SYD,29743
TMC,10207
UPG,46531
WGP,3359
YIA,25582
KOE,
LBJ,3268
MKQ,276
TIM,1648
KNO,3789
KNO,21699
MDC,1095
PLW,93
UPG,17646
SUB,353
SUB,2467
SUB,2817
UPG,
UPG,53865
WNI,2456
MKQ,38
MKW,761
SOQ,2239
KUL,20756
LSW,2096
MEQ,1192
PDG,
PEN,
PKU,8025
SIN,4068
SNB,1098
TXE,671
YIA,13329
LBJ,2784
LKA,3239
LWE,1408
MOF,8411
RTG,1811
RTI,3058
SUB,41136
TMC,5161
WGP,4179
UPG,334
PNK,12041
SRG,1546
LOP,5946
SUB,22593
UPG,2532
YIA,2231
UPG,6098
TTE,1714
SUB,9806
SUB,56278
SWQ,6701
UPG,639
MDC,1311
PLW,1751
UPG,12465
NAH,1303
SIN,2374
SOQ,7318
SUB,10444
TTE,6114
UPG,34915
UPG,4359
TMH,593
UPG,3128
NBX,2754
SOQ,43642
UPG,1205
NAH,972
UPG,
PLW,1413
UPG,
TIM,3064
SOQ,56
TTE,1009
PKU,34
SUB,
PLM,12858
TJQ,14064
YIA,16893
SUB,16263
YIA,214
SUB,8033
TLI,440
UOL,290
UPG,30375
PSU,1821
SOC,1385
SQG,1433
SRG,22
SUB,23116
YIA,8921
UPG,1015
SUB,26736
SUB,
SUB,
UPG,40662
UPG,12668
SUP,311
TRK,
UPG,112079
UPG,28762
TRK,7
UPG,8646
UPG,2027
UPG,27664
YIA,30049
BEJ,4213
CGK,26713
SUB,36838
KOE,1262
CGK,827
DPS,9423
BXB,5445
CGK,
DOB,743
LUV,7776
NAM,3034
NRE,939
SOQ,2349
SXK,2694
TTE,3226
UPG,30659
CGK,2609
KOE,3173
BPN,
BTW,1585
CGK,88027
HMS,1673
KBU,
PKY,25
SRG,
SUB,81938
YIA,
BPN,5607
DPS,36227
JOG,2642
KNO,20285
PLM,239
SUB,397
UPG,823
BPN,19777
DJJ,17608
UPG,15407
KOE,3093
LBJ,196
CGK,12763
DPS,16327
CGK,45782
DPS,3412
LOP,7536
UPG,1252
DPS,
CGK,114424
DPS,8798
LNU,1729
PKY,
SRG,10914
SUB,84917
TJS,3258
TRK,10732
UPG,43665
YIA,34289
CGK,144481
DJB,2769
KNO,61141
LMU,1182
NTX,4167
PDG,25811
PGK,1036
PKU,38472
PLM,22494
PNK,2913
SUB,35271
SZB,2354
TKG,417
CGK,18886
KNO,16156
UPG,1083
CGK,2449
CGK,9949
SOQ,1048
CGK,2035
CMB,14335
DJB,72267
DJJ,14361
DOH,46028
DPS,436252
DTB,25657
DXB,40035
FOC,2424
GTO,6764
HGH,157
HKG,5056
HND,7955
ICN,26689
IST,19383
JED,39125
JHB,3898
KDI,24532
KNO,322842
KOE,17886
KUL,82705
LBJ,27427
LLJ,5468
LOP,77182
MCT,8486
MDC,
MED,1673
MLG,31621
MNL,
NKG,330
NRT,29024
PDG,145986
PEN,10326
PGK,78368
PKU,
PKY,33632
PLM,140224
PLW,21175
PNK,148027
SIN,
SMQ,3918
SOC,52252
SOQ,12368
SRG,86289
SUB,273008
SYD,12855
SZX,1367
TIM,188
TJQ,41566
TKG,
TNJ,20159
TPE,14205
TRK,8846
TTE,13201
UPG,230991
YIA,127347
PCB,160
DPS,3766
DJJ,4186
WMX,767
DPS,2677
KNO,49
MKQ,16298
MKW,7595
NBX,4109
OKL,
SOQ,8897
SUB,1404
TIM,26899
TMH,1748
UPG,
WMX,21276
ZRI,1046
LUV,847
DPS,16961
DRW,5447
DXB,26797
HAN,11561
ICN,
IST,8138
KNO,2326
KOE,12626
KUL,69633
LBJ,26036
LOP,13975
MEL,66191
MNL,6016
SIN,125957
SOC,22743
SRG,591
SUB,
SYD,38028
TMC,12076
UPG,48459
WGP,3674
YIA,26832
KOE,6238
LBJ,3954
MKQ,156
TIM,1627
KNO,3912
KNO,19117
MDC,878
UPG,
SUB,2782
SUB,3015
UPG,2444
UPG,58308
WNI,366
MKQ,554
MKW,729
SOQ,1913
KUL,28503
LSW,2506
MEQ,1055
PDG,
PEN,26009
PKU,6815
SIN,9066
SNB,756
TXE,492
YIA,14384
LBJ,4066
LKA,3846
LWE,1461
MOF,9056
RTG,1729
RTI,1637
SUB,42754
TMC,5696
WGP,4693
PNK,10643
SRG,1315
LOP,6832
SUB,22222
UPG,2907
YIA,2924
UPG,5332
TTE,1561
SUB,14905
TRK,144
SUB,59683
SWQ,5263
UPG,734
MDC,975
PLW,
UPG,12078
NAH,1057
SIN,2985
SOQ,7395
SUB,11283
TTE,6052
UPG,39578
UPG,3968
TMH,506
UPG,3163
NBX,2731
SOQ,39323
UPG,1661
NAH,744
UPG,2575
PLW,1684
UPG,6796
TIM,2985
SOQ,43
TTE,593
PKU,202
SUB,3222
PLM,14062
TJQ,15265
PLM,268
YIA,18771
SUB,18432
SUB,8682
TLI,357
UPG,33435
PSU,1183
SOC,1948
SQG,1213
SUB,26688
YIA,10661
UPG,956
SUB,
SUB,6929
UPG,41199
UPG,14267
SUP,229
TIM,1714
TRK,12094
UPG,121562
UPG,
WMX,22
TRK,7
UPG,10255
UPG,2145
UPG,29404
YIA,30796
BEJ,4291
CGK,24922
SUB,30629
KOE,1544
CGK,2123
DPS,9922
BXB,5092
CGK,11592
DOB,734
LUV,7255
NAM,1855
NRE,1021
SOQ,1466
SXK,2066
TTE,2718
UPG,25125
CGK,2346
KOE,2902
BPN,7393
BTW,
CGK,80925
HMS,1827
KBU,1888
PKY,39
SRG,16607
SUB,
UPG,394
YIA,9129
BPN,4851
DPS,32024
JOG,
KNO,18758
BPN,17051
DJJ,14422
UPG,12712
KOE,3053
LBJ,1545
CGK,14077
DPS,16654
CGK,37986
DPS,3296
LOP,7761
UPG,518
DPS,33112
CGK,104121
DPS,6444
LNU,1437
MDC,334
PKY,1204
SRG,7736
SUB,60684
TJS,2371
TRK,10226
UPG,32054
YIA,27407
CGK,112379
DJB,2871
KNO,44395
LMU,1222
NTX,3134
PDG,20117
PGK,57
PKU,28133
PLM,21791
PNK,542
SUB,31822
SZB,2159
TKG,38
CGK,19344
KNO,13886
UPG,1017
CGK,2163
CGK,9542
SOQ,1346
CGK,2695
CMB,
CTU,733
DJB,64035
DJJ,
DOH,45993
DPS,
DTB,18699
DXB,39175
FOC,1539
GTO,5644
HGH,444
HKG,4459
HND,8041
ICN,26834
IST,19904
JED,62851
JHB,3796
KDI,18506
KNO,267153
KOE,16116
KUL,90485
LBJ,20072
LLJ,
LOP,78283
MCT,9058
MDC,39209
MED,10301
MLG,29416
MNL,9704
NKG,428
NRT,28622
PDG,124674
PEK,1229
PEN,9053
PGK,63863
PKU,
PKY,28079
PLM,121501
PLW,17257
PNK,
SIN,166103
SMQ,3662
SOC,50336
SOQ,11193
SRG,
SUB,235719
SYD,12286
SZX,2105
TJQ,34995
TKG,46031
TNJ,16863
TPE,17611
TRK,8355
TTE,12276
UPG,210381
YIA,116413
PCB,205
DPS,2558
PCB,88
DJJ,4735
DPS,3257
KNO,502
MKQ,13854
MKW,5053
NBX,3728
OKL,3466
SOQ,7025
TIM,24076
TMH,1677
UPG,20802
WMX,
ZRI,927
LUV,817
DPS,23991
DRW,5219
DXB,29757
HAN,12069
ICN,15273
IST,12204
KNO,938
KOE,
KUL,80899
LBJ,27535
LOP,14484
MEL,68061
MNL,9453
SIN,140615
SOC,18308
SRG,233
SUB,93847
SYD,33831
TMC,11933
UPG,42972
WGP,3094
YIA,23156
KOE,
LBJ,
MKQ,82
TIM,1403
KNO,3792
KNO,16137
MDC,735
UPG,16681
SUB,2267
SUB,2922
UPG,1793
UPG,55293
MKQ,501
MKW,188
SOQ,2386
KUL,42365
LSW,2683
MEQ,925
PDG,4535
PEN,33623
PKU,7729
PLM,1161
SIN,9712
SNB,783
TXE,71
YIA,14188
LBJ,2809
LKA,2125
LWE,1592
MOF,8055
SUB,37029
TMC,4927
WGP,3951
PNK,9615
SRG,554
LOP,8553
SUB,25756
UPG,2492
YIA,2625
UPG,4307
TTE,
SUB,10175
TRK,198
SUB,55728
SWQ,4984
UPG,30
MDC,538
PLW,653
UPG,11434
NAH,412
SIN,2679
SOQ,5783
SUB,9038
TTE,5579
UPG,32251
UPG,3623
TMH,495
UPG,3397
NBX,1784
SOQ,35345
NAH,234
UPG,
PLW,1168
UPG,6034
TIM,3185
SOQ,54
TTE,964
PWL,133
PKU,34
SUB,2585
PLM,
TJQ,10988
YIA,15243
SUB,11853
SUB,269
TLI,285
UPG,32869
PSU,1078
SOC,1519
SQG,997
SRG,2
SUB,24613
YIA,
UPG,675
SUB,27974
SUB,6211
UPG,34573
UPG,12004
SUP,22
TRK,9284
UPG,98969
UPG,26133
TRK,7
UPG,
UPG,1466
UPG,26517
YIA,25518
BEJ,3902
CGK,24857
SUB,20306
KOE,
CGK,2402
DPS,9911
BXB,3015
CGK,12326
DOB,840
LUV,7279
NAM,1654
NRE,804
SOQ,1441
SQN,138
SUB,20
SXK,2504
TTE,2676
UPG,25525
CGK,2742
KOE,3224
BPN,7853
BTW,1496
CGK,82239
HMS,1646
KBU,2297
PKY,6
SRG,
SUB,67996
UPG,1656
YIA,8473
BPN,4321
DPS,27464
JOG,2454
KNO,16596
BPN,16855
DJJ,14503
UPG,11608
KOE,3649
LBJ,1887
CGK,14052
DPS,16013
CGK,
DPS,3294
LOP,7587
UPG,592
DPS,35572
CGK,106279
DPS,
LNU,
PKY,883
SRG,7477
SUB,68019
TJS,2398
TRK,11739
UPG,
YIA,25827
CGK,100807
DJB,1437
KNO,48215
LMU,1279
NTX,3699
PDG,19087
PKU,25332
PLM,22394
PNK,4181
SUB,
SZB,2327
CGK,18847
KNO,10503
UPG,832
CGK,1795
CGK,8715
SOQ,3378
CGK,
CMB,14593
CTU,778
DJB,63537
DJJ,10719
DOH,47187
DPS,
DTB,19645
DXB,41873
FOC,2334
GTO,5948
HGH,868
HKG,4046
HND,
ICN,
IST,19628
JED,88762
JHB,3705
KDI,22256
KNO,240691
KOE,14633
KUL,98926
LBJ,16604
LLJ,4617
LOP,
MCT,8695
MDC,39005
MED,17648
MLG,13715
MNL,
NKG,287
NRT,
PDG,100576
PEK,1049
PEN,10158
PGK,58225
PKU,113317
PKY,29447
PLM,
PLW,20526
PNK,114118
PVG,5
SIN,180045
SMQ,3648
SOC,47657
SOQ,12842
SRG,84955
SUB,203389
SYD,15281
SZX,1765
TJQ,33062
TKG,52179
TNJ,15902
TPE,17376
TRK,8174
TTE,12577
UPG,
YIA,108697
DJJ,4102
DPS,4064
KNO,438
MKQ,11647
MKW,4293
NBX,4242
OKL,2638
SOQ,7311
TIM,22631
TMH,1681
UPG,17763
WMX,18205
ZRI,999
LUV,908
DPS,23922
DRW,7178
DXB,36679
HAN,
ICN,15563
IST,7741
KNO,583
KOE,
KUL,
LBJ,25472
LOP,12308
MEL,67116
MNL,11899
SIN,148569
SOC,17135
SRG,489
SUB,84575
SYD,41131
TMC,9616
TPE,2748
UPG,34751
WGP,2849
YIA,19479
KOE,
LBJ,3704
MKQ,83
TIM,1403
KNO,4182
KNO,17598
MDC,244
UPG,15828
SUB,566
JOG,4067
KNO,6154
MLG,16824
PDG,10277
PLM,10605
SOC,3536
SRG,
SUB,32777
YIA,3273
SUB,2864
SUB,2684
UPG,2056
UPG,49129
MKQ,533
MKW,497
SOQ,1769
KUL,38541
LSW,2799
MEQ,830
PDG,
PEN,
PKU,10106
PLM,662
SIN,10233
SNB,801
YIA,11364
LBJ,2417
LKA,1812
LWE,2037
MOF,7764
SUB,33383
TMC,4344
WGP,3641
PNK,8754
SRG,716
LOP,8835
SUB,26422
UPG,2778
YIA,2912
UPG,4176
TTE,1435
SUB,7867
TRK,236
SUB,46822
SWQ,4713
MDC,289
PLW,466
UPG,11431
NAH,593
SIN,3026
SOQ,5548
SUB,6963
TTE,5712
UPG,28649
UPG,3542
TMH,432
UPG,3074
NBX,1553
SOQ,32189
PKU,2053
NAH,339
UPG,1383
PLW,1149
UPG,
TIM,2777
SOQ,26
TTE,735
PKU,22
SUB,2917
PLM,13413
TJQ,13375
YIA,13849
SUB,13454
SUB,
TLI,120
UPG,26922
PSU,942
SOC,1121
SQG,811
SUB,20553
YIA,7178
UPG,389
SUB,33649
SUB,6189
UPG,
TTE,296
UPG,11051
TRK,8931
UPG,93532
UPG,25041
TRK,5
UPG,5164
UPG,1276
UPG,23953
YIA,23063
BEJ,4289
CGK,23061
SUB,22792
YIA,2648
KOE,1167
CGK,594
DPS,10562
CGK,13429
DOB,861
LUV,8799
NAM,1412
NRE,861
SOQ,1554
SQN,140
SXK,2991
TTE,2525
UPG,30209
CGK,2666
KOE,3471
BPN,8387
BTW,1638
CGK,96708
HMS,
KBU,3204
PKY,10
SRG,18468
SUB,68279
UPG,1625
YIA,9006
BPN,4902
DPS,28343
JOG,2664
KNO,16232
PLM,6
SUB,62
BPN,17999
DJJ,16467
UPG,14428
KOE,3437
LBJ,1782
CGK,18819
DPS,15767
CGK,46399
DPS,3178
LOP,7679
UPG,577
DPS,35246
CGK,113147
DPS,8024
LNU,1333
PKY,
PLW,145
SRG,7111
SUB,
TJS,2883
TRK,14544
TRT,243
UPG,34901
YIA,25048
CGK,99038
DJB,1411
KNO,46994
LMU,1099
NTX,
PDG,20272
PKU,28665
PLM,27096
PNK,4763
SRG,791
SUB,30026
SZB,2382
YIA,1111
CGK,
KNO,
KUL,2222
UPG,752
CGK,1343
CGK,9523
SUB,565
SOQ,8141
CGK,2123
CMB,16752
CTU,784
DJB,70816
DJJ,
DOH,
DPS,380157
DTB,
DXB,45043
FOC,1732
GTO,7403
HGH,1011
HKG,6095
HND,7246
ICN,29825
IST,30015
JED,97856
JHB,4119
KDI,25485
KNO,239572
KOE,17015
KUL,99926
LBJ,16755
LLJ,
LOP,
MCT,9866
MDC,41978
MED,19596
MLG,12197
MNL,10957
NKG,343
NRT,
PDG,116472
PEK,666
PEN,11829
PGK,68144
PKU,
PKY,33126
PLM,119751
PLW,22787
PNK,125393
SIN,194606
SMQ,
SOC,
SOQ,17545
SRG,79159
SUB,203739
SYD,12954
TJQ,36892
TKG,56988
TNJ,19039
TPE,17702
TRK,8669
TTE,14354
UPG,217827
XMN,367
YIA,112497
DJJ,
DPS,4582
MKQ,12419
MKW,4641
NBX,4373
OKL,3097
SOQ,6832
TIM,23431
TMH,1683
UPG,19974
WMX,20152
ZRI,1004
LUV,907
DPS,24231
DRW,7931
DXB,38531
HAN,10633
ICN,20046
IST,7953
KOE,
KUL,92334
LBJ,26723
LOP,
MEL,70618
MNL,14928
NRT,40
PEN,542
SIN,144273
SOC,19623
SRG,256
SUB,
SYD,38794
TMC,10239
TPE,3239
UPG,43292
WGP,2978
YIA,21201
KOE,5274
LBJ,3518
MKQ,90
TIM,
KNO,4111
KNO,16272
UPG,17933
SUB,938
JOG,10581
KNO,25259
MLG,23736
PDG,
PKU,
PLM,17594
SOC,
SRG,14026
SUB,57103
TKG,1254
UPG,3205
YIA,21005
SUB,3291
SUB,2546
UPG,2615
UPG,53194
MKQ,694
MKW,498
SOQ,1932
KUL,47076
LSW,
MEQ,1186
PDG,3891
PEN,39249
PKU,14468
PLM,922
SIN,
SNB,923
TXE,265
YIA,11153
LBJ,2918
LKA,1614
LWE,
MOF,7474
RTG,154
SUB,37942
TMC,4286
WGP,4852
PNK,9963
SRG,723
LOP,9455
PDG,2908
PKU,5325
SUB,31457
UPG,2899
YIA,4979
UPG,4649
TTE,1749
SUB,7789
UPG,91
TRK,227
SIN,1275
SUB,49368
SWQ,5122
YIA,880
MDC,495
PLW,921
UPG,11274
NAH,783
SIN,
SOQ,5924
SUB,8307
TTE,6226
UPG,29349
UPG,3713
TMH,606
UPG,
NBX,1209
SOQ,34052
PKU,
NAH,554
UPG,1468
PLW,1116
UPG,5121
TIM,
SOQ,62
TTE,796
PKU,16
SUB,2526
PLM,
TJQ,16097
SIN,855
YIA,14288
SUB,13237
SUB,3974
TLI,244
UPG,
PSU,1427
SOC,793
SQG,909
SUB,20535
YIA,6648
UPG,664
SUB,39026
UPG,668
YIA,1885
SUB,6706
UPG,
TTE,502
UPG,12835
TRK,8708
UPG,101894
UPG,27393
TRK,8
UPG,5747
UPG,1365
UPG,26647
YIA,26358
BEJ,4154
CGK,21743
SUB,19845
YIA,3171
KOE,1121
CGK,2521
DPS,8845
CGK,12066
DOB,1071
LUV,8907
NAM,1649
NRE,851
SOQ,1832
SQN,173
SXK,3311
TTE,2422
UPG,30265
CGK,2182
KOE,3796
BPN,
BTW,1669
CGK,91241
HMS,1773
KBU,2956
PKY,5
SRG,
SUB,75657
UPG,213
YIA,9129
BPN,5074
DPS,25053
JOG,2795
KNO,16129
SUB,6
BPN,20955
DJJ,17067
UPG,14406
KOE,
LBJ,
CGK,25041
DPS,11269
CGK,42646
DPS,3261
LOP,7266
UPG,502
DPS,28181
CGK,120057
DPS,6152
LNU,1527
PKY,1025
SRG,7091
SUB,
TJS,2946
TRK,19069
TRT,202
UPG,35331
YIA,27092
CGK,96848
DJB,1353
KNO,
LMU,1263
NTX,4337
PDG,20353
PKU,26922
PLM,26691
PNK,4369
SRG,5302
SUB,30373
SZB,2095
YIA,7163
CGK,18691
KNO,
KUL,2091
PEN,
UPG,795
CGK,
CGK,8269
SUB,49
SOQ,2687
CGK,5937
CMB,14377
CTU,590
DJB,
DJJ,11385
DOH,35685
DPS,360217
DTB,26044
DXB,42942
FOC,2577
GTO,7671
HGH,1411
HKG,8985
HND,
ICN,
IST,
JED,
JHB,3494
KDI,26315
KNO,240438
KOE,16543
KUL,95699
LBJ,13306
LLJ,4312
LOP,
MCT,14915
MDC,40548
MED,35678
MEL,818
MLG,11545
MNL,11843
NRT,24617
PDG,123524
PEK,342
PEN,4409
PGK,66783
PKU,115831
PKY,34488
PLM,122339
PLW,26934
PNK,119858
SIN,
SMQ,2143
SOC,53343
SOQ,16632
SRG,75436
SUB,203324
SYD,18749
SZX,1836
TJQ,33352
TKG,50725
TNJ,16897
TPE,
TRK,8282
TTE,14783
UPG,230212
XMN,1684
YIA,121673
DJJ,
DPS,3976
KNO,129
MKQ,13399
MKW,5032
NBX,4848
OKL,2148
SOQ,6976
TIM,24932
TMH,1698
UPG,
WMX,
ZRI,
LUV,1023
DPS,20449
DRW,9199
DXB,29529
HAN,7803
ICN,18096
IST,
KOE,8921
KUL,59866
LBJ,20549
LOP,15666
MEL,58733
MNL,11838
NRT,2368
PEN,1594
SIN,160794
SOC,19812
SRG,299
SUB,82784
SYD,35676
TMC,9223
TPE,3377
UPG,39714
WGP,2421
YIA,24464
KOE,6927
LBJ,3296
MKQ,74
TIM,253
KNO,4106
KNO,18428
UPG,17919
SUB,1074
JOG,10584
KNO,24891
MLG,23708
PDG,7987
PKU,7387
PLM,
PWL,571
SOC,12466
SRG,14456
SUB,56027
TKG,5077
UPG,5905
YIA,24012
SUB,4061
SUB,2402
UPG,2482
UPG,
MKQ,904
MKW,458
SOQ,2579
KUL,46831
LSW,3305
MEQ,1303
PDG,3406
PEN,38726
PKU,
PLM,213
SIN,12605
TXE,297
YIA,11451
LBJ,3307
LKA,
LWE,1775
MOF,7919
RTG,1087
SUB,36954
TMC,3917
WGP,5465
UPG,124
PNK,10084
SRG,719
LOP,9088
PDG,3957
PKU,6595
SUB,33519
UPG,2864
YIA,4897
UPG,5474
TTE,1801
SUB,5146
TRK,320
SIN,2234
SUB,
SWQ,
YIA,6843
MDC,640
PLW,833
UPG,12475
NAH,663
SIN,3422
SOQ,5634
SUB,8794
TTE,5893
UPG,
UPG,
TMH,507
UPG,4058
NBX,921
SOQ,35642
PKU,2195
NAH,398
UPG,
PLW,970
UPG,5073
TIM,3175
SOQ,67
TTE,875
PKU,10
SUB,3447
PLM,16103
TJQ,17137
SIN,2402
YIA,15521
SUB,13707
SUB,4172
TLI,221
UPG,33067
PSU,1305
SOC,1227
SQG,1078
SUB,22338
YIA,6313
UPG,374
SUB,42247
UPG,2294
YIA,3166
SUB,6605
UPG,41995
TTE,587
UPG,12435
TRK,7506
UPG,104493
UPG,28005
TRK,9
UPG,4599
UPG,1219
UPG,28505
YIA,29261
BEJ,3631
CGK,24394
SUB,
YIA,4255
KOE,1027
CGK,1694
DPS,13931
CGK,13636
DOB,993
LUV,9509
NAM,
NRE,754
SOQ,2473
SQN,138
SXK,3039
TTE,3228
UPG,30155
CGK,2627
KOE,3574
BPN,9621
BTW,1702
CGK,95295
HMS,1782
KBU,
PKY,4
SRG,
SUB,85035
YIA,10217
BPN,5578
DPS,32992
JOG,2678
KNO,20827
BPN,
DJJ,18337
UPG,14804
KOE,3645
LBJ,1977
CGK,27349
DPS,14883
CGK,50361
DPS,3008
LOP,7657
UPG,402
DPS,34075
CGK,132328
DPS,10653
LNU,1381
MJU,1064
PKY,1291
PLW,467
SRG,9082
SUB,92825
TJS,2332
TRK,
TRT,215
UPG,41893
YIA,
CGK,115393
DJB,1515
DTB,1436
KNO,55495
LMU,
NTX,4772
PDG,
PKU,31009
PLM,
PNK,8217
SRG,7003
SUB,31198
SZB,2785
YIA,8796
CGK,20246
KNO,15806
KUL,2248
PEN,2647
UPG,1176
CGK,2444
CGK,11418
SOQ,2248
CGK,8396
CMB,13544
CTU,1181
DJB,
DJJ,12828
DOH,35108
DPS,460495
DTB,27629
DXB,40837
FOC,3642
GTO,7607
HGH,1027
HKG,9643
HND,16257
ICN,32502
IST,16904
JED,80617
JHB,4284
KDI,26267
KNO,285369
KOE,17098
KUL,114766
LBJ,16689
LLJ,5081
LOP,82956
MCT,14623
MDC,43709
MED,25251
MEL,4016
MLG,12393
MNL,9933
NRT,31388
PDG,
PEK,497
PEN,7936
PGK,73648
PKU,134166
PKY,38401
PLM,121961
PLW,24021
PNK,134001
SIN,226098
SMQ,3814
SOC,51993
SOQ,17284
SRG,72431
SUB,213493
SYD,20284
SZX,
TIM,802
TJQ,
TKG,54389
TNJ,
TPE,29887
TRK,7673
TTE,15875
UPG,230764
WNZ,802
XMN,
YIA,133977
DPS,858
DJJ,3297
DPS,
MKQ,12703
MKW,8171
NBX,4783
OKL,3155
SOQ,9285
TIM,29964
TMH,2503
UPG,22421
WMX,28079
ZRI,1019
LUV,1164
DPS,31414
DRW,8407
DXB,38919
HAN,
HKG,2855
ICN,22603
IST,12639
KOE,10545
KUL,84414
LBJ,24248
LOP,18075
MEL,63093
MNL,12324
NRT,3772
PEN,2284
SIN,196516
SOC,25665
SRG,642
SUB,114258
SYD,40473
TMC,10312
TPE,4707
UPG,45439
WGP,2732
YIA,33143
KOE,8328
LBJ,3437
TIM,1317
KNO,4695
KNO,22028
MDC,158
UPG,17629
SUB,1491
JOG,9111
KNO,26505
MLG,25149
PDG,7772
PKU,7871
PLM,30784
PWL,732
SOC,11217
SRG,19746
SUB,54321
TKG,
UPG,5344
YIA,25701
SUB,4812
SUB,2304
UPG,2389
UPG,56435
MKQ,714
MKW,1229
SOQ,2
KUL,65949
LSW,2763
MEQ,1184
PDG,3583
PEN,50188
PKU,10952
SIN,14437
TXE,166
YIA,12369
LBJ,3497
LKA,2371
LWE,1536
MOF,8271
RTG,
SUB,38693
TMC,4985
WGP,7137
PNK,
SRG,878
LOP,8629
PDG,10812
PKU,12234
SUB,
UPG,5661
YIA,8959
UPG,
TTE,2412
SUB,8426
TRK,335
SIN,2402
SUB,54327
SWQ,5003
UPG,26
YIA,7558
MDC,449
PLW,556
UPG,13779
NAH,807
SIN,3871
SOQ,7866
SUB,
TTE,6808
UPG,33322
UPG,4334
TMH,641
UPG,7763
NBX,2686
SOQ,39536
UPG,6161
PKU,2523
NAH,581
UPG,1389
PLW,1414
UPG,8613
TIM,3019
SOQ,61
TTE,919
PKU,41
SUB,
PLM,17356
TJQ,
SIN,2797
YIA,18667
SUB,18342
SUB,5818
TLI,219
UPG,31684
PSU,1507
SOC,1755
SQG,1129
SUB,28112
YIA,6911
UPG,512
SUB,49017
UPG,3865
YIA,7506
SUB,3859
UPG,43225
TTE,595
UPG,12352
TRK,7059
UPG,108912
UPG,28696
TRK,1
UPG,6797
UPG,
UPG,29567
WNI,389
YIA,28728
BEJ,3314
CGK,23451
SUB,21923
YIA,2604
KOE,1044
DPS,18868
CGK,11849
DOB,551
LUV,5627
NAM,1195
NRE,773
SOQ,1869
SQN,207
SXK,2039
TTE,2446
UPG,24495
CGK,2043
KOE,2680
BPN,9685
BTW,1515
CGK,86412
HMS,2818
KBU,2737
SRG,19267
SUB,81584
YIA,7969
BPN,5107
DPS,29520
JOG,2282
KNO,19164
BPN,20566
DJJ,16776
UPG,14866
KOE,2906
LBJ,1762
CGK,23713
DPS,13005
CGK,44461
DPS,2611
LOP,6861
UPG,338
DPS,36418
CGK,121585
DPS,9307
LNU,1300
MJU,735
PKY,1414
PLW,607
SIN,217
SRG,6832
SUB,93402
TJS,1130
TRK,27356
TRT,191
UPG,42049
YIA,33274
CGK,109613
DJB,1377
DTB,2637
KNO,54231
LMU,1221
NTX,3298
PDG,27196
PKU,32125
PLM,27774
PNK,10910
SRG,5763
SUB,29082
SZB,2765
YIA,7069
CGK,19056
KNO,15035
KUL,6581
PEN,4300
UPG,960
CGK,1594
CGK,10488
SOQ,1722
CGK,10152
CMB,5320
CTU,611
DJB,75337
DJJ,9753
DOH,44599
DPS,392247
DTB,31250
DXB,40582
FOC,3402
GTO,7598
HKG,26871
HND,13155
ICN,31801
IST,23863
JED,81723
JHB,3659
KDI,24108
KNO,304372
KOE,15012
KUL,107533
LBJ,13213
LLJ,5272
LOP,64708
MCT,14650
MDC,38876
MED,30947
MEL,3407
MLG,10969
MNL,15244
NRT,27363
PDG,113444
PEK,872
PEN,12483
PGK,76571
PKU,121759
PKY,34917
PLM,119913
PLW,20329
PNK,151085
SIN,227699
SMQ,3888
SOC,48124
SOQ,16126
SRG,68400
SUB,219599
SYD,20181
SZX,1872
TJQ,37015
TKG,50471
TNJ,16653
TPE,28627
TRK,6249
TTE,12860
UPG,196410
XMN,4155
YIA,112896
DPS,3461
DJJ,5503
DPS,4735
MKQ,9246
MKW,7337
NBX,3582
OKL,1933
SOQ,8899
TIM,24991
TMH,2370
UPG,22948
WMX,25910
ZRI,767
LUV,614
DPS,40983
DRW,7479
DXB,24733
HAN,9546
HKG,11472
ICN,23525
IST,13714
KOE,9255
KUL,102429
LBJ,20227
LOP,16974
MEL,75420
MNL,24580
NRT,3304
PEN,1030
SIN,166942
SOC,22409
SRG,559
SUB,104065
SYD,58859
TMC,9210
TPE,22428
UPG,41204
WGP,1721
YIA,29925
KOE,7414
LBJ,3322
TIM,1356
KNO,4417
MDC,1094
KNO,20184
UPG,14759
SUB,5242
JOG,8775
KNO,26690
MLG,23206
PDG,8158
PKU,13470
PLM,32745
SOC,7104
SRG,17536
SUB,51899
TKG,3549
UPG,5240
YIA,22540
SUB,4790
SUB,1852
UPG,2053
UPG,52932
MKQ,1027
MKW,449
SOQ,1849
KUL,67222
LKI,669
LSW,2964
MEQ,1276
PDG,2460
PEN,52068
PKU,11556
SIN,15333
YIA,12192
LBJ,2496
LKA,1436
LWE,1261
MOF,6304
RTG,156
RTI,31
SAU,88
SUB,34993
TMC,2894
WGP,4916
PNK,10990
SRG,964
LOP,8627
PDG,13049
PKU,16628
SUB,38208
UPG,6209
YIA,11495
UPG,4990
TTE,2251
MOF,1355
SUB,6749
TMC,52
TRK,197
SIN,2319
SUB,52787
SWQ,4531
YIA,6525
MDC,422
PLW,314
UPG,12680
NAH,683
SIN,3584
SOQ,8529
SUB,9561
TTE,6794
UPG,32522
UPG,2714
TMH,1488
UPG,7535
NBX,2828
SOQ,32288
UPG,6436
PKU,2460
NAH,411
UPG,955
PLW,1606
UPG,10185
TIM,2486
SOQ,26
TTE,800
PKU,22
SUB,3417
PLM,16713
TJQ,14967
SIN,3001
YIA,17244
SUB,17237
SUB,5204
TLI,227
UPG,28515
PSU,1138
SOC,1300
SQG,1167
SUB,30529
YIA,9158
UPG,565
SUB,48203
UPG,5942
YIA,8200
SUB,3354
UPG,42130
TTE,737
UPG,11551
TRK,5243
UPG,109674
UPG,27656
TRK,11
UPG,7015
UPG,1559
UPG,27128
YIA,25738
BEJ,2622
CGK,24127
SUB,16335
YIA,516
KOE,1249
DPS,11796
CGK,10520
DOB,556
LUV,5199
NAM,1315
NRE,637
SOQ,1590
SQN,242
SXK,1759
TTE,1889
UPG,22256
CGK,1878
KOE,2320
BPN,10324
BTW,1447
CGK,83837
HMS,2869
KBU,2289
SRG,16272
SUB,74651
YIA,6564
BPN,4334
DPS,32627
JOG,2345
KNO,16911
BPN,19636
DJJ,14071
UPG,12191
KOE,2773
LBJ,1823
CGK,24781
DPS,10293
CGK,43375
DPS,2761
LOP,6742
UPG,389
DPS,30495
CGK,120922
DPS,7032
LNU,1152
MJU,1042
PKY,914
PLW,1019
SIN,2898
SRG,6257
SUB,87267
TJS,1433
TRK,28101
TRT,86
UPG,39472
YIA,29869
CGK,98824
DJB,627
DTB,2019
KNO,47885
LMU,1096
NTX,3144
PDG,24488
PKU,26366
PLM,25111
PNK,6366
SRG,4051
SUB,30597
SZB,2302
YIA,6316
CGK,18266
KNO,21965
KUL,5902
PEN,4772
UPG,687
CGK,1673
CGK,9816
SOQ,2149
CGK,9927
MDC,2529
CMB,8784
CTU,1510
DJB,70910
DJJ,7909
DOH,41786
DPS,316750
DTB,28491
DXB,39477
FOC,4863
GTO,9049
HKG,28688
HND,14821
ICN,29465
IST,22586
JED,86704
JHB,2910
KDI,23503
KNO,226362
KOE,12195
KUL,120326
LBJ,9991
LLJ,4617
LOP,65924
MCT,14648
MDC,32260
MED,28630
MEL,3071
MLG,11208
MNL,15908
NRT,25841
PDG,103959
PEK,1015
PEN,18001
PGK,60212
PKU,95727
PKY,29622
PLM,116839
PLW,20848
PNK,123484
SIN,212154
SMQ,2452
SOC,42649
SOQ,15486
SRG,69587
SUB,221366
SYD,15447
SZX,1446
TJQ,29884
TKG,49531
TNJ,15332
TPE,27510
TRK,6743
TTE,12449
UPG,195998
XMN,9570
YIA,113016
DPS,3876
DJJ,4237
DPS,4843
MKQ,8006
MKW,4656
NBX,3197
OKL,2528
SOQ,6860
TIM,20992
TMH,1392
UPG,19871
WMX,18854
ZRI,857
LUV,609
DPS,36297
DRW,6756
DXB,38069
HAN,10203
HKG,11224
ICN,21710
IST,11393
KOE,8300
KUL,102006
LBJ,19776
LOP,15946
MEL,62056
MNL,23732
NRT,2908
SIN,152855
SOC,19138
SRG,347
SUB,86418
SYD,51931
TMC,8055
TPE,17999
UPG,34681
WGP,1626
YIA,28105
KOE,5759
LBJ,2792
TIM,1334
KNO,4015
MDC,3335
KNO,17153
UPG,16140
SUB,5316
JOG,8024
KNO,23545
MLG,24341
PDG,7483
PKU,26752
PLM,33536
SOC,12066
SRG,20668
SUB,66144
TKG,1647
UPG,6194
YIA,24649
SUB,4701
SUB,1967
UPG,1560
UPG,54358
MKQ,719
MKW,325
SOQ,1838
KUL,56205
LKI,458
LSW,3208
MEQ,1278
PDG,2333
PEN,43959
PKU,12061
SIN,12518
YIA,11067
LBJ,1562
LKA,1460
LWE,1118
MOF,5674
RTI,61
SAU,212
SUB,29796
TMC,2432
WGP,3728
PNK,9582
SRG,620
LOP,8026
PDG,12224
PKU,13754
SUB,36554
UPG,5805
YIA,12808
UPG,5043
TTE,2412
MOF,718
SUB,1914
TRK,187
SIN,2100
SUB,48943
SWQ,4619
YIA,6235
MDC,330
PLW,352
UPG,12368
NAH,762
SIN,3299
SOQ,5904
SUB,9110
TTE,5468
UPG,28121
UPG,2909
TMH,816
UPG,6699
NBX,1353
SOQ,27527
PKU,2370
NAH,451
UPG,651
PLW,1469
UPG,11358
TIM,2185
SOQ,20
TTE,1013
PKU,37
SUB,3872
PLM,14699
TJQ,13846
SIN,2529
YIA,15237
SUB,12804
SUB,3522
TLI,251
UPG,25815
PSU,1092
SOC,1081
SQG,1200
SUB,25857
YIA,5372
UPG,408
SUB,43514
UPG,4665
YIA,9139
SUB,2618
UPG,34973
TTE,664
UPG,10081
TRK,814
UPG,95953
UPG,23027
TRK,16
UPG,4548
UPG,502
UPG,26601
YIA,23084
BEJ,3237
CGK,27063
SUB,16184
KOE,1698
DPS,13419
DPS,700
CGK,12157
DOB,1079
LUV,7484
NAM,1422
NRE,813
SOQ,1444
SQN,321
SXK,2387
TTE,2103
UPG,24719
CGK,2541
KOE,2629
BPN,12115
BTW,1481
CGK,93215
HMS,3102
KBU,2663
SRG,18785
SUB,75518
YIA,7591
BPN,5091
BTH,2009
DPS,36619
JOG,2074
KNO,15296
UPG,2565
BPN,20886
DJJ,16891
UPG,13823
KOE,3098
LBJ,1747
CGK,30574
DPS,11380
CGK,44185
DPS,3309
LOP,7181
UPG,692
DPS,32785
CGK,124007
DPS,8158
KUL,935
LNU,1093
MJU,925
PKY,1148
PLW,1253
SIN,2815
SRG,6878
SUB,90333
TJS,1319
TRK,29539
UPG,39287
YIA,27809
CGK,107878
DJB,814
DTB,1952
KNO,54783
LMU,1485
NTX,3457
PDG,26571
PKU,26787
PLM,26814
PNK,6881
SRG,4607
SUB,33395
SZB,2590
YIA,7063
CGK,21348
KNO,26202
KUL,6510
PEN,4500
UPG,857
CGK,1344
CGK,9386
SOQ,1655
CGK,11782
MDC,4575
CMB,11759
CTU,1313
DJB,76687
DJJ,9473
DOH,51192
DPS,351716
DTB,24911
DXB,42742
FOC,4977
GTO,9839
HKG,35169
HND,20388
ICN,31935
IST,22129
JED,90745
JHB,2781
KDI,25194
KNO,253979
KOE,9874
KUL,130871
LBJ,12756
LLJ,4772
LOP,75282
MCT,14303
MDC,37353
MED,23257
MEL,3105
MLG,11548
MNL,17879
NRT,30371
PDG,101522
PEK,1095
PEN,22621
PGK,72639
PKU,100852
PKY,32835
PLM,119703
PLW,22047
PNK,137603
PVG,2333
SIN,241100
SMQ,2795
SOC,45703
SOQ,17751
SRG,77484
SUB,240721
SYD,16291
SZX,3403
TFU,263
TJQ,35095
TKG,53699
TNJ,16288
TPE,30739
TRK,7975
TTE,14084
UPG,232070
XMN,13621
YIA,114407
DPS,4106
DJJ,949
DPS,5977
MKQ,8886
MKW,4451
NBX,3645
OKL,2649
SOQ,7643
TIM,24374
TMH,1513
UPG,20559
WMX,17556
ZRI,894
LUV,1062
DPS,41788
DRW,6209
DXB,46059
HAN,11439
HKG,12275
ICN,22518
IST,12833
KOE,10962
KUL,104316
LBJ,29582
LOP,20032
MEL,60794
MNL,25208
NRT,3208
OOL,589
PEN,109
SIN,186747
SOC,21833
SRG,233
SUB,93220
SYD,52859
TMC,9976
TPE,23203
UPG,36260
WGP,2082
XMN,7471
YIA,27785
KOE,7029
LBJ,2695
TIM,1562
KNO,4363
MDC,4043
KNO,19517
UPG,16542
SUB,7085
JOG,7864
KNO,25707
MLG,22054
PDG,11251
PKU,27614
PLM,34353
SOC,11429
SRG,18781
SUB,67794
TKG,1573
UPG,5152
YIA,23463
SUB,4998
SUB,1550
UPG,2120
UPG,60562
MKQ,569
MKW,339
SOQ,2382
KUL,56929
LSW,3238
MEQ,1332
PDG,2571
PEN,44601
PKU,11189
SIN,14734
YIA,8737
LBJ,3631
LKA,1833
LWE,1305
MOF,6628
RTG,163
RTI,227
SAU,281
SUB,37592
TMC,3742
WGP,5054
UPG,422
PNK,10994
SRG,703
LOP,9301
PDG,11824
PKU,13846
SUB,41413
UPG,5768
YIA,11045
UPG,5644
TTE,3242
MOF,828
TMC,41
TRK,205
SIN,2641
SUB,52626
SWQ,5076
YIA,7106
MDC,235
PLW,352
UPG,13135
NAH,745
NRT,1403
SIN,4404
SOQ,6087
SUB,10575
TTE,7371
UPG,28043
UPG,2909
TMH,1152
UPG,7575
NBX,935
SOQ,29068
PKU,2188
NAH,484
UPG,1318
PLW,1755
UPG,13012
TIM,2912
SOQ,18
TTE,830
PKU,12
SUB,4169
PLM,15637
TJQ,16182
SIN,2807
YIA,13832
SUB,15318
SUB,4463
TLI,197
UPG,30370
PSU,1410
SOC,1163
SQG,1208
SUB,28478
YIA,5208
UPG,802
SUB,46909
UPG,4935
YIA,10560
SUB,2457
UPG,36920
TTE,697
UPG,11741
TRK,1936
UPG,106489
UPG,27825
TRK,7
UPG,5592
UPG,999
UPG,31167
YIA,23990
BEJ,5118
CGK,20781
SUB,29864
YIA,7008
KOE,1156
DPS,24519
DPS,6192
CGK,14831
DOB,659
LUV,4927
NAM,1157
NRE,691
SOQ,2050
SQN,317
SXK,2070
TTE,2029
UPG,24357
CGK,4114
KOE,2993
BPN,9626
BTW,2037
CGK,84941
HMS,2860
KBU,2755
SRG,20917
SUB,78684
YIA,15021
BPN,10879
BTH,6964
DPS,36426
JOG,1199
KNO,15691
UPG,7538
BPN,19760
DJJ,14526
UPG,10966
KOE,3368
LBJ,2080
CGK,22541
DPS,12687
CGK,44056
DPS,3432
LOP,6385
UPG,879
DPS,33551
CGK,114841
DPS,10412
KUL,1749
LNU,961
MDC,6377
MJU,776
PKY,1430
PLW,1283
SIN,2842
SRG,11858
SUB,92843
TJS,979
TRK,25793
UPG,40423
YIA,34725
CGK,120342
DJB,1179
DTB,2057
KNO,54465
LMU,1168
NTX,3590
PDG,30582
PKU,32619
PLM,32313
PNK,8895
SRG,7365
SUB,29059
SZB,2207
YIA,7846
CGK,19665
KNO,23247
KUL,7507
PEN,2239
UPG,977
CGK,2010
CGK,9202
CGK,11153
DPS,548
MDC,3178
CMB,4836
DJB,79665
DJJ,9464
DOH,41716
DPS,373206
DTB,31890
DXB,32123
FOC,6228
GTO,8914
HKG,41036
HND,20905
ICN,29859
IST,23040
JED,71092
JHB,7861
KDI,22837
KNO,304452
KOE,10874
KUL,117199
LBJ,13555
LLJ,6360
LOP,68307
MCT,11069
MDC,34841
MED,12479
MEL,6550
MLG,11910
MNL,15038
NRT,25012
PDG,137059
PEK,2739
PEN,20981
PGK,84656
PKU,115981
PKY,31228
PLM,133719
PLW,19977
PNH,1368
PNK,135125
PVG,3045
RUH,1633
SIN,226693
SMQ,2888
SOC,60274
SOQ,14995
SRG,87690
SUB,233611
SYD,17025
SZX,4816
TAS,192
TFU,1424
TJQ,41050
TKG,58885
TNJ,17616
TPE,31355
TRK,7832
TTE,12388
UPG,197514
XMN,9066
YIA,118284
DPS,4078
DJJ,3251
DPS,5411
MKQ,9938
MKW,6051
NBX,3818
OKL,2372
SOQ,8220
TIM,22347
TMH,1259
UPG,20321
WMX,18122
ZRI,869
LUV,846
DPS,40298
DRW,6646
DXB,45884
HAN,10195
HKG,18421
ICN,22999
IST,12125
KOE,11747
KUL,109881
LBJ,34816
LOP,19055
MEL,69018
MNL,21721
NRT,2911
OOL,7446
PVG,2255
SIN,196857
SOC,21772
SRG,320
SUB,106478
SYD,52507
TMC,9563
TPE,29525
UPG,34449
WGP,2013
XMN,9932
YIA,27308
KOE,7162
LBJ,3045
TIM,1219
KNO,4042
MDC,3593
KNO,16000
UPG,17702
SUB,8704
JOG,6217
KNO,19583
MLG,19846
PDG,20996
PKU,25468
PLM,29519
SOC,13394
SRG,17369
SUB,55707
TKG,1762
UPG,6323
YIA,22121
SUB,4775
SUB,1135
UPG,2289
UPG,60870
WNI,512
MKQ,576
MKW,852
SOQ,1586
KUL,63440
LSW,2510
MEQ,1041
PDG,3227
PEN,51188
PKU,9266
SIN,15378
YIA,8968
LBJ,3590
LKA,1964
LWE,1292
MOF,7153
RTG,25
RTI,132
SAU,176
SUB,38928
TMC,3409
WGP,4206
UPG,310
PNK,9940
SRG,1226
LOP,9185
PDG,15073
PKU,17617
SUB,42664
UPG,7354
YIA,12777
UPG,5285
TTE,2887
MOF,1175
SUB,7311
TRK,222
SIN,2822
SUB,50433
SWQ,5385
YIA,7824
MDC,306
PLW,297
UPG,12291
NAH,680
NRT,1273
SIN,5126
SOQ,6938
SUB,11426
TTE,7002
UPG,27590
UPG,2450
TMH,1111
UPG,7321
NBX,1279
SOQ,22255
UPG,6144
PKU,1319
NAH,473
UPG,1534
PLW,1638
UPG,11568
TIM,3627
TTE,703
PKU,10
SUB,4106
PLM,17265
TJQ,16056
SIN,2385
YIA,18957
SUB,17500
SUB,9650
TLI,270
UPG,30356
PSU,1089
SOC,1754
SQG,591
SUB,27263
YIA,11206
UPG,920
SUB,52329
UPG,4603
YIA,13843
SUB,2100
UPG,29322
TTE,596
UPG,12824
TRK,9079
UPG,119644
UPG,22588
TRK,4
UPG,8763
UPG,580
UPG,27621
YIA,28423
BEJ,4975
CGK,26513
SUB,29301
YIA,4496
KOE,1541
DPS,13723
DPS,6642
CGK,19684
DOB,967
LUV,6670
NAM,1900
NRE,784
SOQ,1563
SQN,292
SXK,2455
TTE,2213
UPG,26399
CGK,4104
KOE,3361
BPN,10427
BTW,2109
CGK,109665
DPS,12
HMS,3413
KBU,3127
SRG,23244
SUB,97116
YIA,13652
BPN,12855
BTH,7514
DPS,34167
JOG,2335
KNO,12263
UPG,9596
BPN,22782
DJJ,14595
UPG,13730
KOE,3402
LBJ,2499
CGK,30186
DPS,16104
CGK,51689
DPS,3697
LOP,6943
UPG,1050
DPS,32631
CGK,149171
DPS,15732
GHS,357
KUL,2126
LNU,1834
MDC,6794
MJU,686
PKY,1351
PLW,2140
SIN,3583
SRG,10335
SUB,125400
TJS,2489
TRK,29723
UPG,44260
YIA,38582
CGK,128423
DJB,1098
DTB,1849
KNO,55730
LMU,1342
NTX,4521
PDG,33560
PKU,31130
PLM,30947
PNK,9160
SRG,8564
SUB,32876
SZB,2831
YIA,9073
CGK,26036
KNO,25165
KUL,8960
PEN,4407
UPG,1141
CGK,2236
CGK,12286
CGK,14825
DPS,4730
MDC,3095
CMB,9004
DJB,89247
DJJ,14573
DOH,54168
DPS,392707
DTB,27929
DXB,43825
FOC,6053
GTO,11060
HKG,44067
HND,22127
ICN,37192
IST,23682
JED,55558
JHB,7422
KDI,28244
KNO,323983
KOE,15717
KUL,145792
LBJ,16629
LLJ,7987
LOP,84118
MCT,13306
MDC,45225
MED,28028
MEL,8489
MLG,11993
MNL,16830
NRT,28893
PDG,152807
PEK,4293
PEN,23145
PGK,81847
PKU,126083
PKY,40424
PLM,140855
PLW,26458
PNH,4300
PNK,148426
PVG,7965
RUH,6206
SIN,252659
SMQ,2636
SOC,68770
SOQ,15911
SRG,101196
SUB,288809
SYD,16423
SZX,6187
TAS,1174
TFU,2165
TJQ,42553
TKG,78772
TNJ,17377
TPE,30803
TRK,8206
TTE,15385
UPG,235305
XMN,10623
YIA,148363
DPS,4188
DJJ,5012
DPS,4973
MKQ,12073
MKW,5400
NBX,4324
OKL,2576
SOQ,9465
TIM,22286
TMH,1476
UPG,26042
WMX,22540
ZRI,1086
LUV,1094
DPS,43579
DRW,7040
DXB,46191
HAN,10492
HKG,25442
ICN,22868
IST,12726
KOE,12362
KUL,123119
LBJ,40443
LOP,21497
MEL,73167
MNL,20190
NRT,2665
OOL,4795
PVG,4354
SIN,218700
SOC,25793
SRG,458
SUB,113002
SYD,53810
TMC,11625
TPE,31841
UPG,43230
WGP,2932
XMN,10887
YIA,35700
KOE,9364
LBJ,3544
MKQ,55
TIM,1631
KNO,4423
MDC,3769
KNO,20695
UPG,21228
SUB,10170
JOG,9158
KNO,31494
MLG,24730
PDG,15237
PKU,30086
PLM,38404
SOC,15405
SRG,23337
SUB,80196
TKG,3044
UPG,7382
YIA,31896
SUB,5105
SUB,2041
UPG,812
UPG,66274
WNI,965
MKQ,562
KUL,887
MKW,1243
SOQ,1959
KUL,59378
LKI,1380
LSW,3025
MEQ,1519
PDG,4338
PEN,42811
PKU,10354
SIN,18842
TXE,152
YIA,9129
LBJ,1499
LKA,3170
LWE,1302
MOF,7213
RTG,1004
RTI,207
SAU,309
SUB,43558
TMC,4770
WGP,4139
UPG,5
PNK,10939
SRG,837
LOP,9523
PDG,18838
PKU,16932
SUB,48263
UPG,8467
YIA,16971
UPG,5547
TTE,2981
MOF,1116
SUB,10120
TRK,173
SIN,5156
SUB,56619
SWQ,6283
YIA,8637
MDC,361
PLW,389
UPG,14403
NAH,870
NRT,1671
SIN,5406
SOQ,6933
SUB,11716
TTE,7415
UPG,35509
UPG,3827
TMH,947
UPG,8779
NBX,2343
SOQ,26554
UPG,9571
PKU,1658
NAH,601
UPG,2053
PLW,2169
UPG,13751
TIM,4757
SOQ,62
TTE,1180
PKU,16
SUB,4089
PLM,19799
TJQ,19370
SIN,4730
YIA,19037
SUB,20208
SUB,9086
TLI,134
UPG,34418
PSU,1361
SOC,1333
SQG,1138
SUB,32322
YIA,10351
UPG,871
SUB,61602
UPG,6120
YIA,17827
SUB,2719
UPG,34954
TTE,602
UPG,13313
TRK,9011
UPG,139797
UPG,26309
TRK,5
UPG,8643
UPG,1454
UPG,36993
YIA,35357
BEJ,4975
CGK,23306
SUB,24600
YIA,5166
KOE,1541
DPS,16078
DPS,8405
CGK,20858
DOB,967
LUV,6670
NAM,1900
NRE,781
SOQ,1563
SQN,351
SXK,2455
TTE,2213
UPG,23688
CGK,4397
KOE,3361
BPN,9922
BTW,2095
CGK,90520
HMS,3413
KBU,3127
SRG,18829
SUB,79754
YIA,10295
BPN,12979
BTH,7121
DPS,50321
JOG,2335
KNO,16102
UPG,8800
BPN,22367
DJJ,14459
UPG,12338
KOE,3402
LBJ,2499
CGK,30248
DPS,16390
CGK,48058
DPS,3697
LOP,6943
UPG,1050
DPS,34584
CGK,142276
DPS,22210
GHS,357
KUL,2365
LNU,1834
MDC,6971
MJU,675
PKY,1351
PLW,2140
SIN,3448
SRG,9655
SUB,98131
TJS,2489
TRK,29460
UPG,36221
YIA,35705
CGK,117687
DJB,1098
DTB,2601
KNO,54346
LMU,1342
NTX,4333
PDG,30786
PKU,28210
PLM,28465
PNK,12401
SRG,7586
SUB,30707
SZB,3149
YIA,8758
CGK,24877
KNO,27002
KUL,9745
PEN,3846
UPG,1141
CGK,1546
CGK,13266
CGK,14630
DPS,4816
MDC,2931
CMB,5463
DJB,80301
DJJ,12566
DOH,51842
DPS,453127
DTB,34116
DXB,40752
FOC,5848
GTO,9623
HKG,45203
HND,22979
ICN,34687
IST,22931
JED,29344
JHB,8320
KCH,2043
KDI,24452
KNO,302369
KOE,17622
KUL,167327
LBJ,20079
LLJ,6365
LOP,74097
MCT,12841
MDC,46350
MED,986
MEL,10463
MLG,12051
MNL,16390
NRT,27826
PDG,151583
PEK,3784
PEN,23096
PGK,78820
PKU,118494
PKY,37252
PLM,132258
PLW,23274
PNH,2598
PNK,137578
PVG,13025
RUH,7570
SIN,255235
SMQ,3358
SOC,55842
SOQ,14653
SRG,85291
SUB,277728
SYD,19385
SZX,5253
TAS,1218
TFU,2472
TJQ,42697
TKG,77070
TNJ,17472
TPE,32378
TRK,8072
TTE,13488
UPG,221316
XMN,9510
YIA,134532
DPS,4343
DJJ,4972
DPS,5517
MKQ,11195
MKW,6043
NBX,4324
OKL,2078
SOQ,9846
TIM,22719
TMH,1854
UPG,23804
WMX,23438
ZRI,1211
LUV,1094
DPS,46070
DRW,8299
DXB,55970
HAN,10070
HKG,26631
ICN,24230
IST,13008
KOE,12495
KUL,136349
LBJ,43360
LOP,22205
MEL,84102
MNL,20204
NRT,3717
OOL,6272
PVG,5631
SIN,222371
SOC,28743
SRG,458
SUB,117667
SYD,59127
TMC,10890
TPE,32846
UPG,45062
WGP,2932
XMN,9284
YIA,38919
KOE,10157
LBJ,3544
MKQ,28
TIM,1631
KNO,4375
MDC,2822
KNO,21117
UPG,19030
SUB,9704
JOG,9706
KNO,30545
MLG,24277
PDG,15625
PKU,28700
PLM,36962
SOC,13922
SRG,19155
SUB,71280
TKG,294
UPG,6353
YIA,26567
SUB,4713
SUB,2041
UPG,812
UPG,60103
WNI,1036
MKQ,787
KUL,1489
MKW,1243
SOQ,1959
KUL,69148
LKI,104
LSW,3025
MEQ,1519
PDG,4338
PEN,48462
PKU,10284
SIN,20773
TXE,152
YIA,7301
LBJ,2127
LKA,3170
LWE,1302
MOF,7568
RTG,1004
RTI,196
SAU,323
SUB,45362
TMC,4730
WGP,4487
PNK,10939
SRG,837
LOP,9470
PDG,20833
PKU,19170
SUB,44524
UPG,9872
YIA,18998
UPG,5547
TTE,2981
MOF,1116
SUB,10643
TRK,186
SIN,5716
SUB,60645
SWQ,6283
YIA,8809
MDC,361
PLW,389
UPG,13173
NAH,870
NRT,1590
SIN,5287
SOQ,7579
SUB,10355
TTE,7415
UPG,35628
UPG,3827
TMH,864
UPG,9328
NBX,2343
SOQ,26480
UPG,8220
PKU,1759
NAH,601
UPG,2053
PLW,2169
UPG,13751
TIM,4757
SOQ,52
TTE,1180
PKU,24
SUB,4141
PLM,17869
TJQ,17383
SIN,5847
YIA,17584
SUB,17453
SUB,9285
TLI,134
UPG,31172
PSU,1361
SOC,1281
SQG,1138
SUB,30159
YIA,8210
UPG,871
SUB,63816
UPG,6404
YIA,21085
SUB,2719
UPG,36475
TTE,683
UPG,9633
TRK,7935
UPG,118207
UPG,25207
UPG,2646
UPG,1454
UPG,33835
YIA,28810
BEJ,6883
CGK,24950
SUB,33066
YIA,8871
KOE,1573
DPS,30221
DPS,11990
CGK,21954
DOB,833
LUV,6194
NAM,1982
NRE,978
SOQ,1966
SQN,371
SXK,2703
TTE,2048
UPG,24464
CGK,5138
KOE,3585
BDO,4402
BPN,11865
BTW,2706
CGK,101040
HMS,3883
KBU,2668
SRG,25506
SUB,93169
YIA,16933
BPN,13788
BTH,7602
DPS,52743
JOG,2451
KNO,15811
PLM,4746
UPG,9577
BPN,23547
DJJ,14804
UPG,13538
KOE,4293
LBJ,3586
CGK,33465
DPS,18186
CGK,49016
DPS,4090
LOP,8062
UPG,1272
DPS,36120
CGK,152470
DPS,19033
GHS,968
KUL,2826
LNU,1643
MDC,6552
MJU,956
PKY,1364
PLW,2216
SIN,4017
SRG,11173
SUB,94998
TJS,2453
TRK,37507
UPG,48538
YIA,37816
CGK,127371
DJB,1000
DTB,2350
KNO,56581
LMU,1624
NTX,4790
PDG,32773
PKU,32424
PLM,28173
PNK,11659
SRG,8356
SUB,34600
SZB,3182
YIA,9142
CGK,29843
KNO,27482
KUL,11986
PEN,3113
UPG,2168
CGK,2715
CGK,13974
SOQ,206
CGK,17004
DPS,11553
MDC,4983
CMB,6281
DJB,89122
DJJ,14953
DOH,54814
DPS,501516
DTB,26898
DXB,44083
FOC,7827
GTO,11238
HKG,44935
HND,24764
ICN,36773
IST,24791
JED,44085
JHB,9444
KCH,3890
KDI,28692
KMG,3607
KNO,338512
KOE,19182
KUL,194054
LBJ,27566
LLJ,8009
LOP,87876
MCT,13684
MDC,52410
MED,3120
MEL,13162
MLG,13935
MNL,18422
NRT,28424
PDG,148612
PEK,4926
PEN,25814
PGK,84135
PKU,134687
PKY,41220
PLM,138123
PLW,26727
PNH,2723
PNK,139860
PVG,14823
RUH,7365
SIN,290907
SMQ,4090
SOC,53739
SOQ,15648
SRG,91264
SUB,292567
SYD,21804
SZX,7534
TAS,1538
TFU,2618
TJQ,42135
TKG,84533
TNJ,19050
TPE,32960
TRK,8554
TTE,15075
UPG,241785
XMN,9412
YIA,140947
DPS,4467
DJJ,5345
DPS,9315
MKQ,12078
MKW,6315
NBX,4261
OKL,2370
SOQ,10590
TIM,22988
TMH,1718
UPG,27984
WMX,23082
ZRI,1241
LUV,920
DPS,61397
DRW,7403
DXB,60904
HAN,11559
HKG,29009
ICN,26163
IST,13036
KOE,13136
KUL,143460
LBJ,46851
LOP,28275
MEL,92179
MNL,25934
NRT,4058
OOL,8561
POM,321
PVG,12289
SIN,246027
SOC,29769
SUB,131057
SYD,67402
TMC,13154
TPE,34627
UPG,52705
WGP,3039
XMN,11953
YIA,40957
KOE,7886
LBJ,3991
MKQ,72
TIM,1005
KNO,4417
MDC,3376
KNO,18814
UPG,20736
SUB,11726
JOG,10794
KNO,22606
MLG,26429
PDG,18688
PKU,24622
PLM,41959
SOC,16802
SRG,24923
SUB,72371
UPG,7095
YIA,28657
SUB,6786
SUB,1866
UPG,67305
WNI,1053
MKQ,879
KUL,2317
MKW,397
SOQ,1886
KUL,67056
LKI,1520
LSW,3166
MED,471
MEQ,1421
PDG,3207
PEN,48189
PKU,10606
PLM,3687
SIN,20829
YIA,9519
LBJ,278
LKA,2838
LWE,1506
MOF,8518
RTG,1399
RTI,231
SAU,396
SUB,47790
TMC,5362
WGP,3151
PNK,11222
SRG,1071
LOP,10139
PDG,22424
PKU,19728
SUB,53317
UPG,9265
YIA,21551
UPG,6585
TTE,3031
MOF,1302
SUB,11554
TRK,209
SIN,6201
SUB,66857
SWQ,4980
YIA,9933
MDC,542
PLW,553
UPG,15053
NAH,615
NRT,1531
SIN,6102
SOQ,7830
SUB,11108
TTE,7495
UPG,37058
UPG,3880
TMH,794
UPG,10433
NBX,2843
SOQ,28158
UPG,11071
PKU,1203
NAH,372
UPG,2791
PLW,2801
UPG,13431
TIM,4666
SOQ,82
TTE,638
PKU,38
SUB,7021
PLM,17024
TJQ,17587
TTE,230
SIN,6387
TNJ,292
YIA,21021
SUB,21579
SUB,9535
YIA,4522
UPG,37476
PSU,1129
SOC,5882
SQG,1229
SUB,32324
YIA,10156
UPG,597
SUB,68049
UPG,7604
YIA,22623
SUB,3016
UPG,40973
TTE,647
UPG,12322
TRK,10416
UPG,139821
UPG,28273
TRK,3
UPG,193
UPG,1613
UPG,40738
YIA,41686
BEJ,5988
CGK,25426
SUB,22555
YIA,7969
KOE,1394
DPS,18262
DPS,7537
CGK,21669
DOB,875
LUV,6522
NAM,2504
NRE,1012
SOQ,1821
SQN,266
SXK,2992
TTE,1917
UPG,20014
CGK,4906
KOE,3568
BDO,1663
BPN,11047
BTW,2606
CGK,99272
HMS,3607
KBU,1653
SRG,18177
SUB,75073
YIA,10685
BPN,11839
BTH,3619
DPS,37739
JOG,1282
KNO,9590
PLM,1637
UPG,8103
BPN,20068
DJJ,14165
UPG,12006
KOE,3725
LBJ,3264
CGK,29876
DPS,17534
CGK,46164
DPS,3921
LOP,7785
UPG,624
DPS,34852
CGK,7244
CGK,140853
DPS,18040
GHS,959
KUL,2718
LNU,1223
MDC,5596
MJU,110
PKY,1074
PLW,1590
SIN,3207
SRG,10882
SUB,66983
TJS,1630
TRK,30367
TRT,119
UPG,36616
YIA,30004
CGK,106062
DJB,128
DTB,1749
KNO,49987
LMU,1580
NTX,4089
PDG,26948
PKU,24902
PLM,24974
PNK,9610
SRG,5495
SUB,31995
SZB,2613
YIA,7966
CGK,28840
KNO,20895
KUL,9717
PEN,3207
UPG,1459
CGK,1612
CGK,12999
CGK,16775
DPS,11443
MDC,6624
CMB,10294
DJB,77354
DJJ,13726
DOH,58324
DPS,442890
DTB,22751
DXB,42351
FOC,8299
GTO,11306
HKG,41460
HND,23937
ICN,35670
IST,25271
JED,112980
JHB,7772
KCH,4361
KDI,28273
KMG,3664
KNO,279809
KOE,15756
KUL,162954
LBJ,32272
LLJ,8342
LOP,82478
MCT,14983
MDC,51372
MED,19524
MEL,8925
MLG,13404
MNL,16540
NRT,25397
PDG,118462
PEK,5152
PEN,24472
PGK,67152
PKU,116837
PKY,37328
PLM,121619
PLW,25935
PNH,1062
PNK,134889
PVG,14189
RUH,9646
SIN,255973
SMQ,2964
SOC,46002
SOQ,14779
SRG,95784
SUB,269432
SYD,17083
SZX,9921
TAS,1824
TFU,2765
TJQ,34867
TKG,81360
TNJ,18150
TPE,32261
TRK,8637
TTE,13950
UPG,205789
XMN,10194
YIA,117023
DPS,4367
DJJ,4450
DPS,9890
MKQ,10398
MKW,4835
NBX,4337
OKL,2740
SOQ,9352
TIM,19178
TMH,1642
UPG,21599
WMX,21398
ZRI,1088
LUV,882
DPS,61776
DRW,7401
DXB,60147
HAN,15099
HKG,28221
ICN,28424
IST,13101
KNO,5000
KOE,12358
KUL,141992
LBJ,54902
LOP,26073
MEL,88684
MNL,25092
NRT,6434
OOL,4972
POM,272
PVG,12718
SIN,249236
SOC,24765
SUB,111818
SYD,63724
SZX,402
TMC,12031
TPE,34948
UPG,42443
WGP,3231
XMN,12989
YIA,42196
KOE,7226
LBJ,4017
TIM,334
KNO,4164
MDC,4234
KNO,16563
UPG,17003
SUB,10578
JOG,10965
KNO,20258
MLG,25166
PDG,17536
PKU,21742
PLM,39296
SOC,20162
SRG,22344
SUB,78346
UPG,6865
YIA,21218
SUB,5358
SUB,1206
UPG,60430
WNI,1067
MKQ,165
KUL,2046
SOQ,2106
KUL,60355
LKI,1324
LSW,3047
MAA,225
MEQ,1180
PDG,2219
PEN,48045
PKU,9555
PLM,5200
SIN,18804
YIA,9130
LKA,2743
LWE,1425
MOF,7571
RTG,1137
RTI,14
SAU,59
SUB,41431
TMC,4314
WGP,2744
PNK,11023
SRG,578
LOP,11253
PDG,19646
PKU,21299
SUB,51075
UPG,8063
YIA,19541
UPG,5329
TTE,3418
MOF,1258
SUB,10435
TRK,46
SIN,5747
SUB,61368
SWQ,4343
YIA,8391
MDC,640
PLW,647
UPG,14153
MNA,5
NAH,789
NRT,2192
SIN,5498
SOQ,7023
SUB,10815
TTE,7114
UPG,27702
UPG,4007
TMH,851
UPG,8241
NBX,1276
SOQ,21113
UPG,10013
PKU,127
NAH,589
UPG,1809
PLW,3824
UPG,12353
TIM,4769
SOQ,7
TTE,373
SUB,8400
PLM,14736
TJQ,15278
SIN,4946
YIA,18770
SUB,18219
SUB,8041
YIA,7287
UPG,33653
PSU,1149
SOC,2436
SQG,1159
SUB,29303
YIA,9148
UPG,132
SUB,56431
UPG,6167
YIA,18871
SUB,2436
UPG,29480
TTE,484
UPG,10449
TRK,8284
UPG,115719
UPG,24236
TRK,2
UPG,1456
UPG,34380
YIA,34355
BEJ,3954
CGK,25144
SUB,17892
YIA,7593
KOE,1187
DPS,24241
DPS,7669
CGK,22619
DOB,843
LUV,6162
NAM,1801
NRE,853
SOQ,1805
SQN,302
SXK,2810
TTE,2130
UPG,19334
CGK,5164
KOE,3466
BDO,627
BPN,10644
BTW,2218
CGK,97097
HMS,3667
KBU,2656
SRG,19345
SUB,77818
YIA,10198
BPN,11129
BTH,2932
DPS,36478
JOG,1011
KNO,9605
PLM,599
UPG,8586
BPN,14927
CGK,4409
SUB,5483
DJJ,14144
UPG,12165
KOE,3253
LBJ,3060
CGK,30039
DPS,16793
CGK,44013
DPS,3654
LOP,7891
UPG,661
DPS,35095
CGK,8172
CGK,122901
DPS,16974
GHS,858
KUL,1965
LNU,1156
MDC,4113
PKY,999
PLW,1234
SIN,3509
SRG,9819
SUB,73244
TJS,1127
TRK,28874
TRT,893
UPG,37846
YIA,28435
CGK,103038
DTB,2078
KNO,50949
LMU,1549
NTX,4046
PDG,25138
PKU,24524
PLM,23944
PNK,7830
SRG,4957
SUB,30534
SZB,2782
YIA,7318
CGK,26537
KNO,18238
KUL,9081
PEN,3280
UPG,1262
CGK,2275
CGK,12331
SUB,1192
CGK,16248
DPS,11211
MDC,8666
CMB,8824
DJB,77065
DJJ,13684
DOH,62319
DPS,411534
DTB,23393
DXB,43262
FOC,7592
GTO,11227
HKG,42918
HND,24072
ICN,35034
IST,24579
JED,81104
JHB,7985
KCH,3928
KDI,29162
KMG,3821
KNO,249715
KOE,15969
KUL,158965
LBJ,27028
LLJ,7546
LOP,71784
MCT,13560
MDC,49846
MED,44196
MEL,9443
MLG,14404
MNL,17000
NRT,26390
PDG,110403
PEK,7168
PEN,25839
PGK,65890
PKU,111165
PKY,38173
PLM,124089
PLW,25323
PNH,2193
PNK,119083
PVG,14768
RUH,2651
SIN,247194
SMQ,2500
SOC,46749
SOQ,14600
SRG,88906
SUB,253606
SYD,18041
SZX,9749
TAS,1362
TFU,3677
TJQ,33629
TKG,77800
TNJ,17743
TPE,28047
TRK,8728
TTE,13316
UPG,203112
XMN,12170
YIA,112482
DPS,4336
DJJ,4521
DPS,9993
MKQ,10096
MKW,5038
NBX,4747
OKL,1977
SOQ,7821
TIM,19432
TMH,1437
UPG,18300
WMX,20437
ZRI,1146
LUV,885
DPS,59492
DRW,7196
DXB,58483
HAN,15801
HKG,25614
ICN,24698
IST,13107
KNO,5232
KOE,11482
KUL,128946
LBJ,45355
LOP,21845
MEL,86368
MNL,24033
NRT,7377
OOL,7176
POM,290
PVG,12139
SIN,235993
SOC,26407
SRG,1218
SUB,109166
SYD,65669
TMC,9641
TPE,35098
UPG,39094
WGP,3165
XMN,10079
YIA,38307
KOE,6047
LBJ,4056
TIM,391
KNO,3856
MDC,3213
KNO,15150
UPG,16517
SUB,13256
JOG,9955
KNO,22743
MLG,23959
PDG,15909
PKU,20572
PLM,35768
SOC,16355
SRG,20147
SUB,78185
UPG,5587
YIA,19206
SUB,5610
SUB,1283
UPG,65455
WNI,1163
MKQ,167
KUL,2059
SOQ,2417
KUL,55588
LKI,1018
LSW,2908
MEQ,1227
PDG,1505
PEN,45032
PKU,9148
PLM,4176
SIN,20061
YIA,8583
LKA,3024
LWE,1217
MOF,6970
RTG,1126
RTI,35
SAU,66
SUB,40078
TMC,4483
WGP,2578
PNK,10491
SRG,482
LOP,13137
PDG,19631
PKU,18764
SUB,54443
UPG,7682
YIA,19956
UPG,5502
TTE,3081
MOF,1465
SUB,9561
TRK,49
SIN,5673
SUB,58169
SWQ,4094
YIA,7043
MDC,363
PLW,451
UPG,13573
NAH,1047
NRT,1576
SIN,5990
SOQ,6037
SUB,8491
TTE,7122
UPG,27428
UPG,4398
TMH,931
UPG,7365
NBX,927
SOQ,21566
UPG,9108
NAH,720
UPG,1001
PLW,3471
UPG,12430
TIM,4603
TTE,372
SUB,7480
PLM,14429
TJQ,15322
SIN,5881
YIA,16926
SUB,18373
SUB,7743
YIA,6858
UPG,33952
PSU,841
SOC,3161
SQG,1105
SUB,28516
YIA,8699
UPG,141
SUB,57694
UPG,6317
YIA,18231
SUB,2158
UPG,27484
TTE,625
UPG,9864
TRK,7938
UPG,111276
UPG,24274
UPG,137
UPG,1245
UPG,31523
YIA,34475
BEJ,5130
CGK,26319
SUB,20987
YIA,8332
KOE,1130
DPS,26258
DPS,6468
CGK,27019
DOB,927
LUV,8211
NAM,1531
NRE,934
SOQ,2371
SQN,309
SXK,3576
TTE,2254
UPG,22321
CGK,4580
KOE,3334
BPN,11146
BTW,2602
CGK,107626
DPS,3932
HMS,1637
KBU,2974
SRG,21639
SUB,77743
YIA,11395
BPN,10578
BTH,3448
DPS,38292
JOG,1103
KNO,9061
UPG,7585
BPN,17921
CGK,4348
SUB,5513
DJJ,15236
UPG,12083
KOE,3695
LBJ,3216
CGK,28593
DPS,14399
CGK,44827
DPS,3764
LOP,7918
UPG,529
DPS,35963
CGK,8599
CGK,143853
DPS,18803
GHS,650
KJT,820
KUL,1282
LNU,1262
MDC,4688
PKY,943
PLW,1462
SIN,3640
SRG,10746
SUB,78640
TJS,1183
TRK,31035
TRT,911
UPG,39437
YIA,31874
CGK,109705
DTB,2341
KJT,195
KNO,45091
LMU,1582
NTX,4110
PDG,23514
PKU,24420
PLM,21642
PNK,7965
SRG,5878
SUB,28274
SZB,2513
YIA,8652
CGK,30653
KNO,19688
KUL,7165
PEN,3473
UPG,1202
CGK,2383
CGK,13569
SUB,1134
SOQ,92
CGK,514
CGK,16232
DPS,10680
MDC,8029
CMB,7894
DJB,82279
DJJ,15545
DOH,61492
DPS,437965
DTB,27589
DXB,43784
FOC,7376
GTO,11861
HKG,46390
HND,28243
ICN,37740
IST,24746
JED,81172
JHB,8180
KCH,4128
KDI,30104
KMG,4860
KNO,266435
KOE,19399
KUL,163921
LBJ,27222
LLJ,8054
LOP,80530
MCT,12538
MDC,53147
MED,44465
MEL,9722
MLG,20638
MNL,17592
NRT,29709
PDG,120938
PEK,6636
PEN,26781
PGK,73941
PKU,118644
PKY,38614
PLM,133361
PLW,28933
PNH,2538
PNK,124684
PVG,14277
RUH,3074
SIN,263525
SMQ,3185
SOC,48896
SOQ,16876
SRG,93740
SUB,269244
SYD,17719
SZX,8457
TAS,1485
TFU,3789
TJQ,32560
TKG,80192
TNJ,19244
TPE,28573
TRK,9246
TTE,14840
UPG,233993
XMN,11819
YIA,120917
DPS,4311
DJJ,4794
DPS,9984
MKQ,11324
MKW,5387
NBX,5422
OKL,2305
SOQ,7391
TIM,21851
TMH,1529
UPG,20644
WMX,21710
ZRI,1062
LUV,1034
DPS,59505
DRW,1899
DXB,55638
HAN,14569
HKG,26223
ICN,25991
IST,14361
KJT,2582
KNO,4082
KOE,12518
KUL,116642
LBJ,43560
LOP,24166
MEL,85503
MNL,22884
NRT,7488
OOL,6974
POM,326
PVG,13443
SIN,225985
SOC,28250
SRG,4915
SUB,123660
SYD,65227
SZX,210
TMC,10556
TPE,33625
UPG,45241
WGP,3273
XMN,10026
YIA,42039
KOE,7405
LBJ,4173
TIM,662
KNO,3848
MDC,3300
KNO,14818
UPG,17273
SUB,14572
JOG,10380
KNO,18461
MLG,22947
PDG,16993
PKU,21577
PLM,37115
SOC,14451
SRG,18799
SUB,78616
UPG,1476
YIA,20876
SUB,6364
SUB,1097
UPG,65771
WNI,1073
MKQ,120
KNO,807
KUL,2292
UPG,201
SOQ,2993
KUL,57296
LKI,964
LSW,3325
MEQ,1398
PDG,2568
PEN,52704
PKU,10412
PLM,7326
SIN,20017
YIA,7476
LKA,2826
LWE,1349
MOF,7258
RTG,1186
RTI,44
SAU,70
SUB,42530
TMC,4466
WGP,3024
PNK,10693
SRG,340
LOP,13814
PDG,23654
PKU,28178
SUB,64767
UPG,8457
YIA,15720
UPG,6074
TTE,3322
MOF,1556
SUB,9923
TRK,50
SIN,5937
SUB,62588
SWQ,4200
YIA,8210
MDC,571
PLW,729
UPG,13166
NAH,786
NRT,1656
SIN,5559
SOQ,6830
SUB,9195
TTE,7363
UPG,30322
UPG,5408
UPG,8620
NBX,809
SOQ,22247
UPG,11089
NAH,485
UPG,908
PLW,3755
UPG,12484
TIM,5494
TTE,403
SUB,6907
PLM,15047
TJQ,16742
SIN,5505
YIA,15766
SUB,19553
SUB,7525
YIA,7978
UPG,31583
PSU,1254
SOC,2408
SQG,1053
SUB,29851
YIA,7986
UPG,129
SUB,61220
UPG,6581
YIA,18260
SUB,1830
UPG,24093
TTE,703
UPG,9318
TRK,9625
UPG,117987
UPG,27259
UPG,1165
UPG,32720
YIA,28362
BEJ,4818
CGK,30009
SUB,24227
YIA,8679
KOE,1310
DPS,16830
CGK,24736
DOB,1127
LUV,8754
NAM,1250
NRE,851
SOQ,1697
SQN,264
SXK,3514
TTE,2199
UPG,19871
CGK,2522
KOE,3411
BPN,11090
BTW,1186
CGK,117498
DPS,5811
HMS,3608
KBU,3628
PKY,148
SRG,22386
SUB,74906
YIA,14691
JOG,943
BPN,16708
CGK,4645
SUB,5369
DJJ,14666
UPG,9750
KOE,3899
LBJ,3153
CGK,32297
DPS,10609
CGK,47466
DPS,3673
LOP,8317
UPG,423
DPS,35913
CGK,7477
CGK,153184
DPS,17745
GHS,765
KJT,8738
KUL,2531
LNU,1399
MDC,2826
PKY,742
PLW,1808
SIN,3654
SRG,11235
SUB,67296
TJS,1555
TRK,30501
TRT,718
UPG,37482
YIA,35303
CGK,113569
DTB,1697
KJT,1896
KNO,40679
LMU,1500
NTX,4841
PDG,21135
PKU,23812
PLM,20032
PNK,6017
SRG,5085
SUB,28747
SZB,2853
YIA,5678
CGK,26678
KNO,24642
KUL,8601
PEN,3855
UPG,788
CGK,2707
CGK,12422
SUB,1123
SOQ,62
CGK,2925
CGK,10852
DPS,9755
MDC,6553
CMB,6879
DJB,79308
DJJ,23729
DOH,52487
DPS,410442
DTB,28914
DXB,37487
FOC,6796
GTO,11904
HKG,50942
HND,29533
ICN,38122
IST,22969
JED,75843
JHB,10717
KCH,3660
KDI,29176
KMG,3863
KNO,266559
KOE,20360
KUL,164085
LBJ,23308
LLJ,7912
LOP,68925
MCT,11218
MDC,54961
MED,32298
MEL,8104
MFM,440
MLG,21647
MNL,15950
NRT,29368
PDG,111871
PEK,6583
PEN,28400
PGK,72128
PKU,117188
PKY,42345
PLM,122075
PLW,33402
PNH,3054
PNK,126099
PVG,16952
RUH,7689
SIN,259458
SMQ,3528
SOC,51225
SOQ,18270
SRG,89783
SUB,254085
SYD,14294
SZX,3679
TAS,1323
TFU,3405
TJQ,33576
TKG,82202
TNJ,20917
TPE,28381
TRK,9153
TTE,17950
UPG,246073
XMN,13613
YIA,119948
DPS,4350
DJJ,5474
DPS,10032
MKQ,13823
MKW,5762
NBX,6656
OKL,2360
SOQ,6980
TIM,23552
TMH,1625
UPG,20465
WMX,21919
ZRI,1302
LUV,1048
DPS,53333
DRW,6427
DXB,41592
HAN,14030
HKG,23476
ICN,14813
IST,12376
KJT,28063
KNO,2898
KOE,12087
KUL,99162
LBJ,33233
LOP,20976
MEL,72357
MNL,22573
NRT,9119
OOL,5013
POM,204
PVG,12684
SIN,192590
SOC,24629
SRG,4747
SUB,115218
SYD,61732
TMC,9573
TPE,27392
UPG,44202
WGP,2908
XMN,9123
YIA,42914
KOE,7802
LBJ,4186
TIM,1810
KNO,3791
MDC,1978
KNO,15581
UPG,17185
SUB,14238
JOG,11614
KNO,17710
MLG,24457
PDG,16425
PKU,21220
PLM,39725
SOC,13943
SRG,18398
SUB,78803
YIA,21422
SUB,6765
SUB,970
UPG,61735
WNI,939
MKQ,158
KNO,5881
KUL,2084
UPG,2168
MKW,946
SOQ,2383
KUL,62111
LKI,855
LSW,3215
MEQ,1223
PDG,2695
PEN,46088
PKU,9486
PLM,8134
SIN,20169
YIA,4464
LKA,3493
LWE,1412
MOF,7102
RTG,1587
RTI,37
SAU,60
SUB,33198
TMC,5109
WGP,3110
PNK,10856
SRG,314
LOP,12796
PDG,27355
PKU,34086
SUB,61812
UPG,7324
YIA,17941
UPG,5605
TTE,3251
MOF,1438
SUB,6678
TRK,48
SIN,5107
SUB,63274
SWQ,4161
YIA,4955
MDC,493
PLW,741
UPG,13651
NAH,387
NRT,1363
SIN,5766
SOQ,6258
SUB,10393
TTE,7071
UPG,24238
UPG,5046
TMH,1440
UPG,8993
NBX,1211
SOQ,23411
UPG,9563
NAH,285
UPG,983
PLW,3807
UPG,12499
TIM,5982
TTE,416
SUB,7095
PLM,13043
TJQ,18222
SIN,5356
YIA,17064
SUB,19539
SUB,5721
YIA,9697
UPG,31789
PSU,1155
SOC,1092
SQG,970
SUB,27375
YIA,8683
SUB,56822
UPG,6668
YIA,19090
SUB,1547
UPG,31781
TTE,365
UPG,9640
TRK,10352
UPG,111251
UPG,26164
UPG,827
UPG,31011
YIA,27825
BEJ,5446
CGK,34576
SUB,29924
YIA,9661
KOE,1143
DPS,27229
CGK,26118
DOB,951
KFR,289
LUV,9211
NAM,1206
NRE,685
SOQ,2561
SQN,158
SXK,3237
TTE,2393
UPG,21053
CGK,4117
KOE,3224
BPN,10757
BTW,1950
CGK,108364
DPS,14836
HMS,3420
KBU,2886
SRG,21641
SUB,76210
YIA,15934
BPN,15524
CGK,5231
SUB,7236
DJJ,19117
UPG,11046
KOE,3807
LBJ,2765
CGK,32827
DPS,12545
CGK,50283
DPS,3461
LOP,7631
UPG,325
DPS,37787
CGK,8235
CGK,142616
DPS,19645
GHS,277
KJT,8926
KUL,2320
LNU,1476
MDC,5105
PKY,859
PLW,1813
SIN,3781
SRG,11591
SUB,75259
TJS,1417
TRK,34587
TRT,917
UPG,41504
YIA,37145
CGK,118364
DTB,2215
KJT,621
KNO,48184
LMU,1270
NTX,4362
PDG,26060
PKU,33731
PLM,24126
PNK,9919
SRG,7758
SUB,30956
SZB,3318
YIA,8870
CGK,28685
KNO,20515
KUL,11199
PEN,4762
UPG,1327
CGK,2336
CGK,15710
SUB,918
CGK,3501
CGK,17995
DPS,10775
MDC,4701
CMB,6474
DJB,81142
DJJ,24943
DOH,53319
DPS,477624
DTB,34997
DXB,35854
FOC,7473
GTO,11114
HAN,3664
HKG,53065
HND,30881
ICN,39645
IST,23716
JED,77455
JHB,11557
KCH,3712
KDI,28347
KMG,3721
KNO,298275
KOE,21227
KUL,189291
KWL,753
LBJ,26362
LLJ,8656
LOP,71023
MCT,10954
MDC,56061
MED,32484
MEL,13237
MFM,2737
MLG,22856
MNL,16513
NRT,28880
PDG,125198
PEK,6907
PEN,28457
PGK,80465
PKU,124028
PKY,40531
PLM,131789
PLW,29722
PNH,3681
PNK,137565
PVG,17417
RUH,7935
SIN,272425
SMQ,4134
SOC,55281
SOQ,26465
SRG,82626
SUB,244277
SYD,22764
SZX,9447
TAS,1350
TFU,3794
TJQ,37725
TKG,84131
TNJ,21858
TPE,35468
TRK,9099
TTE,17318
UPG,227308
XMN,12842
YIA,123869
DPS,3669
DPS,10158
DJJ,6137
DPS,12863
MKQ,17610
MKW,7451
NBX,6355
OKL,2797
SOQ,9252
TIM,28808
TMH,1425
UPG,22300
WMX,25311
ZRI,1050
LUV,1178
DPS,51984
DRW,6691
DXB,37736
FOC,1942
HAN,15870
HKG,27079
ICN,27850
IST,11942
KJT,29525
KNO,500
KOE,14207
KUL,121788
LBJ,31812
LOP,22300
MEL,76927
MNL,24185
NRT,10057
OOL,6832
POM,329
PVG,13222
SIN,217864
SOC,27387
SRG,6658
SUB,138971
SYD,68962
TMC,11558
TPE,26651
UPG,47843
WGP,2998
XMN,9632
YIA,43812
KOE,7641
LBJ,4238
MKQ,31
TIM,1739
KNO,4693
MDC,1276
KNO,18236
UPG,15749
SUB,14194
JOG,10598
KNO,16918
MLG,25287
PDG,11126
PKU,21431
PLM,41161
SOC,13432
SRG,17970
SUB,73354
YIA,22322
SUB,6970
UPG,66092
WNI,1017
MKQ,800
KNO,5587
KUL,3252
UPG,750
MKW,1465
SOQ,2295
KUL,78163
LKI,1128
LSW,2796
MEQ,915
PDG,2421
PEN,52883
PKU,10159
PLM,8931
SIN,21320
YIA,7621
LKA,3113
LWE,1383
MOF,7804
RTG,1436
RTI,115
SAU,212
SUB,33414
TMC,5752
WGP,3301
PNK,10542
SRG,602
LOP,15077
PDG,33298
PKU,34145
SUB,72174
UPG,8068
YIA,20192
UPG,5963
TTE,3614
MOF,1350
SUB,7199
TRK,214
SIN,5830
SUB,61670
SWQ,3978
YIA,7404
MDC,524
PLW,582
UPG,14233
NAH,580
NRT,1283
SIN,5761
SOQ,8258
SUB,11387
TTE,8269
UPG,29521
UPG,5736
TMH,1296
UPG,8342
NBX,3013
SOQ,27547
UPG,9276
NAH,427
UPG,1010
PLW,3727
UPG,12666
TIM,5738
TTE,336
PKU,22
SUB,6675
PLM,16599
TJQ,17601
SIN,5775
YIA,16961
SUB,19440
SUB,9616
YIA,9628
UPG,33532
PSU,1130
SOC,929
SQG,1255
SUB,29189
YIA,11964
SUB,62432
UPG,6536
YIA,22608
SUB,1756
UPG,34795
TTE,314
UPG,10625
TRK,10613
UPG,121361
UPG,23989
TRK,1
UPG,1070
UPG,31293
YIA,31152
BEJ,3794
CGK,31317
SUB,25640
UPG,2804
YIA,7388
KOE,873
DPS,35571
CGK,20687
DOB,667
KFR,517
LUV,5891
NAM,1079
NRE,808
SOQ,2057
SQN,316
SUB,1430
SXK,2088
TTE,1980
UPG,16907
CGK,3894
KOE,2331
BPN,10346
BTW,2251
CGK,94984
DPS,12260
HMS,3575
KBU,1805
SRG,20786
SUB,72508
YIA,11448
CJN,35
BPN,11655
CGK,3957
SUB,8519
DJJ,15945
UPG,10579
KOE,2419
LBJ,1720
CGK,30221
DPS,9623
CGK,42911
DPS,3190
LOP,5706
UPG,213
DPS,36807
CGK,9286
CGK,135021
DPS,20374
GHS,930
KJT,8024
KUL,2872
LNU,1219
MDC,4693
PKY,858
PLW,1726
PNK,1190
SIN,4526
SRG,10392
SUB,72593
TJS,662
TRK,31093
TRT,948
UPG,40322
YIA,30123
CGK,108804
DTB,2971
KNO,48679
LMU,763
NTX,3021
PDG,22698
PKU,28109
PLM,21311
PNK,8963
SRG,5010
SUB,25549
SZB,3132
YIA,7057
CGK,23720
KNO,19159
KUL,11025
PEN,5280
UPG,1333
CGK,2228
CGK,11558
SUB,414
CGK,3796
CGK,21521
DPS,10839
MDC,6137
CMB,7093
DJB,73920
DJJ,20398
DOH,57314
DPS,380993
DTB,36934
DXB,35527
FOC,7251
GTO,8356
HAN,5460
HKG,40648
HND,26792
ICN,36923
IST,24976
JED,107270
JHB,11854
KCH,3713
KDI,22398
KMG,2685
KNO,283086
KOE,15298
KUL,227271
KWL,1101
LBJ,17508
LLJ,7862
LOP,56246
MCT,13677
MDC,45426
MED,31679
MEL,11824
MFM,1934
MLG,19240
MNL,16302
NNG,134
NRT,25326
PDG,104929
PEK,6602
PEN,30533
PGK,62171
PKU,111549
PKY,35654
PLM,116426
PLW,23451
PNH,3169
PNK,118408
PVG,16129
SIN,295204
SMQ,3436
SOC,49508
SOQ,21908
SRG,77669
SUB,222367
SYD,21083
SZX,9059
TAS,1808
TFU,2931
TJQ,28899
TKG,74594
TNJ,18290
TPE,30640
TRK,8070
TTE,15474
UPG,194674
XMN,13045
YIA,103807
DPS,4237
DPS,9951
DJJ,6136
DPS,10997
MKQ,14312
MKW,7009
NBX,3155
OKL,2998
SOQ,9770
TIM,27126
TMH,1306
UPG,21325
WMX,22573
ZRI,947
LUV,668
DPS,54350
KNO,1200
DRW,6176
DXB,45853
FOC,3787
HAN,12652
HKG,31266
ICN,29540
IST,12397
KJT,24853
KNO,217
KOE,14931
KUL,117617
LBJ,25189
LOP,19588
MDC,1120
MEL,76902
MNL,24779
NRT,8568
OOL,8176
POM,181
PVG,15686
SIN,186458
SOC,27517
SOQ,1067
SRG,5942
SUB,117081
SYD,76323
SZX,412
TKG,1881
TMC,10204
TPE,27728
UPG,42242
WGP,2310
XMN,9746
YIA,40681
KOE,5532
LBJ,3559
TIM,1620
KNO,4549
MDC,1689
KNO,18054
UPG,15800
SUB,12646
JOG,9229
KNO,17121
MLG,19084
PDG,9512
PKU,15747
PLM,35484
SOC,10631
SRG,13726
SUB,58968
YIA,14009
SUB,7630
SUB,2506
UPG,56782
WNI,577
MKQ,321
KNO,5733
KUL,4340
MKW,629
SOQ,1819
KUL,77076
LKI,611
LSW,2343
MEQ,873
PDG,3797
PEN,52660
PKU,10425
PLM,7970
SIN,22430
YIA,8401
LKA,2272
LWE,856
MOF,4392
RTG,541
RTI,35
SAU,105
SUB,28979
TMC,3918
UPG,173
WGP,1399
PNK,10349
SRG,415
LOP,14191
PDG,30940
PKU,37717
SUB,68722
UPG,9399
YIA,19759
UPG,5398
TTE,3376
MOF,519
SUB,5653
TRK,99
SIN,4968
SUB,49598
SWQ,3943
YIA,5959
MDC,324
PLW,362
UPG,12932
NAH,337
NRT,1308
SIN,5972
SOQ,8911
SUB,11436
TTE,7303
UPG,26675
UPG,3544
TMH,1028
UPG,8222
NBX,2579
SOQ,23877
UPG,9179
NAH,237
UPG,480
PLW,3091
UPG,12628
TIM,4548
TTE,453
PKU,7
SUB,1137
SUB,7964
PLM,14149
TJQ,12128
SIN,6584
SUB,2741
YIA,14972
SUB,16578
SUB,6432
YIA,6901
UPG,29919
PSU,763
SOC,1031
SQG,1035
SUB,25115
YIA,8872
SUB,61619
UPG,5714
YIA,19244
SUB,1183
UPG,29070
TTE,623
UPG,9359
TRK,9421
TTE,1340
UPG,102287
UPG,22331
YIA,1170
UPG,715
UPG,26300
YIA,24011
BEJ,3209
CGK,24510
SUB,20769
UPG,1686
YIA,5560
KOE,868
DPS,15626
CGK,18439
DOB,530
KFR,459
LUV,5068
NAM,838
NRE,673
SOQ,1166
SQN,360
SUB,1917
SXK,1717
TTE,1941
UPG,13615
CGK,3919
KOE,2186
BPN,10264
BTW,2225
CGK,88150
DPS,11777
HMS,3071
KBU,1275
SRG,19207
SUB,67840
YIA,10859
CJN,31
BPN,12535
CGK,3641
SUB,7981
DJJ,12400
UPG,6882
KOE,1477
LBJ,1133
CGK,3242
CGK,32042
DPS,10984
CGK,40672
DPS,3339
LOP,5083
UPG,92
DPS,35698
CGK,9782
CGK,128276
DPS,16672
GHS,892
KJT,6950
KUL,2489
LNU,987
MDC,2405
PKY,752
PLW,1371
PNK,4405
SIN,3433
SOC,2578
SRG,9582
SUB,68707
TJS,435
TRK,28164
TRT,740
UPG,36426
YIA,27243
CGK,102821
DTB,1915
KNO,41593
KUL,1682
LMU,853
NTX,3283
PDG,22865
PKU,26215
PLM,19898
PNK,9526
SRG,4962
SUB,27222
SZB,1914
YIA,5840
CGK,22861
KNO,19381
KUL,12594
PEN,4624
UPG,1344
CGK,1505
CGK,11360
SUB,289
CGK,4007
CGK,23893
DPS,10480
MDC,4228
CMB,5331
DJB,74057
DJJ,19984
DOH,52215
DPS,375894
DTB,26090
DXB,20549
FOC,8298
GTO,8449
HAN,4681
HKG,42729
HND,24542
ICN,33995
IST,22614
JED,86689
JHB,10916
KCH,7106
KDI,21566
KMG,2830
KNO,229055
KOE,12936
KUL,180186
KWL,1112
LBJ,17318
LLJ,7670
LOP,57754
MCT,13440
MDC,41428
MED,28862
MEL,9380
MFM,1403
MLG,17831
MNL,14741
NNG,776
NRT,25446
PDG,102264
PEK,6072
PEN,26774
PGK,69615
PKU,104493
PKY,30466
PLM,114948
PLW,23308
PNH,2777
PNK,130700
PVG,16446
SIN,255013
SMQ,2899
SOC,47863
SOQ,20819
SRG,76410
SUB,224374
SYD,14978
SZX,8970
TAS,1312
TFU,3691
TJQ,29205
TKG,75315
TNJ,20111
TPE,28501
TRK,7365
TTE,14664
UPG,177801
XMN,13479
YIA,99877
DPS,4356
DPS,9643
DJJ,4357
DPS,8501
MKQ,12902
MKW,4606
NBX,2836
OKL,2554
SOQ,5975
TIM,20612
TMH,1069
UPG,17827
WMX,19163
ZRI,892
LUV,605
DPS,53864
KNO,2963
DRW,6309
DXB,42712
FOC,3727
HAN,14118
HKG,30196
ICN,29440
IST,12338
KJT,21944
KOE,12039
KUL,138373
LBJ,25952
LOP,18498
MDC,1067
MEL,65118
MNL,24091
NRT,9832
OOL,2203
POM,74
PVG,25636
SIN,203954
SOC,20627
SOQ,1162
SRG,4449
SUB,112596
SYD,58670
SZX,1480
TKG,1909
TMC,7510
TPE,31443
UPG,39976
WGP,2147
XMN,11568
YIA,39972
KOE,5320
LBJ,3504
MKQ,514
TIM,1258
KNO,3826
MDC,1701
KNO,12473
UPG,13169
SUB,12529
JOG,8822
KNO,15899
MLG,18613
PDG,8711
PKU,17299
PLM,36097
SOC,11139
SRG,15253
SUB,65071
YIA,14061
SUB,7230
SUB,3290
UPG,51625
MKQ,1268
KNO,4564
KUL,3753
SOQ,740
KUL,85630
LKI,985
LSW,1999
MEQ,802
PDG,6709
PEN,48860
PKU,8763
PLM,7259
SIN,21241
YIA,7187
LKA,1950
LWE,893
MOF,5282
RTG,692
RTI,57
SAU,82
SUB,25298
TMC,2247
WGP,1465
PNK,9336
SRG,474
LOP,16070
PDG,32912
PKU,38174
SUB,71408
UPG,8905
YIA,19228
UPG,4535
TTE,2964
MOF,389
SUB,3961
TRK,103
SIN,4887
SUB,45359
SWQ,3609
YIA,6065
MDC,204
PLW,170
UPG,11722
NAH,365
NRT,1331
SIN,4111
SOQ,5788
SUB,9926
TTE,6745
UPG,23735
UPG,2643
TMH,1092
UPG,3067
NBX,1205
SOQ,14019
UPG,8468
NAH,283
UPG,58
PLW,3081
UPG,10911
TIM,5693
TTE,369
SUB,667
SUB,6506
PLM,12850
TJQ,12540
SIN,5911
SUB,3282
YIA,14545
SUB,13008
SUB,4809
YIA,6577
UPG,27125
PSU,519
SOC,828
SQG,914
SUB,23086
YIA,8842
SUB,52194
UPG,4013
YIA,16881
SUB,939
UPG,18098
TTE,621
UPG,7004
TRK,9720
TTE,3335
UPG,81106
UPG,17983
WMX,170
YIA,4044
UPG,435
UPG,19319
YIA,20392
BEJ,3128
CGK,26719
SUB,21892
UPG,1545
YIA,5681
KOE,798
DPS,17426
DPS,459
CGK,23401
DOB,658
KFR,1144
LUV,6006
NAM,989
NRE,1702
SOQ,1465
SQN,742
SUB,1000
SXK,2170
TTE,2423
UPG,16045
CGK,4170
KOE,2907
BPN,9699
BTW,2354
CGK,92023
DPS,6861
HMS,2934
KBU,1437
SRG,20580
SUB,72780
UPG,258
YIA,9078
CJN,24
BPN,12793
CGK,4106
SUB,6894
DJJ,11149
UPG,6303
KOE,2076
LBJ,1611
CGK,2999
CGK,32451
DPS,11280
CGK,41376
DPS,1032
DPS,3566
LOP,6035
DPS,36830
CGK,8965
CGK,130737
DPS,13098
GHS,903
KJT,6929
KNO,69
KUL,1249
LNU,955
MDC,3280
PKY,804
PLW,1474
PNK,5812
SIN,3781
SOC,2562
SRG,8007
SUB,70015
TJS,341
TRK,30111
TRT,803
UPG,37162
YIA,25749
CGK,100628
DJB,1014
DTB,2329
KNO,39506
KUL,3936
LMU,1002
NTX,3591
PDG,20218
PGK,617
PKU,23180
PLM,19240
PNK,8139
SRG,4627
SUB,26846
YIA,6161
CGK,24016
KNO,17525
KUL,9093
PEN,3050
UPG,929
CGK,2259
CGK,9332
CGK,1868
CGK,28904
DPS,10827
MDC,7700
CMB,5355
DJB,70014
DJJ,20775
DOH,46665
DPS,288291
DTB,28539
DXB,29196
FOC,9198
GTO,9739
HAN,7861
HKG,50198
HND,26847
ICN,31766
IST,21192
JED,87019
JHB,9682
KCH,5875
KDI,25390
KMG,3890
KNO,226622
KOE,15558
KUL,164028
KWL,1444
LBJ,16888
LLJ,7688
LOP,56753
MCT,11370
MDC,45029
MED,24007
MEL,8179
MFM,1389
MLG,18816
MNL,14565
NNG,816
NRT,24977
PDG,101044
PEK,7350
PEN,31654
PGK,69421
PKU,109548
PKY,33596
PLM,111852
PLW,27375
PNH,3927
PNK,138378
PVG,18170
SIN,276771
SMQ,3667
SOC,48389
SOQ,21018
SRG,74272
SUB,220455
SYD,13825
SZX,10158
TAS,688
TFU,3247
TJQ,26636
TKG,75889
TNJ,18997
TPE,29898
TRK,7204
TTE,18765
UPG,195318
XMN,14881
YIA,93291
DPS,3967
DPS,9792
DJJ,7674
DPS,9828
MKQ,14228
MKW,5083
NBX,3828
OKL,4840
SOQ,6784
TIM,22812
TMH,2398
UPG,20978
WMX,39958
ZRI,2050
LUV,621
DPS,56500
KNO,2277
DRW,6195
DXB,47744
FOC,534
HAN,12537
HKG,29703
ICN,25574
IST,12348
KJT,19226
KOE,13622
KUL,125967
LBJ,29608
LOP,21746
MDC,1268
MEL,71874
MNL,22120
NRT,10643
OOL,3636
POM,66
PVG,20020
SIN,210441
SOC,12948
SOQ,1941
SRG,5640
SUB,99803
SYD,64974
TKG,2050
TMC,9969
TPE,28907
UPG,32495
WGP,2303
XMN,9572
YIA,31993
KOE,6000
LBJ,4081
MKQ,1421
TIM,1629
KNO,3892
MDC,1707
KNO,13639
MDC,149
UPG,15470
SUB,13319
JOG,9280
KNO,15630
MLG,16392
PDG,8588
PKU,16159
PLM,35220
SOC,11271
SRG,15216
SUB,62894
YIA,7472
SUB,7214
SUB,1064
UPG,57541
MKQ,2786
KNO,5141
KUL,2678
SOQ,908
KUL,59397
LKI,753
LSW,1841
MEQ,778
PDG,6189
PEN,47793
PKU,9358
PLM,5169
SIN,21876
YIA,5166
LKA,2504
LWE,1086
MOF,6684
RTG,660
RTI,79
SAU,117
SUB,28076
TMC,2882
UPG,1691
WGP,2062
PNK,10211
SRG,332
LOP,18607
PDG,19453
PKU,23175
SUB,70044
UPG,7010
YIA,14598
UPG,4530
TTE,3682
MOF,176
SUB,2518
TRK,104
SIN,5336
SUB,42134
SWQ,3776
UPG,650
YIA,5851
UPG,12936
NAH,474
NRT,1536
SIN,4800
SOQ,6345
SUB,12306
TTE,8411
UPG,23903
UPG,3464
TMH,2344
UPG,3515
NBX,1665
SOQ,18614
UPG,9014
NAH,322
PLW,3752
UPG,13414
TIM,6003
TTE,318
PKU,1
SUB,8317
PLM,12757
TJQ,12433
SIN,5397
SUB,1581
YIA,14962
SUB,13947
SUB,4662
YIA,4530
UPG,27517
PSU,812
SOC,1008
SQG,1167
SUB,22119
YIA,5809
SUB,53566
UPG,3756
YIA,16650
SUB,1028
UPG,21639
TTE,1232
UPG,6989
TRK,9980
TTE,1833
UPG,95843
UPG,20995
YIA,479
UPG,670
UPG,22413
YIA,18762
BEJ,4271
CGK,27885
SUB,34097
UPG,6058
YIA,9028
KOE,629
DPS,28317
DPS,12002
CGK,22476
DOB,550
KFR,555
LUV,6173
MDC,922
NAM,746
NRE,673
SOQ,3133
SQN,434
SUB,7435
SXK,2044
TTE,2259
UPG,17888
CGK,4892
KOE,3061
BPN,9325
BTW,2419
CGK,106284
DPS,12556
HMS,2898
KBU,1520
SRG,30024
SUB,99248
UPG,8441
YIA,20375
CJN,39
BPN,13688
CGK,6102
SUB,9504
DJJ,16157
UPG,9137
KOE,2829
LBJ,2484
CGK,3057
CGK,35117
DPS,14885
CGK,54387
DPS,9640
DPS,3748
LOP,7056
UPG,920
DPS,34060
CGK,8184
BTH,4246
CGK,118774
DPS,18569
GHS,901
KJT,10126
KNO,6951
KUL,3292
LNU,1031
MDC,5345
PKY,1385
PLW,2234
PNK,8280
SIN,3683
SOC,9971
SRG,15689
SUB,119182
TJS,381
TRK,38912
TRT,857
UPG,54127
YIA,41879
CGK,124719
DJB,7568
DTB,2696
KNO,56952
KUL,5013
LMU,988
NTX,3699
PDG,47836
PGK,4637
PKU,45464
PLM,36259
PNK,10220
SRG,11925
SUB,34873
YIA,13804
CGK,34964
KNO,19807
KUL,11659
PEN,3443
UPG,48
CGK,2392
CGK,14402
SUB,532
CGK,3821
CGK,29885
DPS,11063
MDC,4552
CMB,6390
DHX,2357
DJB,87904
DJJ,22274
DOH,66706
DPS,373808
DTB,31807
DXB,35216
FOC,8197
GTO,10922
HAN,8524
HKG,54949
HND,30326
ICN,37852
IST,21910
JED,80698
JHB,15048
KCH,6262
KDI,29535
KMG,5803
KNO,281078
KOE,17802
KUL,215494
KWL,280
LBJ,22871
LLJ,9919
LOP,76723
MCT,11650
MDC,36453
MED,24633
MEL,10480
MFM,2739
MLG,28756
MNL,20026
NNG,1749
NRT,23535
PDG,172953
PEK,6309
PEN,29839
PGK,97275
PKU,142454
PKY,38602
PLM,133929
PLW,27546
PNH,3497
PNK,153007
PVG,16941
SIN,267834
SMQ,3668
SOC,57997
SOQ,18140
SRG,91703
SUB,225950
SYD,18216
SZX,7924
TAS,1650
TFU,3478
TJQ,40845
TKG,82036
TNJ,24360
TPE,38222
TRK,8906
TTE,20930
UPG,222069
XMN,16859
YIA,111846
DPS,5295
DPS,12690
DJJ,3529
DPS,9330
MKQ,16700
MKW,6797
NBX,3435
OKL,2559
SOQ,6925
TIM,26180
TMH,960
UPG,21163
WMX,21810
ZRI,920
LUV,634
DPS,60921
KNO,3324
DRW,6623
DXB,51852
HAN,13408
HKG,29300
ICN,29782
IST,14135
KJT,24533
KOE,14865
KUL,138060
LBJ,38349
LOP,24277
MDC,774
MEL,76543
MNL,23948
NRT,9756
OOL,6768
POM,61
PVG,24208
SIN,228754
SOC,20560
SOQ,2365
SRG,11192
SUB,131890
SYD,68686
TKG,4302
TMC,10282
TPE,32827
UPG,44946
WGP,2675
XMN,9790
YIA,44740
KOE,4929
LBJ,3857
MKQ,636
TIM,1260
KNO,3884
MDC,2655
KNO,12142
MDC,154
UPG,20057
SUB,15796
JOG,8113
KNO,17970
MLG,19199
PDG,9852
PKU,29550
PLM,42971
SOC,24568
SRG,23194
SUB,76326
YIA,26630
SUB,390
SUB,8559
SUB,8098
UPG,68948
MKQ,1475
KNO,9677
KUL,4022
SOQ,2174
KUL,88009
LKI,956
LSW,1749
MEQ,519
PDG,10314
PEN,58514
PKU,9383
PLM,12155
SIN,21681
YIA,12214
LKA,2717
LWE,926
MOF,7158
RTG,190
RTI,69
SAU,108
SUB,32151
TMC,3328
UPG,4786
WGP,1572
PNK,9742
SRG,1028
LOP,15061
PDG,32945
PKU,32730
SUB,72950
UPG,6639
YIA,20150
UPG,5272
TTE,3294
MOF,1111
SUB,10229
TRK,115
SIN,5556
SUB,54892
SWQ,3925
UPG,4084
YIA,8744
UPG,14969
NAH,78
NRT,1074
SIN,4495
SOQ,7493
SUB,9673
TTE,5867
UPG,25062
UPG,3582
TMH,842
UPG,6312
NBX,2264
SOQ,22266
UPG,9624
NAH,54
PLW,3204
UPG,12419
TIM,6212
TTE,252
PKU,16
SUB,8715
PLM,16633
TJQ,13563
SIN,5380
SUB,10055
YIA,21527
SUB,21725
SUB,12154
YIA,10787
TLI,237
UPG,35840
PSU,556
SOC,1170
SQG,629
SUB,30002
UPG,765
YIA,15628
SUB,61524
UPG,4528
YIA,17027
SUB,1948
TIM,1496
UPG,28339
TTE,589
UPG,14370
TRK,11997
TTE,7132
UPG,117193
UPG,20705
YIA,6229
UPG,484
UPG,27837
YIA,35969
BEJ,3860
CGK,27371
DPS,878
SUB,22477
UPG,2176
YIA,7745
KOE,1217
DPS,19296
DPS,10691
CGK,25648
DOB,971
KFR,723
LUV,7400
MDC,506
NAM,824
NRE,836
SOQ,2501
SQN,414
SUB,1128
SXK,2501
TTE,2303
UPG,16447
CGK,4473
KOE,3996
BPN,10287
BTW,2624
CGK,110734
DPS,14305
HMS,3407
KBU,2072
SRG,23487
SUB,77218
UPG,4666
YIA,13445
CJN,31
BPN,14634
CGK,7081
SUB,7427
DJJ,12939
UPG,6767
KOE,3545
LBJ,2844
CGK,3595
CGK,35078
DPS,17138
CGK,45287
DPS,10876
DPS,4061
LOP,4351
UPG,1087
DPS,35623
CGK,8422
BTH,1395
CGK,143164
DPS,20911
GHS,1595
KJT,9024
KNO,3837
KUL,3950
LNU,1337
MDC,3886
PKY,886
PLW,1570
PNK,8462
SIN,3410
SOC,4102
SRG,9161
SUB,93681
TJS,512
TRK,32420
TRT,750
UPG,41257
YIA,32830
CGK,117148
DJB,3393
DTB,2247
KNO,43714
KUL,4106
LMU,1436
NTX,4097
PDG,25589
PGK,893
PKU,31028
PLM,20498
PNK,7964
SRG,5267
SUB,32483
YIA,6654
CGK,35921
KNO,16733
KUL,11054
PEN,4811
CGK,1694
CGK,13213
CGK,2813
CGK,34331
DPS,11951
MDC,5782
CMB,7986
DHX,2080
DJB,79775
DJJ,25054
DOH,70787
DPS,427777
DTB,28387
DXB,40489
FOC,7294
GTO,11076
HAN,9270
HKG,53316
HND,30123
ICN,39263
IST,21697
JED,50231
JHB,13028
KCH,6401
KDI,31397
KMG,1230
KNO,250602
KOE,16683
KUL,225613
LBJ,28276
LLJ,8062
LOP,72558
MCT,11970
MDC,41901
MED,6813
MEL,9182
MFM,2361
MLG,23736
MNL,16166
NNG,801
NRT,23498
PDG,133759
PEK,6692
PEN,30545
PGK,62883
PKU,123540
PKY,37415
PLM,131944
PLW,30083
PNH,3606
PNK,118033
PVG,18097
SIN,263316
SMQ,2046
SOC,52809
SOQ,21047
SRG,89890
SUB,251853
SYD,16989
SZX,10368
TAS,1560
TFU,3819
TJQ,29394
TKG,71581
TNJ,21177
TPE,30311
TRK,8906
TTE,18237
UPG,216324
XMN,19086
YIA,114109
DPS,5748
DPS,17466
DJJ,3998
DPS,10231
MKQ,16311
MKW,3963
NBX,3660
OKL,2646
SOQ,6916
TIM,22806
TMH,1342
UPG,22457
WMX,24164
ZRI,1005
LUV,857
DPS,62989
KNO,1643
DRW,7316
DXB,53369
HAN,16447
HKG,31147
ICN,31203
IST,13409
KJT,18030
KOE,16970
KUL,165753
LBJ,42574
LOP,28866
MDC,3301
MEL,84715
MNL,26454
NRT,9204
OOL,5493
POM,74
PVG,24241
SIN,249154
SOC,15564
SOQ,2747
SRG,10737
SUB,112324
SYD,72409
TKG,2464
TMC,10894
TPE,36591
UPG,47414
WGP,3218
XMN,10979
YIA,41498
KOE,4635
LBJ,4125
MKQ,665
TIM,1757
KNO,3571
MDC,1203
KNO,13993
UPG,17040
SUB,15777
JOG,10905
KNO,17284
MLG,21342
PDG,5060
PKU,16570
PLM,40861
SOC,11979
SRG,13932
SUB,74639
YIA,16465
SUB,9196
SUB,2572
UPG,55511
MKQ,1698
KNO,4221
KUL,4106
SOQ,2440
KUL,78773
LKI,960
LSW,1995
MEQ,507
PDG,7291
PEN,52915
PKU,8796
PLM,7338
SIN,20579
YIA,5788
LKA,3301
LWE,497
MOF,7223
RTG,904
RTI,64
SAU,119
SUB,32813
TMC,3746
UPG,2985
WGP,2183
PNK,9973
SRG,116
LOP,16999
PDG,8949
PKU,31355
SUB,69438
UPG,6121
YIA,22287
UPG,4666
TTE,3366
MOF,1291
SUB,9047
TRK,98
SIN,5728
SUB,55106
SWQ,4192
UPG,3910
YIA,6739
UPG,14227
NRT,948
SIN,4762
SOQ,6476
SUB,9263
TTE,6484
UPG,24511
UPG,3377
TMH,1288
UPG,4765
NBX,1245
SOQ,18179
UPG,9673
PLW,3826
UPG,14003
TIM,7598
TTE,273
PKU,14
SUB,4321
PLM,13401
TJQ,14202
SIN,4149
SUB,3253
YIA,16117
SUB,18319
SUB,5211
YIA,7965
TLI,175
UPG,29758
PSU,850
SOC,352
SQG,615
SUB,27381
YIA,10273
SUB,59865
UPG,4125
YIA,16124
SUB,1231
TIM,2018
UPG,19096
TTE,648
UPG,9136
TRK,9922
TTE,5285
UPG,95737
UPG,21802
YIA,1736
UPG,618
UPG,28203
YIA,26885
BEJ,4401
CGK,29658
DPS,1444
SUB,23329
UPG,3894
YIA,8403
KOE,951
DPS,21183
DPS,14662
CGK,21669
DOB,809
KFR,690
LUV,7233
NAM,1000
NRE,965
SOQ,3058
SQN,456
SUB,6068
SXK,3137
TTE,2384
UPG,17157
CGK,4836
KOE,3715
BPN,9961
BTW,2578
CGK,106838
DPS,12455
HMS,3401
KBU,2300
SRG,22285
SUB,76583
UPG,5757
YIA,14633
CJN,24
BPN,12792
CGK,5988
SUB,11135
DJJ,15658
UPG,8522
KOE,3492
LBJ,2963
CGK,3833
CGK,39532
DPS,18719
CGK,47146
DPS,10413
DPS,4000
LOP,4145
UPG,875
DPS,38401
CGK,5727
BTH,5687
CGK,145640
DHX,2519
DPS,16913
GHS,1462
KJT,9326
KNO,581
KUL,4034
LNU,1359
MDC,5164
PKY,1243
PLW,1781
PNK,9213
SIN,2666
SOC,3790
SRG,11044
SUB,91422
TJS,594
TRK,36173
TRT,820
UPG,45835
YIA,38404
CGK,116192
DJB,2425
DTB,2451
KNO,50407
KUL,4447
LMU,1296
NTX,4981
PDG,26583
PGK,1607
PKU,32700
PLM,21109
PNK,8401
SRG,5967
SUB,31816
TKG,1359
YIA,7222
CGK,38044
KNO,12931
KUL,12441
PEN,3820
CGK,2034
CGK,11934
CGK,1737
CGK,32628
DPS,11518
MDC,5991
CMB,6599
DHX,2617
DJB,82637
DJJ,24828
DOH,69863
DPS,412979
DTB,28850
DXB,38525
FOC,6611
GTO,10445
HAN,8915
HKG,53133
HND,30948
ICN,37403
IST,22344
JED,43363
JHB,13440
KCH,7455
KDI,31831
KMG,534
KNO,256278
KOE,15210
KUL,236839
LBJ,29913
LLJ,8226
LOP,73757
MCT,11482
MDC,53548
MED,4734
MEL,11784
MFM,2773
MLG,24329
MNL,19404
NNG,1489
NRT,22942
PDG,128259
PEK,6626
PEN,32490
PGK,70282
PKU,134495
PKY,37785
PLM,134968
PLW,28476
PNH,3297
PNK,130897
PVG,18100
SIN,264765
SMQ,4263
SOC,53816
SOQ,19761
SRG,92362
SUB,261657
SYD,21672
SZX,10125
TAS,1468
TFU,3610
TJQ,31353
TKG,80885
TNJ,20703
TPE,33189
TRK,8859
TTE,17272
UPG,224009
XMN,18553
YIA,115555
DPS,5640
DPS,17669
DJJ,4173
DPS,10736
MKQ,18436
MKW,4052
NBX,4109
OKL,3369
SOQ,9431
TIM,24623
TMH,1493
UPG,23157
WMX,24888
ZRI,1044
LUV,955
DPS,61813
DRW,7085
DXB,58328
FOC,2335
HAN,16389
HKG,31440
ICN,33065
IST,13173
KJT,15054
KOE,14036
KUL,178852
LBJ,43681
LOP,24454
MDC,3980
MEL,87688
MNL,27361
NRT,9967
OOL,6528
POM,47
PVG,24206
SIN,245584
SOC,13550
SOQ,2076
SRG,12032
SUB,121289
SWQ,1133
SYD,74238
TKG,3126
TMC,11489
TPE,35984
UPG,40693
WGP,2994
XMN,9510
YIA,42714
KOE,6248
LBJ,3992
MKQ,794
TIM,1609
KNO,3300
MDC,1691
KNO,15289
UPG,18136
SUB,15742
JOG,9830
KNO,17156
MLG,22723
PDG,3600
PKU,18912
PLM,38513
SOC,14004
SRG,14346
SUB,75153
YIA,19368
KNO,683
SUB,4199
SUB,2449
UPG,59314
MKQ,1879
KNO,4851
KUL,4364
SOQ,2876
KUL,90504
LKI,1033
LSW,1935
MEQ,277
PDG,8020
PEN,56001
PKU,11806
PLM,9402
SIN,22518
YIA,5674
LKA,3545
LWE,730
MOF,5862
RTG,1329
RTI,72
SAU,113
SUB,39233
TMC,4384
UPG,4271
WGP,2003
PNK,10883
LOP,16542
PDG,31834
PKU,30553
SUB,54224
UPG,5851
YIA,18020
UPG,4989
TTE,3283
MOF,720
SUB,8581
TRK,105
SIN,5741
SUB,53708
SWQ,3706
UPG,3463
YIA,6855
UPG,14018
NAH,289
NRT,1133
SIN,5260
SOQ,10629
SUB,9555
TTE,7892
UPG,28660
UPG,3723
TMH,1200
UPG,5642
NBX,1590
SOQ,19937
UPG,8925
NAH,202
PLW,3708
UPG,12646
TIM,7844
TTE,320
PKU,8
SUB,5580
PLM,12462
TJQ,13657
SIN,4572
SUB,3803
YIA,17873
SRG,5589
SUB,18016
SUB,5155
YIA,8667
TLI,251
UPG,31987
PSU,872
SOC,866
SQG,1035
SUB,26428
YIA,9910
SUB,58306
UPG,3633
YIA,15427
SUB,1111
TIM,3052
UPG,21629
TTE,707
UPG,9055
TRK,10361
TTE,6168
UPG,100250
UPG,24599
YIA,188
UPG,859
UPG,28103
YIA,25960
BEJ,5559
CGK,33497
DPS,2593
SUB,26410
UPG,3479
YIA,8263
KOE,1347
DPS,29761
DPS,18717
CGK,24474
DOB,1008
KFR,523
LUV,8348
NAM,1471
NRE,1081
SOQ,6927
SQN,407
SUB,9930
SXK,3428
TTE,2340
UPG,16459
CGK,4731
KOE,4260
BPN,10416
BTW,3066
CGK,114141
DPS,15685
HMS,3885
KBU,1906
SRG,24881
SUB,90833
UPG,5938
YIA,15283
CJN,37
BPN,14596
CGK,6979
SUB,13178
DJJ,14273
UPG,8804
KOE,4276
LBJ,3983
CGK,3430
CGK,42483
DPS,21255
CGK,52744
DPS,10039
DPS,3799
LOP,7289
UPG,810
DPS,43278
CGK,10600
BTH,4835
CGK,154710
DHX,2728
DPS,19541
GHS,1710
KJT,7465
KUL,4049
LNU,1484
LOP,3383
MDC,5582
PKY,1110
PLW,1736
PNK,9022
SIN,3946
SOC,3935
SRG,11206
SUB,89095
TJS,1008
TRK,40111
TRT,841
UPG,47513
YIA,47900
CGK,130888
DJB,4201
DTB,2954
KNO,55344
KUL,4629
LMU,1724
NTX,4188
PDG,31234
PGK,2742
PKU,34648
PLM,23166
PNK,9203
SRG,8663
SUB,34247
TKG,3036
YIA,10372
CGK,45563
KNO,14466
KUL,12753
PEN,2036
CGK,906
CGK,14049
CGK,4066
CGK,34012
DPS,13884
MDC,6811
DPS,2298
CMB,7753
DHX,2655
DJB,87776
DJJ,26211
DOH,74465
DPS,443496
DTB,42697
DXB,43893
FOC,7525
GTO,11468
HAN,5840
HKG,53570
HND,30490
ICN,40435
IST,24342
JED,75460
JHB,12945
KCH,7024
KDI,33850
KMG,508
KNO,268106
KOE,18297
KUL,264030
LBJ,35566
LLJ,8585
LOP,91945
MCT,15144
MDC,59591
MED,8844
MEL,14347
MFM,2727
MLG,25877
MNL,19935
NNG,1018
NRT,22156
PDG,135094
PEK,6990
PEN,33973
PGK,76498
PKU,135636
PKY,40944
PLM,137120
PLW,30039
PNH,3238
PNK,136103
PVG,18157
SIN,285735
SMQ,2476
SOC,55589
SOQ,21781
SRG,98623
SUB,276546
SYD,23653
SZX,10254
TAS,2489
TFU,3623
TJQ,35274
TKG,84255
TNJ,23583
TPE,33498
TRK,9177
TTE,20604
UPG,251543
XMN,24498
YIA,129215
DPS,5704
DPS,16841
DJJ,1832
DPS,12388
MKQ,19274
MKW,7158
NBX,6103
OKL,2833
SOQ,9978
TIM,25877
TMH,1585
UPG,25324
WMX,26468
ZRI,1065
LUV,965
DPS,62001
DRW,6876
DXB,58828
FOC,3687
HAN,16439
HKG,37075
ICN,38206
IST,13753
KJT,14189
KOE,16272
KUL,194682
LBJ,61630
LOP,28580
MDC,6621
MEL,98883
MNL,28118
NRT,9430
OOL,8935
PVG,25248
SIN,254949
SOC,18068
SOQ,2101
SRG,13751
SUB,126037
SWQ,3482
SYD,82590
TKG,3635
TMC,13735
TPE,36192
UPG,48796
WGP,4050
XMN,9846
YIA,40733
KOE,8478
LBJ,4483
MKQ,766
TIM,2001
KNO,3443
MDC,2004
KNO,17900
UPG,18105
SUB,16101
JOG,11165
KNO,20190
MLG,26149
PDG,7762
PKU,20147
PLM,47067
SOC,19139
SRG,20764
SUB,87516
YIA,29499
SUB,5753
SUB,4668
UPG,64050
MKQ,1960
KNO,5307
KUL,4982
SOQ,2907
KUL,88797
LKI,1032
LSW,2178
MEQ,278
PDG,9288
PEN,58872
PKU,13525
PLM,9553
SIN,22050
YIA,10914
LKA,4107
LWE,1408
MOF,740
RTG,1742
RTI,55
SAU,111
SUB,46768
TMC,3227
UPG,4439
WGP,3682
PNK,11432
LOP,16759
PDG,37946
PKU,35318
SUB,66390
UPG,9258
YIA,22450
UPG,5957
TTE,3665
MOF,150
SUB,10420
TRK,102
SIN,6118
SUB,56375
SWQ,3387
UPG,4228
YIA,10603
UPG,15882
NAH,82
NRT,1324
SIN,5929
SOQ,11554
SUB,10491
TTE,8158
UPG,32810
UPG,3748
TMH,1286
UPG,7641
NBX,1528
SOQ,20884
UPG,9054
NAH,52
PLW,3746
UPG,13792
TIM,10229
TTE,447
PKU,10
SUB,4150
PLM,11903
TJQ,13553
SIN,3873
SUB,4780
YIA,19450
SRG,9028
SUB,17758
SUB,6498
YIA,10201
SUB,3082
TLI,270
UPG,34030
PSU,1030
SOC,239
SQG,925
SUB,29361
YIA,10664
SUB,64215
UPG,4643
YIA,10553
SUB,781
TIM,7810
UPG,26744
TTE,720
UPG,10087
TRK,9727
TTE,6234
UPG,103207
UPG,25932
UPG,1301
UPG,28709
YIA,31407
BEJ,4153
CGK,33006
DPS,233
SUB,21471
UPG,806
YIA,4312
KOE,1170
DPS,14604
DPS,17916
CGK,23241
DOB,869
KFR,683
LUV,8165
NAM,1521
NRE,1061
SOQ,6394
SQN,478
SUB,9269
SXK,3266
TTE,2703
UPG,14942
CGK,5037
KOE,3761
BPN,9553
BTW,2831
CGK,119877
DPS,14168
HMS,3582
KBU,1359
PKY,109
SRG,21081
SUB,81246
UPG,5442
YIA,10047
CJN,32
BPN,10983
CGK,6297
SUB,10249
YIA,407
DJJ,13796
UPG,8054
KOE,3878
LBJ,3300
CGK,3983
DPS,2861
CGK,43037
DPS,20526
BTH,552
CGK,49235
DPS,10631
DPS,3923
LOP,5505
UPG,742
DPS,39264
CGK,10830
BTH,3933
CGK,154466
DHX,2396
DPS,19476
GHS,1581
KJT,5842
KUL,3881
LNU,1260
LOP,2870
MDC,3905
MJU,520
PKY,882
PLW,863
PNK,8900
SIN,3518
SOC,1868
SRG,10737
SUB,74669
TJS,229
TRK,34295
TRT,617
UPG,43826
YIA,39465
CGK,113742
DJB,2658
DTB,2402
KNO,45214
KUL,3547
LMU,1480
NTX,4668
PDG,22773
PGK,437
PKU,27351
PLM,19112
PNK,5974
SRG,4144
SUB,32025
TKG,2608
YIA,9959
CGK,45384
KNO,13713
KUL,14151
PEN,2213
CGK,2890
CGK,13660
CGK,6680
CGK,35164
DPS,22765
MDC,8494
DPS,891
CMB,7243
DHX,814
DJB,78424
DJJ,25354
DOH,75399
DPS,447768
DTB,37684
DXB,42276
FOC,5403
GTO,11920
HAN,7992
HKG,56638
HND,31829
ICN,41018
IST,24999
JED,137857
JHB,12396
KCH,7127
KDI,28198
KNO,233506
KOE,17970
KUL,237788
LBJ,34434
LLJ,8139
LOP,88262
MCT,16142
MDC,55754
MED,30367
MEL,11079
MFM,2631
MLG,23642
MNL,17939
NNG,1412
NRT,21875
PDG,128557
PEK,6528
PEN,30956
PGK,68346
PKU,128971
PKY,39954
PLM,131419
PLW,24950
PNH,3655
PNK,141126
PVG,18598
SIN,265211
SMQ,5400
SOC,54309
SOQ,21874
SRG,95775
SUB,270450
SYD,19160
SZB,4090
SZX,11112
TAS,2600
TFU,3786
TJQ,31066
TKG,97905
TNJ,21541
TPE,32785
TRK,9494
TTE,18396
UPG,240006
XMN,29090
YIA,126129
DPS,7474
DPS,16922
DJJ,4457
DPS,13163
MKQ,17344
MKW,5389
NBX,4543
OKL,2942
SOQ,6159
TIM,24074
TMH,1398
UPG,22982
WMX,24030
ZRI,1080
LUV,956
DPS,62694
DRW,6698
DXB,59505
FOC,2653
HAN,17740
HKG,41518
HKT,3149
ICN,41586
IST,14285
KJT,12913
KNO,160
KOE,14431
KUL,172390
LBJ,70167
LOP,29741
MDC,6618
MEL,96124
MNL,29391
NRT,12548
OOL,5461
PVG,25161
SIN,261773
SOC,13557
SOQ,2328
SRG,12649
SUB,122496
SWQ,3568
SYD,82859
SZX,3086
TKG,3476
TMC,13685
TPE,36940
UPG,45809
WGP,3314
XMN,9911
YIA,39176
KOE,7945
LBJ,4223
MKQ,707
TIM,1889
KNO,2884
MDC,3733
KNO,13771
UPG,18140
SUB,16563
JOG,10531
KNO,22783
MLG,24181
PDG,5228
PKU,16209
PLM,44029
SOC,14827
SRG,17377
SUB,85822
YIA,24012
SUB,5269
SUB,4595
UPG,64959
MKQ,1889
KNO,4828
KUL,4037
MKW,803
SOQ,2210
KUL,76867
LKI,1014
LSW,1672
MEQ,152
PDG,8553
PEN,49213
PKU,11476
PLM,9132
SIN,20339
SUB,3222
YIA,9453
LKA,3602
LWE,1377
RTG,1500
RTI,58
SAU,100
SUB,37415
TMC,3707
UPG,3222
WGP,2248
PNK,11464
LOP,18910
PDG,32840
PKU,37931
SUB,79261
UPG,9467
YIA,20833
UPG,5456
TTE,3319
SUB,9509
TRK,86
SIN,5584
SUB,54474
SWQ,3096
UPG,3260
YIA,10499
UPG,15012
NRT,1641
SIN,5557
SOQ,9911
SUB,8845
TTE,7771
UPG,31526
UPG,3965
TMH,1257
UPG,6274
NBX,1369
SOQ,18487
UPG,11531
PLW,3441
UPG,12514
TIM,8623
TTE,312
PKU,2
SUB,4552
PLM,11531
TJQ,11527
SIN,3940
SUB,4120
YIA,18228
SRG,8008
SUB,15541
SUB,4758
YIA,9625
SUB,4482
TLI,373
UPG,32551
PSU,568
SOC,636
SQG,764
SUB,27119
YIA,9878
SUB,61012
UPG,4203
YIA,8629
TIM,5317
UPG,17588
TTE,772
UPG,8670
TRK,9101
TTE,4153
UPG,87669
UPG,23294
UPG,797
UPG,29380
YIA,26324
BEJ,3899
CGK,33203
DPS,1068
SUB,21604
UPG,1630
YIA,5120
KOE,839
DPS,15407
DPS,14508
CGK,24839
DOB,940
KFR,603
LUV,7963
NAM,1430
NRE,989
SOQ,6666
SQN,418
SUB,9354
SXK,3268
TTE,2548
UPG,13484
CGK,4969
KOE,3873
BPN,10515
BTW,2765
CGK,115868
DPS,13058
HMS,3558
KBU,1183
SRG,20617
SUB,68599
UPG,5111
YIA,10122
CJN,32
BPN,11532
CGK,6453
SUB,9613
YIA,1498
DJJ,12943
UPG,6449
KOE,3084
LBJ,2948
CGK,4307
DPS,3592
MDC,2559
CGK,39993
DPS,19828
BTH,302
CGK,50392
DPS,10011
DPS,3393
LOP,7068
UPG,327
DPS,37662
CGK,10221
BTH,4683
CGK,164761
DPS,19093
GHS,1661
KJT,8292
KUL,3953
LNU,890
LOP,4301
MDC,4289
MJU,1559
PKY,1171
PLW,1155
PNK,8243
SIN,3555
SOC,2333
SRG,14440
SUB,79617
TJS,18
TRK,33185
TRT,907
UPG,43460
YIA,40484
BTJ,910
CGK,116581
DJB,3179
DTB,2965
KNO,49327
KUL,3374
LMU,1521
LOP,557
NTX,4525
PDG,23097
PGK,884
PKU,30299
PLM,19513
PNK,6239
SRG,5145
SUB,32086
TKG,2464
YIA,9290
CGK,52125
KNO,15946
KUL,15968
PEN,2298
CGK,2277
CGK,12266
CGK,4918
CGK,34374
DPS,21288
MDC,8604
DPS,862
CMB,6133
DHX,1993
DJB,74551
DJJ,25116
DOH,74521
DPS,430715
DTB,32586
DXB,43758
FOC,8699
GTO,12144
HAN,8507
HKG,54978
HND,35237
ICN,37605
IST,23549
JED,128255
JHB,12131
KCH,8382
KDI,27340
KMG,980
KNO,249752
KOE,17384
KUL,238090
LBJ,29402
LLJ,8500
LOP,93129
MCT,13867
MDC,53495
MED,24277
MEL,11913
MFM,3069
MLG,20669
MNL,18300
NNG,1593
NRT,22625
PDG,122840
PEK,6337
PEN,31569
PGK,63474
PKU,125305
PKY,36714
PLM,134915
PLW,25082
PNH,4015
PNK,131414
PVG,19293
SIN,261443
SMQ,4765
SOC,54455
SOQ,22287
SRG,94527
SUB,267539
SYD,21233
SZB,6252
SZX,10553
TAS,1585
TFU,3475
TJQ,31501
TKG,93841
TNJ,21620
TPE,31939
TRK,9259
TTE,17728
UPG,236413
XMN,29047
YIA,119140
DPS,9470
DPS,14450
DJJ,4537
DPS,12459
KNO,1849
PLM,159
YIA,1585
MKQ,16057
MKW,4297
NBX,4461
OKL,1406
SOQ,6116
TIM,22243
TMH,688
UPG,22273
WMX,19747
ZRI,860
LUV,933
DPS,67566
DRW,7469
DXB,63144
HAN,15541
HKG,40302
HKT,3599
ICN,38663
IST,14235
KJT,11186
KOE,13501
KUL,155968
LBJ,54840
LOP,27071
MDC,5442
MEL,93763
MNL,24405
NRT,11575
OOL,8565
PVG,24070
SIN,245600
SOC,14159
SOQ,1951
SRG,12937
SUB,113497
SVO,2085
SWQ,3400
SYD,80793
SZX,7291
TKG,3752
TMC,12965
TPE,35995
UPG,43046
WGP,2871
XMN,9991
YIA,34321
KOE,4483
LBJ,2392
MKQ,538
TIM,1892
KNO,3045
MDC,3407
KNO,13712
MDC,115
UPG,17015
SUB,16336
JOG,10237
KNO,22609
MLG,23931
PDG,4401
PKU,14282
PLM,42395
SOC,14359
SRG,17108
SUB,84590
YIA,22395
KNO,2196
SUB,5457
SUB,5333
UPG,62427
MKQ,1007
KNO,4982
KUL,2942
SIN,181
MKW,1073
SOQ,2000
KUL,83423
LKI,767
LSW,1860
MED,1916
MEQ,105
PDG,8986
PEN,52115
PKU,11182
PLM,8908
SIN,21543
SRG,1581
SUB,4928
TKG,1472
YIA,9802
LKA,3287
LWE,1177
RTG,1438
RTI,67
SAU,104
SUB,36637
TMC,3962
UPG,2877
WGP,2619
PNK,11272
LOP,17909
PDG,34305
PKU,35542
SUB,69018
UPG,8131
YIA,21389
UPG,5861
TTE,3211
SUB,7456
TRK,87
SIN,5931
SRG,1136
SUB,51958
SWQ,2746
UPG,2837
YIA,9377
UPG,15775
NRT,1457
SIN,5340
SOQ,7862
SUB,9131
TTE,8758
UPG,30045
UPG,3691
TMH,552
UPG,6429
NBX,1356
SOQ,16641
UPG,10840
PLW,3677
UPG,13270
TIM,7733
TTE,306
PKU,7
SRG,102
YIA,1525
SUB,4002
PLM,11693
SUB,170
TJQ,11248
YIA,1522
SIN,4576
SRG,473
SUB,3398
YIA,15242
SRG,8671
SUB,14653
SRG,819
SUB,4898
YIA,9237
SUB,4630
TLI,303
UPG,32132
PSU,651
SOC,598
SQG,499
SUB,21496
YIA,9848
SUB,52655
UPG,4140
YIA,8350
TIM,3504
UPG,16209
TTE,699
UPG,8938
TRK,9112
TTE,5953
UPG,85703
UPG,22768
UPG,627
UPG,30500
YIA,25684
BEJ,4698
CGK,33304
DPS,199
SUB,20768
UPG,1047
YIA,4568
KOE,866
DPS,16778
DPS,12390
CGK,28191
DOB,912
KFR,621
LUV,8616
NAM,1270
NRE,1011
SOQ,6208
SQN,293
SUB,9018
SXK,3876
TTE,2475
UPG,14721
CGK,4536
KOE,3944
BPN,10934
BTW,2567
CGK,118524
DPS,13616
HMS,3477
KBU,1422
PKY,153
SRG,25411
SUB,71016
UPG,4564
YIA,11037
CJN,22
BPN,12337
CGK,7612
SUB,10920
YIA,1793
DJJ,10773
UPG,6770
KOE,1727
LBJ,1381
CGK,2807
DPS,3261
MDC,1982
CGK,33910
DPS,19233
CGK,48878
DPS,10256
DPS,3404
LOP,7815
UPG,312
DPS,39990
CGK,10594
BTH,3662
CGK,161324
DPS,19029
GHS,2155
KJT,6479
KUL,3243
LNU,1293
LOP,3612
MDC,4526
MJU,1518
PKY,998
PLW,941
PNK,8305
SIN,3223
SOC,2366
SRG,15118
SUB,78930
TRK,35046
TRT,748
UPG,45086
YIA,43198
BTJ,196
CGK,113632
DJB,2861
DTB,3024
ICN,455
KNO,45716
KUL,3539
LMU,1368
NTX,4949
PDG,19003
PGK,853
PKU,29870
PLM,20295
PNK,6199
SRG,5127
SUB,30712
TKG,2337
YIA,9042
CGK,43195
KNO,12451
KUL,15602
PEN,2158
CGK,3745
CGK,12762
CGK,4741
CGK,33432
DPS,18348
MDC,8205
DPS,973
CMB,4084
DHX,2229
DJB,73411
DJJ,25396
DOH,71997
DPS,390137
DTB,34569
DXB,43208
FOC,7241
GTO,12170
HAN,8772
HKG,56000
HND,38011
ICN,42658
IST,24386
JED,117278
JHB,11110
KCH,6353
KDI,27062
KMG,872
KNO,221121
KOE,22429
KUL,234147
LBJ,28500
LLJ,8448
LOP,84979
MCT,12760
MDC,53015
MED,25958
MEL,11772
MFM,4018
MLG,9508
MNL,18397
NNG,1558
NRT,26008
PDG,117140
PEK,5799
PEN,32144
PGK,62626
PKU,119524
PKY,38122
PLM,132452
PLW,26131
PNH,3870
PNK,125792
PVG,20058
SIN,264751
SMQ,5442
SOC,56140
SOQ,24681
SRG,94722
SUB,263358
SYD,20931
SZB,5077
SZX,10589
TAS,2413
TFU,3439
TJQ,33221
TKG,94044
TNJ,21440
TPE,28813
TRK,9424
TTE,18335
UPG,239016
XMN,29397
YIA,117983
DPS,8869
DPS,11872
DJJ,5648
DPS,13420
KNO,1451
YIA,2032
MKQ,19173
MKW,4527
NBX,4543
OKL,920
SOQ,5120
TIM,23839
TMH,396
UPG,23325
WMX,19702
ZRI,711
LUV,908
DPS,67514
DRW,7215
DXB,67658
HAN,15002
HKG,32917
HKT,3867
ICN,40426
IST,14561
KJT,9584
KOE,15921
KUL,144194
LBJ,51644
LOP,25610
MDC,5877
MEL,92848
MNL,23836
NRT,11417
OOL,6951
PUS,216
PVG,24942
SIN,236860
SOC,13366
SOQ,2474
SRG,11517
SUB,112210
SVO,7605
SWQ,3560
SYD,82671
SZX,7685
TKG,2222
TMC,14443
TPE,34026
UPG,42649
WGP,2811
XMN,10402
YIA,32511
KOE,3501
LBJ,1731
MKQ,410
TIM,2100
KNO,2646
MDC,3765
KNO,13485
MDC,138
UPG,16974
SUB,16878
JOG,10254
KNO,18969
MLG,26565
PDG,4664
PKU,14487
PLM,43209
SOC,13437
SRG,17591
SUB,86888
YIA,22540
KNO,2026
SUB,4992
SUB,5282
UPG,64305
MKQ,724
KNO,3353
KUL,2491
SIN,1287
MKW,1592
SOQ,2593
KUL,76314
LKI,685
LSW,1860
MED,2235
MEQ,37
PDG,7530
PEN,50906
PKU,11210
PLM,7871
SIN,21981
SRG,811
SUB,3873
TKG,750
YIA,6611
LKA,4103
LWE,1509
RTG,1688
RTI,214
SAU,100
SUB,31489
TMC,3849
UPG,3094
WGP,2651
PNK,10954
LOP,17835
PDG,37576
PKU,33843
SUB,60432
UPG,8012
YIA,18545
UPG,5676
TTE,3491
SUB,7012
TRK,101
SIN,5363
SRG,918
SUB,44995
SWQ,2627
UPG,2092
YIA,8264
UPG,15949
NRT,1414
SIN,5173
SOQ,6190
SUB,9894
TTE,8190
UPG,27017
UPG,3219
TMH,339
UPG,5381
NBX,1360
SOQ,17741
UPG,11080
PLW,3224
UPG,13665
TIM,8569
TTE,313
PKU,7
YIA,1609
SUB,4590
PLM,10796
TJQ,11308
YIA,1690
SIN,3362
SUB,4200
YIA,14181
SRG,8178
SUB,13552
SRG,397
SUB,5353
YIA,8995
SUB,4510
TLI,290
UPG,30895
PSU,698
SOC,887
SQG,546
SUB,21050
YIA,9252
SUB,59204
UPG,4061
YIA,9215
SUB,3701
TIM,2292
UPG,16018
TTE,571
UPG,8245
TRK,9329
TTE,4556
UPG,90248
UPG,25735
UPG,652
UPG,29893
WNI,137
YIA,25792
BEJ,3537
CGK,34008
DPS,472
SUB,23069
UPG,734
YIA,4527
KOE,850
DPS,15670
DPS,5502
CGK,24153
DOB,1055
KFR,725
LUV,8576
NAM,1049
NRE,849
SOQ,4807
SQN,315
SUB,7211
SXK,3102
TTE,2207
UPG,12335
CGK,4383
KOE,3451
BPN,9555
BTW,2069
CGK,111353
DPS,13073
HMS,3344
KBU,1277
SRG,20343
SUB,64692
UPG,5439
YIA,10794
CJN,29
BPN,12707
CGK,7316
SUB,9969
YIA,1670
DJJ,10242
UPG,6296
KOE,846
LBJ,630
CGK,3021
DPS,2993
MDC,1686
CGK,39371
DPS,19663
CGK,46241
DPS,8922
DPS,2417
LOP,5306
UPG,233
DPS,35982
CGK,10365
BTH,4291
CGK,158166
DPS,20671
GHS,2278
KJT,6658
KUL,3661
LNU,975
LOP,2911
MDC,4031
MJU,1265
PKY,1222
PLW,847
PNK,7032
SIN,2776
SOC,2336
SRG,14365
SUB,71509
TRK,32544
TRT,844
UPG,41109
YIA,40049
CGK,110780
DJB,2967
DTB,2938
ICN,1403
KNO,41423
KUL,4686
LMU,1121
NTX,4618
PDG,18709
PGK,825
PKU,28656
PLM,19066
PNK,6079
SRG,4784
SUB,25481
TKG,2587
YIA,8503
CGK,37034
KNO,11049
KUL,16159
PEN,2146
CGK,3022
CGK,12097
CGK,2938
CGK,33565
DPS,15665
MDC,11388
CMB,3854
DHX,2063
DJB,68282
DJJ,23701
DOH,62158
DPS,331891
DTB,31385
DXB,39750
FOC,6572
GTO,12268
HAN,5674
HKG,58095
HND,40227
ICN,40929
IST,18855
JED,115486
JHB,11825
KCH,5349
KDI,26116
KMG,204
KNO,202571
KOE,19851
KUL,231721
LBJ,13022
LLJ,7554
LOP,68776
MCT,15194
MDC,47214
MED,34325
MEL,10069
MFM,4215
MLG,15106
MNL,15718
NNG,2399
NRT,29410
PDG,103119
PEK,8053
PEN,31301
PGK,61279
PKU,115542
PKY,37987
PLM,127691
PLW,25584
PNH,3924
PNK,108710
PVG,23904
SIN,272151
SMQ,5656
SOC,52920
SOQ,23928
SRG,89259
SUB,243006
SYD,18466
SZB,5008
SZX,10572
TAS,1984
TFU,3575
TJQ,31536
TKG,93966
TNJ,20492
TPE,28358
TRK,9109
TTE,17038
UPG,221213
XMN,28704
YIA,104974
DPS,8633
DPS,10018
DJJ,5853
DPS,12680
KNO,1538
PLM,132
YIA,2626
MKQ,17000
MKW,4193
NBX,5564
OKL,2246
SOQ,5167
TIM,23131
TMH,1116
UPG,21135
WMX,28821
ZRI,1106
LUV,903
DPS,47341
DRW,6489
DXB,44246
HAN,12667
HKG,26828
HKT,3854
ICN,45654
IST,18860
KJT,9364
KOE,12743
KUL,128753
LBJ,25381
LOP,19211
MDC,1736
MEL,80734
MNL,23233
NRT,12215
OOL,3107
PLM,294
PNK,756
PUS,4931
PVG,24781
SIN,198567
SOC,11438
SOQ,2965
SRG,11244
SUB,102117
SVO,7876
SWQ,2640
SYD,72773
SZX,7093
TMC,11355
TPE,28741
UPG,36549
WGP,1871
XMN,9431
YIA,25685
KOE,1105
LBJ,613
MKQ,796
TIM,1842
KNO,2822
MDC,1692
KNO,12515
UPG,14087
SUB,14945
JOG,9898
KNO,20769
MLG,21895
PDG,13418
PKU,13188
PLM,36459
SOC,12889
SRG,16633
SUB,88963
YIA,21761
KNO,3060
UPG,7375
SUB,4775
SUB,4646
UPG,58790
MKQ,1167
KNO,2807
KUL,1934
SIN,1385
MKW,1372
SOQ,1991
KUL,76044
LKI,599
LSW,1760
MED,3864
PDG,7186
PEN,48468
PKU,10409
PLM,7502
SIN,24513
SRG,1375
SUB,3166
TKG,1312
YIA,7433
LKA,3510
LWE,1202
RTG,746
RTI,446
SAU,100
SUB,26196
TMC,3783
UPG,2618
WGP,1834
PNK,9893
LBJ,2011
LOP,15878
PDG,33571
PKU,35079
SUB,65595
UPG,8922
YIA,16334
UPG,5644
TTE,3482
SUB,2357
TRK,77
SIN,4599
SRG,577
SUB,40998
SWQ,2368
UPG,1941
YIA,7426
PLW,262
UPG,14897
SIN,5707
SOQ,5111
SUB,8299
TTE,7316
UPG,22693
UPG,3237
TMH,688
UPG,6439
NBX,1730
SOQ,16193
UPG,9707
PLW,3287
UPG,13801
TIM,9303
TTE,243
PKU,10
SUB,132
YIA,1295
SUB,4117
PLM,10198
TJQ,11322
YIA,2058
SIN,3676
SUB,3751
YIA,11902
SRG,7632
SUB,14183
YIA,1069
SRG,510
SUB,4842
YIA,8625
SUB,4002
TLI,316
UOL,142
UPG,29091
PSU,622
SQG,738
SRG,655
SUB,21680
YIA,8677
SUB,59812
UPG,2754
YIA,9125
SRG,1060
SUB,3605
TIM,1628
UPG,15685
TTE,524
UPG,6945
TRK,8365
TTE,4112
UPG,80723
UPG,23362
UPG,606
UPG,27971
WNI,1086
YIA,25333
BEJ,3895
CGK,34151
SUB,27072
UPG,1580
YIA,6011
KOE,686
DPS,17829
DPS,6260
CGK,27878
DOB,1028
KFR,981
LUV,9814
NAM,1277
NRE,1116
SOQ,5557
SQN,402
SUB,9470
SXK,3604
TTE,2525
UPG,15254
CGK,4704
KOE,2852
BPN,9833
BTW,2599
CGK,119240
DPS,16553
HMS,3418
KBU,1067
SRG,24698
SUB,78366
UPG,7875
YIA,15368
CJN,42
BPN,13522
CGK,7513
SUB,11859
YIA,2384
DJJ,13174
UPG,8489
ZRI,28
KOE,2948
LBJ,2469
CGK,4349
DPS,3284
MDC,2150
CGK,38503
DPS,23776
CGK,56957
DPS,9930
DPS,2907
LOP,6007
UPG,228
DPS,42199
CGK,10539
BTH,4205
CGK,164441
DPS,24186
GHS,2394
KJT,7479
KUL,4080
LNU,1070
LOP,4530
MDC,6241
MJU,1123
PKY,941
PLW,1355
PNK,7760
SIN,3362
SOC,2102
SRG,17091
SUB,87769
TRK,39410
TRT,958
UPG,53193
YIA,48022
CGK,120484
DJB,4565
DTB,4143
ICN,3723
KNO,52517
KUL,4707
LMU,1039
NTX,4716
PDG,22536
PGK,2037
PKU,39783
PLM,24964
PNK,9187
SRG,6818
SUB,30484
TKG,2873
YIA,9885
CGK,42713
KNO,11246
KUL,20476
PEN,2555
CGK,3268
CGK,13126
CGK,2535
CGK,33575
DPS,19461
MDC,11400
DPS,769
CMB,4567
DHX,1738
DJB,84285
DJJ,24322
DOH,67417
DPS,419261
DTB,38762
DXB,41877
FOC,6765
GTO,13039
HAN,5793
HKG,69799
HND,42087
ICN,45108
IST,19413
JED,114170
JHB,16632
KCH,8421
KDI,30179
KNO,260854
KOE,21945
KUL,247834
LBJ,19599
LLJ,9024
LOP,75737
MCT,15210
MDC,53671
MED,31901
MEL,14319
MFM,5522
MLG,19540
MNL,15486
NNG,2808
NRT,32358
PDG,128232
PEK,10929
PEN,33865
PGK,76042
PKU,137197
PKY,40248
PLM,151228
PLW,26338
PNH,3588
PNK,131282
PVG,23950
SIN,358984
SMQ,6095
SOC,61071
SOQ,28221
SRG,94048
SUB,255105
SYD,23996
SZB,5931
SZX,10673
TAS,1383
TFU,3518
TJQ,36204
TKG,113563
TNJ,22472
TPE,35655
TRK,9063
TTE,18195
UPG,240163
XMN,28479
YIA,120653
DPS,8597
DPS,13325
DJJ,5908
DPS,15454
KNO,2185
YIA,3880
MKQ,19984
MKW,6319
NBX,9359
OKL,2012
SOQ,10730
TIM,29506
TMH,1483
UPG,25213
WMX,29875
ZRI,1242
LUV,1185
DPS,44658
DRW,6879
DXB,85059
HAN,16104
HKG,35854
HKT,4695
ICN,53594
IST,18749
KJT,8960
KNO,4457
KOE,16649
KUL,136170
LBJ,35075
LOP,25242
MDC,5763
MEL,91210
MNL,24673
NRT,11982
OOL,6171
PLM,1732
PNK,3735
PUS,6162
PVG,24898
SIN,220187
SOC,17011
SOQ,3437
SRG,14591
SUB,133194
SVO,7461
SWQ,2970
SYD,74502
SZX,7804
TMC,13414
TPE,27242
UPG,45959
WGP,2540
XMN,10643
YIA,33045
KOE,4988
LBJ,3987
MKQ,921
TIM,1983
KNO,3217
MDC,1685
KNO,17886
UPG,16270
SUB,14761
JOG,9972
KNO,24263
MLG,22346
PDG,16422
PKU,11251
PLM,40419
SOC,14673
SRG,17978
SUB,89615
YIA,27214
KNO,8275
UPG,12856
SUB,5664
SUB,7704
UPG,68616
MKQ,1546
KNO,604
SIN,1481
MKW,1279
SOQ,2333
KUL,83453
LKI,570
LSW,1472
MED,1719
PDG,10381
PEN,60833
PKU,10976
PLM,8587
SIN,29278
SRG,1441
SUB,3599
TKG,1970
YIA,9117
LKA,2914
LWE,1158
MOF,3270
RTG,745
RTI,83
SAU,98
SUB,30874
TMC,5474
UPG,4247
WGP,1803
PNK,10888
LOP,19810
PDG,38585
PKU,38237
SUB,66729
UPG,10271
YIA,19271
UPG,5539
TTE,3216
MOF,620
SUB,5176
TRK,95
SIN,5482
SRG,762
SUB,48175
SWQ,2129
UPG,2521
YIA,8974
PLW,231
UPG,15015
SIN,5432
SOQ,10448
SUB,10160
TTE,8421
UPG,27729
UPG,3596
TMH,817
UPG,9502
NBX,1026
SOQ,18000
UPG,13487
PLW,3581
UPG,15051
SOQ,3586
TIM,8235
TTE,304
PKU,12
YIA,2241
SUB,4187
PLM,12218
TJQ,12201
YIA,3060
SIN,4080
SUB,5315
YIA,13584
SRG,8135
SUB,18312
YIA,5586
SUB,7516
YIA,9905
SUB,7041
TLI,354
UOL,253
UPG,33317
PSU,707
SQG,838
SRG,2969
SUB,25337
YIA,10266
SUB,64787
UPG,4033
YIA,10192
SRG,1941
SUB,3959
TIM,3727
UPG,25599
TTE,551
UPG,9827
TRK,10198
TTE,7380
UPG,92753
UPG,25957
UPG,512
UPG,32336
YIA,30826
