Source.Name,Column1,Column2,Column3,Column4,Column5,Column6,Column7,Column8
20221231172557pdf_1-14 Januari 2023.pdf,,,,,INTERNATIONAL,,,
20221231172557pdf_1-14 Januari 2023.pdf,NO,LOCATION,CITY,IATA CODE,FLIGHT PRICE,"DOMESTIC FLIGHT
PRICE INTO
PLANE/NOT INTO
PLANE","DOMESTIC FLIGHT
PRICE INTO
PLANE/NOT INTO
PLANE
ONE TIME CUSTOMER","DOMESTIC FLIGHT
PRICE INTO
PLANE/NOT INTO
PLANE"
20221231172557pdf_1-14 Januari 2023.pdf,,,,,,(incl. VAT+Gov Tax),(incl. VAT+Gov Tax),(incl. VAT+Gov Tax)
20221231172557pdf_1-14 Januari 2023.pdf,,,,,(USCents / Liter),(Rp / Liter),(Rp / Liter),(USCents / Liter)
20221231172557pdf_1-14 Januari 2023.pdf,1,APT PRANOTO,SAMARINDA,AAP,102.10,"17,518.62","17,565.84",112.19
20221231172557pdf_1-14 Januari 2023.pdf,2,PATTIMURA,AMBON,AMQ,102.80,"17,663.31","17,710.92",113.08
20221231172557pdf_1-14 Januari 2023.pdf,3,SYAMSUDDIN NOOR,BANJARMASIN,BDJ,102.10,"17,518.62","17,565.84",112.19
20221231172557pdf_1-14 Januari 2023.pdf,4,HUSEIN SASTRANEGARA,BANDUNG,BDO,101.10,"17,362.80","17,409.60",111.19
20221231172557pdf_1-14 Januari 2023.pdf,5,FRANS KAISIEPO,BIAK,BIK,102.80,"17,663.31","17,710.92",113.08
20221231172557pdf_1-14 Januari 2023.pdf,6,FATMAWATI SOEKARNOPUTRI,BENGKULU,BKS,99.90,"17,184.72","17,231.04",110.08
20221231172557pdf_1-14 Januari 2023.pdf,7,M. SALAHUDDIN,BIMA,BMU,101.50,"17,440.71","17,487.72",111.63
20221231172557pdf_1-14 Januari 2023.pdf,8,SEPINGGAN,BALIKPAPAN,BPN,100.40,"17,240.37","17,286.84",110.41
20221231172557pdf_1-14 Januari 2023.pdf,9,HANG NADIM,BATAM,BTH,99.10,"15,325.84","15,371.68",98.19
20221231172557pdf_1-14 Januari 2023.pdf,10,SULTAN ISKANDAR MUDA,BANDA ACEH,BTJ,99.80,"17,117.94","17,164.08",109.63
20221231172557pdf_1-14 Januari 2023.pdf,11,SOEKARNO HATTA,CENGKARENG,CGK,88.30,"15,136.80","15,177.60",96.94
20221231172557pdf_1-14 Januari 2023.pdf,12,TUNGGUL WULUNG,CILACAP,CXP,101.40,"17,396.19","17,443.08",111.41
20221231172557pdf_1-14 Januari 2023.pdf,13,SULTAN THAHA,JAMBI,DJB,100.10,"17,229.24","17,275.68",110.30
20221231172557pdf_1-14 Januari 2023.pdf,14,SENTANI,JAYAPURA,DJJ,102.90,"17,618.79","17,666.28",112.86
20221231172557pdf_1-14 Januari 2023.pdf,15,NGURAH RAI,DENPASAR,DPS,101.10,"17,318.28","17,364.96",110.97
20221231172557pdf_1-14 Januari 2023.pdf,16,PINANG KAMPAI,DUMAI,DUM,99.80,"17,117.94","17,164.08",109.63
20221231172557pdf_1-14 Januari 2023.pdf,17,H. AROEBOESMAN,ENDE,ENE,101.50,"17,440.71","17,487.72",111.63
20221231172557pdf_1-14 Januari 2023.pdf,18,JALALUDDIN,GORONTALO,GTO,102.40,"17,596.53","17,643.96",112.64
20221231172557pdf_1-14 Januari 2023.pdf,19,HALIM PERDANAKUSUMA,JAKARTA,HLP,95.40,"16,361.10","16,405.20",104.84
20221231172557pdf_1-14 Januari 2023.pdf,20,ADISUCIPTO,YOGYAKARTA,JOG,101.10,"17,351.67","17,398.44",111.08
20221231172557pdf_1-14 Januari 2023.pdf,21,WOLTER MONGINSIDI,KENDARI,KDI,102.40,"17,596.53","17,643.96",112.64
20221231172557pdf_1-14 Januari 2023.pdf,22,UTAROM,KAIMANA,KNG,102.80,"17,663.31","17,710.92",113.08
20221231172557pdf_1-14 Januari 2023.pdf,23,ELTARI,KUPANG,KOE,98.70,"16,906.47","16,952.04",108.29
20221231172557pdf_1-14 Januari 2023.pdf,24,LOMBOK INTERNATIONAL,MATARAM,LOP,101.40,"17,407.32","17,454.24",111.52
20221231172557pdf_1-14 Januari 2023.pdf,25,BUBUNG,LUWUK,LUW,102.40,"17,596.53","17,643.96",112.64
20221231172557pdf_1-14 Januari 2023.pdf,26,SAM RATULANGI,MANADO,MDC,102.40,"17,596.53","17,643.96",112.64
20221231172557pdf_1-14 Januari 2023.pdf,27,POLONIA,MEDAN,MES,99.80,"17,117.94","17,164.08",109.63
20221231172557pdf_1-14 Januari 2023.pdf,28,MOPAH,MERAUKE,MKQ,102.80,"17,663.31","17,710.92",113.08
20221231172557pdf_1-14 Januari 2023.pdf,29,RENDANI,MANOKWARI,MKW,102.80,"17,663.31","17,710.92",113.08
20221231172557pdf_1-14 Januari 2023.pdf,30,KERTAJATI,MAJALENGKA,KJT,94.70,"16,249.80","16,293.60",104.07
20221231172557pdf_1-14 Januari 2023.pdf,31,ABDURACHMAN SALEH,MALANG,MLG,101.20,"17,373.93","17,420.76",111.30
20221231172557pdf_1-14 Januari 2023.pdf,32,WAI OTI,MAUMERE,MOF,101.50,"17,440.71","17,487.72",111.63
20221231172557pdf_1-14 Januari 2023.pdf,33,PANIAI,NABIRE,NBX,102.80,"17,663.31","17,710.92",113.08
20221231172557pdf_1-14 Januari 2023.pdf,34,RANAI,NATUNA,NTX,99.80,"17,117.94","17,164.08",109.63
20221231172557pdf_1-14 Januari 2023.pdf,35,PONDOK CABE,JAKARTA,PCB,101.50,"17,429.58","17,476.56",111.63
20221231172557pdf_1-14 Januari 2023.pdf,36,MINANGKABAU,PADANG,PDG,99.80,"17,006.64","17,052.48",108.85
20221231172557pdf_1-14 Januari 2023.pdf,37,DEPATI AMIR,PANGKAL PINANG,PGK,"99.40","17,062.29","17,108.28",109.30
20221231172557pdf_1-14 Januari 2023.pdf,38,ISKANDAR,PANGKALAN BUN,PKN,102.10,"17,518.62","17,565.84",112.19
20221231172557pdf_1-14 Januari 2023.pdf,39,SULTAN SYARIF KASIM II,PEKANBARU,PKU,99.80,"17,117.94","17,164.08",109.63
20221231172557pdf_1-14 Januari 2023.pdf,40,TJILIK RIWUT,PALANGKARAYA,PKY,102.10,"17,518.62","17,565.84",112.19
20221231172557pdf_1-14 Januari 2023.pdf,41,SULTAN MAHMUD BADARUDDIN II,PALEMBANG,PLM,99.40,"17,062.29","17,108.28",109.30
20221231172557pdf_1-14 Januari 2023.pdf,42,MUTIARA,PALU,PLW,102.40,"17,596.53","17,643.96",112.64
20221231172557pdf_1-14 Januari 2023.pdf,43,SUPADIO,PONTIANAK,PNK,102.10,"17,518.62","17,565.84",112.19
20221231172557pdf_1-14 Januari 2023.pdf,44,H. ASAN,SAMPIT,SMQ,102.10,"17,518.62","17,565.84",112.19
20221231172557pdf_1-14 Januari 2023.pdf,45,ADISUMARMO,SOLO,SOC,101.40,"17,396.19","17,443.08",111.41
20221231172557pdf_1-14 Januari 2023.pdf,46,SORONG DARATAN,SORONG,SOQ,102.80,"17,663.31","17,710.92",113.08
20221231172557pdf_1-14 Januari 2023.pdf,47,ACHMAD YANI,SEMARANG,SRG,100.50,"17,240.37","17,286.84",110.41
20221231172557pdf_1-14 Januari 2023.pdf,48,JUANDA,SURABAYA,SUB,98.60,"16,884.21","16,929.72",108.18
20221231172557pdf_1-14 Januari 2023.pdf,49,RADEN INTEN II,BANDAR LAMPUNG,TKG,98.50,"17,062.29","17,108.28",109.30
20221231172557pdf_1-14 Januari 2023.pdf,50,KIJANG,TANJUNG PINANG,TNJ,100.40,"17,240.37","17,286.84",110.41
20221231172557pdf_1-14 Januari 2023.pdf,51,JUWATA,TARAKAN,TRK,102.10,"17,518.62","17,565.84",112.19
20221231172557pdf_1-14 Januari 2023.pdf,52,BABULLAH,TERNATE,TTE,102.80,"17,663.31","17,710.92",113.08
20221231172557pdf_1-14 Januari 2023.pdf,53,HASANUDDIN,UJUNG PANDANG,UPG,102.00,"17,474.10","17,521.20",111.86
20221231172557pdf_1-14 Januari 2023.pdf,54,MAU HAU,WAINGAPU,WGP,101.50,"17,440.71","17,487.72",111.63
20221231172557pdf_1-14 Januari 2023.pdf,55,ISWAHYUDI,MADIUN,WIAR (ICAO),101.40,"17,440.71","17,487.72",111.75
20221231172557pdf_1-14 Januari 2023.pdf,56,DUMATUBUN,TUAL,LUV,102.60,"17,641.05","17,688.60",112.97
20221231172557pdf_1-14 Januari 2023.pdf,57,SILANGIT,SIBORONG-BORONG,DTB,99.30,"17,051.16","17,097.12",109.19
20221231172557pdf_1-14 Januari 2023.pdf,58,KALIMARAU,BERAU,BEJ,102.10,"17,518.62","17,565.84",112.19
20221231172557pdf_1-14 Januari 2023.pdf,59,KOMODO,LABUAN BAJO,LBJ,101.90,"17,507.49","17,554.68",112.08
20221231172557pdf_1-14 Januari 2023.pdf,60,KUALANAMU,DELI SERDANG,KNO,99.50,"17,040.03","17,085.96",109.07
20221231172557pdf_1-14 Januari 2023.pdf,61,TAMPA PADANG,MAMUJU,MJU,102.80,"17,641.05","17,688.60",112.97
20221231172557pdf_1-14 Januari 2023.pdf,62,F.L. TOBING,PINANGSORI,FLZ,99.80,"17,117.94","17,164.08",109.63
20221231172557pdf_1-14 Januari 2023.pdf,63,MOZES KILANGIN,TIMIKA,TIM,102.80,"17,663.31","17,710.92",113.08
20221231172557pdf_1-14 Januari 2023.pdf,64,H.A.S. HANANDJOEDDIN,TANJUNG PANDAN,TJQ,100.00,"17,206.98","17,253.36",110.19
20221231172557pdf_1-14 Januari 2023.pdf,65,BLIMBINGSARI,BANYUWANGI,BWX,101.50,"17,440.71","17,487.72",111.63
20221231172557pdf_1-14 Januari 2023.pdf,66,TAMBOLAKA,SUMBA BARAT,TMC,101.50,"17,462.97","17,510.04",111.86
20221231172557pdf_1-14 Januari 2023.pdf,67,BINAKA,GUNUNGSITOLI,GNS,99.80,"17,117.94","17,164.08",109.63
20221231172557pdf_1-14 Januari 2023.pdf,68,KULONPROGO,YOGYAKARTA,YIA,101.10,"17,362.80","17,409.60",111.19
20221231172557pdf_1-14 Januari 2023.pdf,69,KUABANG,HALMAHERA UTARA,KAZ,102.50,"17,641.05","17,688.60",112.97
20221231172557pdf_1-14 Januari 2023.pdf,70,JENDERAL BESAR SOEDIRMAN,PURBALINGGA,PWL,101.40,"17,396.19","17,443.08",111.41
20221231172557pdf_1-14 Januari 2023.pdf,71,MATHILDA BATLAYERI,SAUMLAKI,SXK,102.30,"17,663.31","17,710.92",113.08
20221231172557pdf_1-14 Januari 2023.pdf,72,BUDIARTO,CURUG,BTO,101.40,"17,451.84","17,498.88",104.84
20230115085437pdf_15-31 Januari 2023.pdf,1,APT PRANOTO,SAMARINDA,AAP,102.00,"17,518.62","17,565.84",112.08
20230115085437pdf_15-31 Januari 2023.pdf,2,PATTIMURA,AMBON,AMQ,102.70,"17,663.31","17,710.92",112.97
20230115085437pdf_15-31 Januari 2023.pdf,3,SYAMSUDDIN NOOR,BANJARMASIN,BDJ,102.00,"17,518.62","17,565.84",112.08
20230115085437pdf_15-31 Januari 2023.pdf,4,HUSEIN SASTRANEGARA,BANDUNG,BDO,101.00,"17,362.80","17,409.60",111.08
20230115085437pdf_15-31 Januari 2023.pdf,5,FRANS KAISIEPO,BIAK,BIK,102.70,"17,663.31","17,710.92",112.97
20230115085437pdf_15-31 Januari 2023.pdf,6,FATMAWATI SOEKARNOPUTRI,BENGKULU,BKS,99.80,"17,184.72","17,231.04",109.96
20230115085437pdf_15-31 Januari 2023.pdf,7,M. SALAHUDDIN,BIMA,BMU,102.00,"17,540.88","17,588.16",112.19
20230115085437pdf_15-31 Januari 2023.pdf,8,SEPINGGAN,BALIKPAPAN,BPN,100.40,"17,240.37","17,286.84",110.30
20230115085437pdf_15-31 Januari 2023.pdf,9,HANG NADIM,BATAM,BTH,99.00,"15,325.84","15,371.68",98.09
20230115085437pdf_15-31 Januari 2023.pdf,10,SULTAN ISKANDAR MUDA,BANDA ACEH,BTJ,99.70,"17,117.94","17,164.08",109.52
20230115085437pdf_15-31 Januari 2023.pdf,11,SOEKARNO HATTA,CENGKARENG,CGK,88.20,"15,136.80","15,177.60",96.83
20230115085437pdf_15-31 Januari 2023.pdf,12,TUNGGUL WULUNG,CILACAP,CXP,101.30,"17,396.19","17,443.08",111.30
20230115085437pdf_15-31 Januari 2023.pdf,13,SULTAN THAHA,JAMBI,DJB,100.00,"17,229.24","17,275.68",110.19
20230115085437pdf_15-31 Januari 2023.pdf,14,SENTANI,JAYAPURA,DJJ,102.80,"17,618.79","17,666.28",112.75
20230115085437pdf_15-31 Januari 2023.pdf,15,NGURAH RAI,DENPASAR,DPS,101.00,"17,318.28","17,364.96",110.85
20230115085437pdf_15-31 Januari 2023.pdf,16,PINANG KAMPAI,DUMAI,DUM,99.70,"17,117.94","17,164.08",109.52
20230115085437pdf_15-31 Januari 2023.pdf,17,H. AROEBOESMAN,ENDE,ENE,102.00,"17,540.88","17,588.16",112.19
20230115085437pdf_15-31 Januari 2023.pdf,18,JALALUDDIN,GORONTALO,GTO,102.40,"17,596.53","17,643.96",112.64
20230115085437pdf_15-31 Januari 2023.pdf,19,HALIM PERDANAKUSUMA,JAKARTA,HLP,95.30,"16,361.10","16,405.20",104.73
20230115085437pdf_15-31 Januari 2023.pdf,20,ADISUCIPTO,YOGYAKARTA,JOG,101.00,"17,351.67","17,398.44",110.97
20230115085437pdf_15-31 Januari 2023.pdf,21,WOLTER MONGINSIDI,KENDARI,KDI,102.40,"17,596.53","17,643.96",112.64
20230115085437pdf_15-31 Januari 2023.pdf,22,UTAROM,KAIMANA,KNG,102.70,"17,663.31","17,710.92",112.97
20230115085437pdf_15-31 Januari 2023.pdf,23,ELTARI,KUPANG,KOE,98.60,"16,906.47","16,952.04",108.18
20230115085437pdf_15-31 Januari 2023.pdf,24,LOMBOK INTERNATIONAL,MATARAM,LOP,101.30,"17,407.32","17,454.24",111.41
20230115085437pdf_15-31 Januari 2023.pdf,25,BUBUNG,LUWUK,LUW,102.40,"17,596.53","17,643.96",112.64
20230115085437pdf_15-31 Januari 2023.pdf,26,SAM RATULANGI,MANADO,MDC,102.40,"17,596.53","17,643.96",112.64
20230115085437pdf_15-31 Januari 2023.pdf,27,POLONIA,MEDAN,MES,99.70,"17,117.94","17,164.08",109.52
20230115085437pdf_15-31 Januari 2023.pdf,28,MOPAH,MERAUKE,MKQ,102.70,"17,663.31","17,710.92",112.97
20230115085437pdf_15-31 Januari 2023.pdf,29,RENDANI,MANOKWARI,MKW,102.70,"17,663.31","17,710.92",112.97
20230115085437pdf_15-31 Januari 2023.pdf,30,KERTAJATI,MAJALENGKA,KJT,94.60,"16,249.80","16,293.60",103.95
20230115085437pdf_15-31 Januari 2023.pdf,31,ABDURACHMAN SALEH,MALANG,MLG,101.10,"17,373.93","17,420.76",111.19
20230115085437pdf_15-31 Januari 2023.pdf,32,WAI OTI,MAUMERE,MOF,102.00,"17,540.88","17,588.16",112.19
20230115085437pdf_15-31 Januari 2023.pdf,33,PANIAI,NABIRE,NBX,102.70,"17,663.31","17,710.92",112.97
20230115085437pdf_15-31 Januari 2023.pdf,34,RANAI,NATUNA,NTX,99.70,"17,117.94","17,164.08",109.52
20230115085437pdf_15-31 Januari 2023.pdf,35,PONDOK CABE,JAKARTA,PCB,101.40,"17,429.58","17,476.56",111.52
20230115085437pdf_15-31 Januari 2023.pdf,36,MINANGKABAU,PADANG,PDG,99.70,"17,006.64","17,052.48",108.85
20230115085437pdf_15-31 Januari 2023.pdf,37,DEPATI AMIR,PANGKAL PINANG,PGK,"99.30","17,062.29","17,108.28",109.19
20230115085437pdf_15-31 Januari 2023.pdf,38,ISKANDAR,PANGKALAN BUN,PKN,102.00,"17,518.62","17,565.84",112.08
20230115085437pdf_15-31 Januari 2023.pdf,39,SULTAN SYARIF KASIM II,PEKANBARU,PKU,99.70,"17,117.94","17,164.08",109.52
20230115085437pdf_15-31 Januari 2023.pdf,40,TJILIK RIWUT,PALANGKARAYA,PKY,102.00,"17,518.62","17,565.84",112.08
20230115085437pdf_15-31 Januari 2023.pdf,41,SULTAN MAHMUD BADARUDDIN II,PALEMBANG,PLM,99.30,"17,062.29","17,108.28",109.19
20230115085437pdf_15-31 Januari 2023.pdf,42,MUTIARA,PALU,PLW,102.40,"17,596.53","17,643.96",112.64
20230115085437pdf_15-31 Januari 2023.pdf,43,SUPADIO,PONTIANAK,PNK,102.00,"17,518.62","17,565.84",112.08
20230115085437pdf_15-31 Januari 2023.pdf,44,H. ASAN,SAMPIT,SMQ,102.00,"17,518.62","17,565.84",112.08
20230115085437pdf_15-31 Januari 2023.pdf,45,ADISUMARMO,SOLO,SOC,101.30,"17,396.19","17,443.08",111.30
20230115085437pdf_15-31 Januari 2023.pdf,46,SORONG DARATAN,SORONG,SOQ,102.70,"17,663.31","17,710.92",112.97
20230115085437pdf_15-31 Januari 2023.pdf,47,ACHMAD YANI,SEMARANG,SRG,100.40,"17,240.37","17,286.84",110.30
20230115085437pdf_15-31 Januari 2023.pdf,48,JUANDA,SURABAYA,SUB,98.50,"16,884.21","16,929.72",108.07
20230115085437pdf_15-31 Januari 2023.pdf,49,RADEN INTEN II,BANDAR LAMPUNG,TKG,98.40,"17,062.29","17,108.28",109.19
20230115085437pdf_15-31 Januari 2023.pdf,50,KIJANG,TANJUNG PINANG,TNJ,100.30,"17,240.37","17,286.84",110.30
20230115085437pdf_15-31 Januari 2023.pdf,51,JUWATA,TARAKAN,TRK,102.00,"17,518.62","17,565.84",112.08
20230115085437pdf_15-31 Januari 2023.pdf,52,BABULLAH,TERNATE,TTE,102.70,"17,663.31","17,710.92",112.97
20230115085437pdf_15-31 Januari 2023.pdf,53,HASANUDDIN,UJUNG PANDANG,UPG,101.90,"17,474.10","17,521.20",111.86
20230115085437pdf_15-31 Januari 2023.pdf,54,MAU HAU,WAINGAPU,WGP,102.00,"17,540.88","17,588.16",112.19
20230115085437pdf_15-31 Januari 2023.pdf,55,ISWAHYUDI,MADIUN,WIAR (ICAO),101.30,"17,440.71","17,487.72",111.63
20230115085437pdf_15-31 Januari 2023.pdf,56,DUMATUBUN,TUAL,LUV,102.60,"17,641.05","17,688.60",112.86
20230115085437pdf_15-31 Januari 2023.pdf,57,SILANGIT,SIBORONG-BORONG,DTB,99.20,"17,051.16","17,097.12",109.07
20230115085437pdf_15-31 Januari 2023.pdf,58,KALIMARAU,BERAU,BEJ,102.00,"17,518.62","17,565.84",112.08
20230115085437pdf_15-31 Januari 2023.pdf,59,KOMODO,LABUAN BAJO,LBJ,101.80,"17,507.49","17,554.68",111.97
20230115085437pdf_15-31 Januari 2023.pdf,60,KUALANAMU,DELI SERDANG,KNO,99.40,"17,040.03","17,085.96",109.07
20230115085437pdf_15-31 Januari 2023.pdf,61,TAMPA PADANG,MAMUJU,MJU,102.70,"17,641.05","17,688.60",112.86
20230115085437pdf_15-31 Januari 2023.pdf,62,F.L. TOBING,PINANGSORI,FLZ,99.70,"17,117.94","17,164.08",109.52
20230115085437pdf_15-31 Januari 2023.pdf,63,MOZES KILANGIN,TIMIKA,TIM,102.70,"17,663.31","17,710.92",112.97
20230115085437pdf_15-31 Januari 2023.pdf,64,H.A.S. HANANDJOEDDIN,TANJUNG PANDAN,TJQ,99.90,"17,206.98","17,253.36",110.08
20230115085437pdf_15-31 Januari 2023.pdf,65,BLIMBINGSARI,BANYUWANGI,BWX,102.00,"17,540.88","17,588.16",112.19
20230115085437pdf_15-31 Januari 2023.pdf,66,TAMBOLAKA,SUMBA BARAT,TMC,101.40,"17,462.97","17,510.04",111.75
20230115085437pdf_15-31 Januari 2023.pdf,67,BINAKA,GUNUNGSITOLI,GNS,99.70,"17,117.94","17,164.08",109.52
20230115085437pdf_15-31 Januari 2023.pdf,68,KULONPROGO,YOGYAKARTA,YIA,101.00,"17,362.80","17,409.60",111.08
20230115085437pdf_15-31 Januari 2023.pdf,69,KUABANG,HALMAHERA UTARA,KAZ,102.50,"17,641.05","17,688.60",112.86
20230115085437pdf_15-31 Januari 2023.pdf,70,JENDERAL BESAR SOEDIRMAN,PURBALINGGA,PWL,101.30,"17,396.19","17,443.08",111.30
20230115085437pdf_15-31 Januari 2023.pdf,71,MATHILDA BATLAYERI,SAUMLAKI,SXK,102.20,"17,663.31","17,710.92",112.97
20230115085437pdf_15-31 Januari 2023.pdf,72,BUDIARTO,CURUG,BTO,101.30,"17,451.84","17,498.88",104.73
20230315022527pdf_15-31 Maret 2023.pdf,1,APT PRANOTO,SAMARINDA,AAP,97.70,"16,405.62","16,449.84",107.40
20230315022527pdf_15-31 Maret 2023.pdf,2,PATTIMURA,AMBON,AMQ,99.40,"16,695.00","16,740.00",109.30
20230315022527pdf_15-31 Maret 2023.pdf,3,SYAMSUDDIN NOOR,BANJARMASIN,BDJ,97.70,"16,405.62","16,449.84",107.40
20230315022527pdf_15-31 Maret 2023.pdf,4,HUSEIN SASTRANEGARA,BANDUNG,BDO,94.90,"15,927.03","15,969.96",104.29
20230315022527pdf_15-31 Maret 2023.pdf,5,FRANS KAISIEPO,BIAK,BIK,99.40,"16,695.00","16,740.00",109.30
20230315022527pdf_15-31 Maret 2023.pdf,6,FATMAWATI SOEKARNOPUTRI,BENGKULU,BKS,95.40,"16,049.46","16,092.72",105.07
20230315022527pdf_15-31 Maret 2023.pdf,7,M. SALAHUDDIN,BIMA,BMU,98.00,"16,450.14","16,494.48",107.74
20230315022527pdf_15-31 Maret 2023.pdf,8,SEPINGGAN,BALIKPAPAN,BPN,96.10,"16,127.37","16,170.84",105.62
20230315022527pdf_15-31 Maret 2023.pdf,9,HANG NADIM,BATAM,BTH,94.60,"14,302.78","14,345.56",93.68
20230315022527pdf_15-31 Maret 2023.pdf,10,SULTAN ISKANDAR MUDA,BANDA ACEH,BTJ,95.30,"15,982.68","16,025.76",104.62
20230315022527pdf_15-31 Maret 2023.pdf,11,SOEKARNO HATTA,CENGKARENG,CGK,81.80,"13,701.03","13,737.96",89.71
20230315022527pdf_15-31 Maret 2023.pdf,12,TUNGGUL WULUNG,CILACAP,CXP,97.00,"16,283.19","16,327.08",106.63
20230315022527pdf_15-31 Maret 2023.pdf,13,SULTAN THAHA,JAMBI,DJB,95.70,"16,093.98","16,137.36",105.40
20230315022527pdf_15-31 Maret 2023.pdf,14,SENTANI,JAYAPURA,DJJ,99.50,"16,650.48","16,695.36",109.07
20230315022527pdf_15-31 Maret 2023.pdf,15,NGURAH RAI,DENPASAR,DPS,96.80,"16,227.54","16,271.28",106.18
20230315022527pdf_15-31 Maret 2023.pdf,16,PINANG KAMPAI,DUMAI,DUM,95.30,"15,982.68","16,025.76",104.62
20230315022527pdf_15-31 Maret 2023.pdf,17,H. AROEBOESMAN,ENDE,ENE,98.00,"16,450.14","16,494.48",107.74
20230315022527pdf_15-31 Maret 2023.pdf,18,JALALUDDIN,GORONTALO,GTO,98.40,"16,528.05","16,572.60",108.18
20230315022527pdf_15-31 Maret 2023.pdf,19,HALIM PERDANAKUSUMA,JAKARTA,HLP,89.00,"14,925.33","14,965.56",97.72
20230315022527pdf_15-31 Maret 2023.pdf,20,ADISUCIPTO,YOGYAKARTA,JOG,96.80,"16,238.67","16,282.44",106.29
20230315022527pdf_15-31 Maret 2023.pdf,21,WOLTER MONGINSIDI,KENDARI,KDI,98.40,"16,528.05","16,572.60",108.18
20230315022527pdf_15-31 Maret 2023.pdf,22,UTAROM,KAIMANA,KNG,99.40,"16,695.00","16,740.00",109.30
20230315022527pdf_15-31 Maret 2023.pdf,23,ELTARI,KUPANG,KOE,94.50,"15,815.73","15,858.36",103.51
20230315022527pdf_15-31 Maret 2023.pdf,24,LOMBOK INTERNATIONAL,MATARAM,LOP,97.20,"16,316.58","16,360.56",106.85
20230315022527pdf_15-31 Maret 2023.pdf,25,BUBUNG,LUWUK,LUW,98.40,"16,528.05","16,572.60",108.18
20230315022527pdf_15-31 Maret 2023.pdf,26,SAM RATULANGI,MANADO,MDC,98.40,"16,528.05","16,572.60",108.18
20230315022527pdf_15-31 Maret 2023.pdf,27,POLONIA,MEDAN,MES,95.30,"15,982.68","16,025.76",104.62
20230315022527pdf_15-31 Maret 2023.pdf,28,MOPAH,MERAUKE,MKQ,99.40,"16,695.00","16,740.00",109.30
20230315022527pdf_15-31 Maret 2023.pdf,29,RENDANI,MANOKWARI,MKW,99.40,"16,695.00","16,740.00",109.30
20230315022527pdf_15-31 Maret 2023.pdf,30,KERTAJATI,MAJALENGKA,KJT,88.30,"14,814.03","14,853.96",96.94
20230315022527pdf_15-31 Maret 2023.pdf,31,ABDURACHMAN SALEH,MALANG,MLG,97.00,"16,283.19","16,327.08",106.63
20230315022527pdf_15-31 Maret 2023.pdf,32,WAI OTI,MAUMERE,MOF,98.00,"16,450.14","16,494.48",107.74
20230315022527pdf_15-31 Maret 2023.pdf,33,PANIAI,NABIRE,NBX,99.40,"16,695.00","16,740.00",109.30
20230315022527pdf_15-31 Maret 2023.pdf,34,RANAI,NATUNA,NTX,95.30,"15,982.68","16,025.76",104.62
20230315022527pdf_15-31 Maret 2023.pdf,35,PONDOK CABE,JAKARTA,PCB,97.20,"16,316.58","16,360.56",106.85
20230315022527pdf_15-31 Maret 2023.pdf,36,MINANGKABAU,PADANG,PDG,95.30,"15,871.38","15,914.16",103.95
20230315022527pdf_15-31 Maret 2023.pdf,37,DEPATI AMIR,PANGKAL PINANG,PGK,94.90,"15,927.03","15,969.96",104.29
20230315022527pdf_15-31 Maret 2023.pdf,38,ISKANDAR,PANGKALAN BUN,PKN,97.70,"16,405.62","16,449.84",107.40
20230315022527pdf_15-31 Maret 2023.pdf,39,SULTAN SYARIF KASIM II,PEKANBARU,PKU,95.30,"15,982.68","16,025.76",104.62
20230315022527pdf_15-31 Maret 2023.pdf,40,TJILIK RIWUT,PALANGKARAYA,PKY,97.70,"16,405.62","16,449.84",107.40
20230315022527pdf_15-31 Maret 2023.pdf,41,SULTAN MAHMUD BADARUDDIN II,PALEMBANG,PLM,"94.90","15,927.03","15,969.96",104.29
20230315022527pdf_15-31 Maret 2023.pdf,42,MUTIARA,PALU,PLW,98.40,"16,528.05","16,572.60",108.18
20230315022527pdf_15-31 Maret 2023.pdf,43,SUPADIO,PONTIANAK,PNK,97.70,"16,405.62","16,449.84",107.40
20230315022527pdf_15-31 Maret 2023.pdf,44,H. ASAN,SAMPIT,SMQ,97.70,"16,405.62","16,449.84",107.40
20230315022527pdf_15-31 Maret 2023.pdf,45,ADISUMARMO,SOLO,SOC,97.00,"16,283.19","16,327.08",106.63
20230315022527pdf_15-31 Maret 2023.pdf,46,SORONG DARATAN,SORONG,SOQ,99.40,"16,695.00","16,740.00",109.30
20230315022527pdf_15-31 Maret 2023.pdf,47,ACHMAD YANI,SEMARANG,SRG,96.20,"16,127.37","16,170.84",105.62
20230315022527pdf_15-31 Maret 2023.pdf,48,JUANDA,SURABAYA,SUB,94.30,"15,793.47","15,836.04",103.40
20230315022527pdf_15-31 Maret 2023.pdf,49,RADEN INTEN II,BANDAR LAMPUNG,TKG,94.00,"15,927.03","15,969.96",104.29
20230315022527pdf_15-31 Maret 2023.pdf,50,KIJANG,TANJUNG PINANG,TNJ,95.90,"16,105.11","16,148.52",105.40
20230315022527pdf_15-31 Maret 2023.pdf,51,JUWATA,TARAKAN,TRK,97.70,"16,405.62","16,449.84",107.40
20230315022527pdf_15-31 Maret 2023.pdf,52,BABULLAH,TERNATE,TTE,99.40,"16,695.00","16,740.00",109.30
20230315022527pdf_15-31 Maret 2023.pdf,53,HASANUDDIN,UJUNG PANDANG,UPG,97.90,"16,405.62","16,449.84",107.40
20230315022527pdf_15-31 Maret 2023.pdf,54,MAU HAU,WAINGAPU,WGP,98.00,"16,450.14","16,494.48",107.74
20230315022527pdf_15-31 Maret 2023.pdf,55,ISWAHYUDI,MADIUN,WIAR (ICAO),97.20,"16,349.97","16,394.04",107.07
20230315022527pdf_15-31 Maret 2023.pdf,56,DUMATUBUN,TUAL,LUV,99.20,"16,672.74","16,717.68",109.19
20230315022527pdf_15-31 Maret 2023.pdf,57,SILANGIT,SIBORONG-BORONG,DTB,94.80,"15,915.90","15,958.80",104.18
20230315022527pdf_15-31 Maret 2023.pdf,58,KALIMARAU,BERAU,BEJ,97.70,"16,405.62","16,449.84",107.40
20230315022527pdf_15-31 Maret 2023.pdf,59,KOMODO,LABUAN BAJO,LBJ,97.80,"16,416.75","16,461.00",107.52
20230315022527pdf_15-31 Maret 2023.pdf,60,KUALANAMU,DELI SERDANG,KNO,95.00,"15,904.77","15,947.64",104.07
20230315022527pdf_15-31 Maret 2023.pdf,61,TAMPA PADANG,MAMUJU,MJU,98.80,"16,572.57","16,617.24",108.52
20230315022527pdf_15-31 Maret 2023.pdf,62,F.L. TOBING,PINANGSORI,FLZ,95.30,"15,982.68","16,025.76",104.62
20230315022527pdf_15-31 Maret 2023.pdf,63,MOZES KILANGIN,TIMIKA,TIM,99.40,"16,695.00","16,740.00",109.30
20230315022527pdf_15-31 Maret 2023.pdf,64,H.A.S. HANANDJOEDDIN,TANJUNG PANDAN,TJQ,95.50,"16,071.72","16,115.04",105.18
20230315022527pdf_15-31 Maret 2023.pdf,65,BLIMBINGSARI,BANYUWANGI,BWX,98.00,"16,450.14","16,494.48",107.74
20230315022527pdf_15-31 Maret 2023.pdf,66,TAMBOLAKA,SUMBA BARAT,TMC,97.30,"16,372.23","16,416.36",107.18
20230315022527pdf_15-31 Maret 2023.pdf,67,BINAKA,GUNUNGSITOLI,GNS,95.30,"15,982.68","16,025.76",104.62
20230315022527pdf_15-31 Maret 2023.pdf,68,KULONPROGO,YOGYAKARTA,YIA,96.80,"16,249.80","16,293.60",106.40
20230315022527pdf_15-31 Maret 2023.pdf,69,KUABANG,HALMAHERA UTARA,KAZ,99.10,"16,672.74","16,717.68",109.19
20230315022527pdf_15-31 Maret 2023.pdf,70,JENDERAL BESAR SOEDIRMAN,PURBALINGGA,PWL,97.00,"16,283.19","16,327.08",106.63
20230315022527pdf_15-31 Maret 2023.pdf,71,MATHILDA BATLAYERI,SAUMLAKI,SXK,98.80,"16,695.00","16,740.00",109.30
20230315022527pdf_15-31 Maret 2023.pdf,72,BUDIARTO,CURUG,BTO,96.90,"16,338.84","16,382.88",97.72
20230401025656pdf_1-14 April 2023.pdf,1,APT PRANOTO,SAMARINDA,AAP,93.90,"15,882.51","15,925.32",
20230401025656pdf_1-14 April 2023.pdf,2,PATTIMURA,AMBON,AMQ,95.30,"16,127.37","16,170.84",
20230401025656pdf_1-14 April 2023.pdf,3,SYAMSUDDIN NOOR,BANJARMASIN,BDJ,93.90,"15,882.51","15,925.32",
20230401025656pdf_1-14 April 2023.pdf,4,HUSEIN SASTRANEGARA,BANDUNG,BDO,90.90,"15,359.40","15,400.80",
20230401025656pdf_1-14 April 2023.pdf,5,FRANS KAISIEPO,BIAK,BIK,95.30,"16,127.37","16,170.84",
20230401025656pdf_1-14 April 2023.pdf,6,FATMAWATI SOEKARNOPUTRI,BENGKULU,BKS,91.70,"15,548.61","15,590.52",
20230401025656pdf_1-14 April 2023.pdf,7,M. SALAHUDDIN,BIMA,BMU,94.10,"15,927.03","15,969.96",
20230401025656pdf_1-14 April 2023.pdf,8,SEPINGGAN,BALIKPAPAN,BPN,92.30,"15,604.26","15,646.32",
20230401025656pdf_1-14 April 2023.pdf,9,HANG NADIM,BATAM,BTH,91.00,"13,851.43","13,892.86",
20230401025656pdf_1-14 April 2023.pdf,10,SULTAN ISKANDAR MUDA,BANDA ACEH,BTJ,91.60,"15,481.83","15,523.56",
20230401025656pdf_1-14 April 2023.pdf,11,SOEKARNO HATTA,CENGKARENG,CGK,77.90,"13,133.40","13,168.80",
20230401025656pdf_1-14 April 2023.pdf,12,TUNGGUL WULUNG,CILACAP,CXP,93.20,"15,760.08","15,802.56",
20230401025656pdf_1-14 April 2023.pdf,13,SULTAN THAHA,JAMBI,DJB,92.00,"15,593.13","15,635.16",
20230401025656pdf_1-14 April 2023.pdf,14,SENTANI,JAYAPURA,DJJ,95.30,"16,082.85","16,126.20",
20230401025656pdf_1-14 April 2023.pdf,15,NGURAH RAI,DENPASAR,DPS,93.10,"15,704.43","15,746.76",
20230401025656pdf_1-14 April 2023.pdf,16,PINANG KAMPAI,DUMAI,DUM,91.60,"15,481.83","15,523.56",
20230401025656pdf_1-14 April 2023.pdf,17,H. AROEBOESMAN,ENDE,ENE,94.10,"15,927.03","15,969.96",
20230401025656pdf_1-14 April 2023.pdf,18,JALALUDDIN,GORONTALO,GTO,94.50,"15,993.81","16,036.92",
20230401025656pdf_1-14 April 2023.pdf,19,HALIM PERDANAKUSUMA,JAKARTA,HLP,85.00,"14,357.70","14,396.40",
20230401025656pdf_1-14 April 2023.pdf,20,ADISUCIPTO,YOGYAKARTA,JOG,93.00,"15,715.56","15,757.92",
20230401025656pdf_1-14 April 2023.pdf,21,WOLTER MONGINSIDI,KENDARI,KDI,94.50,"15,993.81","16,036.92",
20230401025656pdf_1-14 April 2023.pdf,22,UTAROM,KAIMANA,KNG,95.30,"16,127.37","16,170.84",
20230401025656pdf_1-14 April 2023.pdf,23,ELTARI,KUPANG,KOE,90.80,"15,314.88","15,356.16",
20230401025656pdf_1-14 April 2023.pdf,24,LOMBOK INTERNATIONAL,MATARAM,LOP,93.40,"15,793.47","15,836.04",
20230401025656pdf_1-14 April 2023.pdf,25,BUBUNG,LUWUK,LUW,94.50,"15,993.81","16,036.92",
20230401025656pdf_1-14 April 2023.pdf,26,SAM RATULANGI,MANADO,MDC,94.50,"15,993.81","16,036.92",
20230401025656pdf_1-14 April 2023.pdf,27,POLONIA,MEDAN,MES,91.60,"15,481.83","15,523.56",
20230401025656pdf_1-14 April 2023.pdf,28,MOPAH,MERAUKE,MKQ,95.30,"16,127.37","16,170.84",
20230401025656pdf_1-14 April 2023.pdf,29,RENDANI,MANOKWARI,MKW,95.30,"16,127.37","16,170.84",
20230401025656pdf_1-14 April 2023.pdf,30,KERTAJATI,MAJALENGKA,KJT,84.40,"14,246.40","14,284.80",
20230401025656pdf_1-14 April 2023.pdf,31,ABDURACHMAN SALEH,MALANG,MLG,93.30,"15,782.34","15,824.88",
20230401025656pdf_1-14 April 2023.pdf,32,WAI OTI,MAUMERE,MOF,94.10,"15,927.03","15,969.96",
20230401025656pdf_1-14 April 2023.pdf,33,PANIAI,NABIRE,NBX,95.30,"16,127.37","16,170.84",
20230401025656pdf_1-14 April 2023.pdf,34,RANAI,NATUNA,NTX,91.60,"15,481.83","15,523.56",
20230401025656pdf_1-14 April 2023.pdf,35,PONDOK CABE,JAKARTA,PCB,93.50,"15,815.73","15,858.36",
20230401025656pdf_1-14 April 2023.pdf,36,MINANGKABAU,PADANG,PDG,91.60,"15,370.53","15,411.96",
20230401025656pdf_1-14 April 2023.pdf,37,DEPATI AMIR,PANGKAL PINANG,PGK,91.20,"15,426.18","15,467.76",
20230401025656pdf_1-14 April 2023.pdf,38,ISKANDAR,PANGKALAN BUN,PKN,93.90,"15,882.51","15,925.32",
20230401025656pdf_1-14 April 2023.pdf,39,SULTAN SYARIF KASIM II,PEKANBARU,PKU,91.60,"15,481.83","15,523.56",
20230401025656pdf_1-14 April 2023.pdf,40,TJILIK RIWUT,PALANGKARAYA,PKY,93.90,"15,882.51","15,925.32",
20230401025656pdf_1-14 April 2023.pdf,41,SULTAN MAHMUD BADARUDDIN II,PALEMBANG,PLM,"91.20","15,426.18","15,467.76",
20230401025656pdf_1-14 April 2023.pdf,42,MUTIARA,PALU,PLW,94.50,"15,993.81","16,036.92",
20230401025656pdf_1-14 April 2023.pdf,43,SUPADIO,PONTIANAK,PNK,93.90,"15,882.51","15,925.32",
20230401025656pdf_1-14 April 2023.pdf,44,H. ASAN,SAMPIT,SMQ,93.90,"15,882.51","15,925.32",
20230401025656pdf_1-14 April 2023.pdf,45,ADISUMARMO,SOLO,SOC,93.20,"15,760.08","15,802.56",
20230401025656pdf_1-14 April 2023.pdf,46,SORONG DARATAN,SORONG,SOQ,95.30,"16,127.37","16,170.84",
20230401025656pdf_1-14 April 2023.pdf,47,ACHMAD YANI,SEMARANG,SRG,92.40,"15,604.26","15,646.32",
20230401025656pdf_1-14 April 2023.pdf,48,JUANDA,SURABAYA,SUB,90.50,"15,270.36","15,311.52",
20230401025656pdf_1-14 April 2023.pdf,49,RADEN INTEN II,BANDAR LAMPUNG,TKG,90.40,"15,426.18","15,467.76",
20230401025656pdf_1-14 April 2023.pdf,50,KIJANG,TANJUNG PINANG,TNJ,92.20,"15,604.26","15,646.32",
20230401025656pdf_1-14 April 2023.pdf,51,JUWATA,TARAKAN,TRK,93.90,"15,882.51","15,925.32",
20230401025656pdf_1-14 April 2023.pdf,52,BABULLAH,TERNATE,TTE,95.30,"16,127.37","16,170.84",
20230401025656pdf_1-14 April 2023.pdf,53,HASANUDDIN,UJUNG PANDANG,UPG,94.10,"15,871.38","15,914.16",
20230401025656pdf_1-14 April 2023.pdf,54,MAU HAU,WAINGAPU,WGP,94.10,"15,927.03","15,969.96",
20230401025656pdf_1-14 April 2023.pdf,55,ISWAHYUDI,MADIUN,WIAR (ICAO),93.50,"15,849.12","15,891.84",
20230401025656pdf_1-14 April 2023.pdf,56,DUMATUBUN,TUAL,LUV,95.10,"16,105.11","16,148.52",
20230401025656pdf_1-14 April 2023.pdf,57,SILANGIT,SIBORONG-BORONG,DTB,91.20,"15,415.05","15,456.60",
20230401025656pdf_1-14 April 2023.pdf,58,KALIMARAU,BERAU,BEJ,93.90,"15,882.51","15,925.32",
20230401025656pdf_1-14 April 2023.pdf,59,KOMODO,LABUAN BAJO,LBJ,93.90,"15,893.64","15,936.48",
20230401025656pdf_1-14 April 2023.pdf,60,KUALANAMU,DELI SERDANG,KNO,91.30,"15,403.92","15,445.44",
20230401025656pdf_1-14 April 2023.pdf,61,TAMPA PADANG,MAMUJU,MJU,94.90,"16,038.33","16,081.56",
20230401025656pdf_1-14 April 2023.pdf,62,F.L. TOBING,PINANGSORI,FLZ,91.60,"15,481.83","15,523.56",
20230401025656pdf_1-14 April 2023.pdf,63,MOZES KILANGIN,TIMIKA,TIM,95.30,"16,127.37","16,170.84",
20230401025656pdf_1-14 April 2023.pdf,64,H.A.S. HANANDJOEDDIN,TANJUNG PANDAN,TJQ,91.90,"15,570.87","15,612.84",
20230401025656pdf_1-14 April 2023.pdf,65,BLIMBINGSARI,BANYUWANGI,BWX,94.10,"15,927.03","15,969.96",
20230401025656pdf_1-14 April 2023.pdf,66,TAMBOLAKA,SUMBA BARAT,TMC,93.60,"15,871.38","15,914.16",
20230401025656pdf_1-14 April 2023.pdf,67,BINAKA,GUNUNGSITOLI,GNS,91.60,"15,481.83","15,523.56",
20230401025656pdf_1-14 April 2023.pdf,68,KULONPROGO,YOGYAKARTA,YIA,93.00,"15,726.69","15,769.08",
20230401025656pdf_1-14 April 2023.pdf,69,KUABANG,HALMAHERA UTARA,KAZ,95.00,"16,105.11","16,148.52",
20230401025656pdf_1-14 April 2023.pdf,70,JENDERAL BESAR SOEDIRMAN,PURBALINGGA,PWL,93.20,"15,760.08","15,802.56",
20230401025656pdf_1-14 April 2023.pdf,71,MATHILDA BATLAYERI,SAUMLAKI,SXK,94.80,"16,127.37","16,170.84",
20230401025656pdf_1-14 April 2023.pdf,72,BUDIARTO,CURUG,BTO,93.20,"15,837.99","15,880.68",
20230415000123pdf_15-30 April 2023.pdf,1,APT PRANOTO,SAMARINDA,AAP,95.10,"15,715.56","15,757.92",
20230415000123pdf_15-30 April 2023.pdf,2,PATTIMURA,AMBON,AMQ,96.40,"15,938.16","15,981.12",
20230415000123pdf_15-30 April 2023.pdf,3,SYAMSUDDIN NOOR,BANJARMASIN,BDJ,95.10,"15,715.56","15,757.92",
20230415000123pdf_15-30 April 2023.pdf,4,HUSEIN SASTRANEGARA,BANDUNG,BDO,91.90,"15,192.45","15,233.40",
20230415000123pdf_15-30 April 2023.pdf,5,FRANS KAISIEPO,BIAK,BIK,96.40,"15,938.16","15,981.12",
20230415000123pdf_15-30 April 2023.pdf,6,FATMAWATI SOEKARNOPUTRI,BENGKULU,BKS,92.80,"15,381.66","15,423.12",
20230415000123pdf_15-30 April 2023.pdf,7,M. SALAHUDDIN,BIMA,BMU,95.30,"15,760.08","15,802.56",
20230415000123pdf_15-30 April 2023.pdf,8,SEPINGGAN,BALIKPAPAN,BPN,93.40,"15,437.31","15,478.92",
20230415000123pdf_15-30 April 2023.pdf,9,HANG NADIM,BATAM,BTH,92.00,"13,700.98","13,741.96",
20230415000123pdf_15-30 April 2023.pdf,10,SULTAN ISKANDAR MUDA,BANDA ACEH,BTJ,92.70,"15,314.88","15,356.16",
20230415000123pdf_15-30 April 2023.pdf,11,SOEKARNO HATTA,CENGKARENG,CGK,78.60,"12,966.45","13,001.40",
20230415000123pdf_15-30 April 2023.pdf,12,TUNGGUL WULUNG,CILACAP,CXP,94.40,"15,593.13","15,635.16",
20230415000123pdf_15-30 April 2023.pdf,13,SULTAN THAHA,JAMBI,DJB,93.10,"15,426.18","15,467.76",
20230415000123pdf_15-30 April 2023.pdf,14,SENTANI,JAYAPURA,DJJ,96.50,"15,915.90","15,958.80",
20230415000123pdf_15-30 April 2023.pdf,15,NGURAH RAI,DENPASAR,DPS,94.20,"15,537.48","15,579.36",
20230415000123pdf_15-30 April 2023.pdf,16,PINANG KAMPAI,DUMAI,DUM,92.70,"15,314.88","15,356.16",
20230415000123pdf_15-30 April 2023.pdf,17,H. AROEBOESMAN,ENDE,ENE,95.30,"15,760.08","15,802.56",
20230415000123pdf_15-30 April 2023.pdf,18,JALALUDDIN,GORONTALO,GTO,95.70,"15,826.86","15,869.52",
20230415000123pdf_15-30 April 2023.pdf,19,HALIM PERDANAKUSUMA,JAKARTA,HLP,85.90,"14,190.75","14,229.00",
20230415000123pdf_15-30 April 2023.pdf,20,ADISUCIPTO,YOGYAKARTA,JOG,94.10,"15,548.61","15,590.52",
20230415000123pdf_15-30 April 2023.pdf,21,WOLTER MONGINSIDI,KENDARI,KDI,95.70,"15,826.86","15,869.52",
20230415000123pdf_15-30 April 2023.pdf,22,UTAROM,KAIMANA,KNG,96.40,"15,938.16","15,981.12",
20230415000123pdf_15-30 April 2023.pdf,23,ELTARI,KUPANG,KOE,91.90,"15,147.93","15,188.76",
20230415000123pdf_15-30 April 2023.pdf,24,LOMBOK INTERNATIONAL,MATARAM,LOP,94.50,"15,626.52","15,668.64",
20230415000123pdf_15-30 April 2023.pdf,25,BUBUNG,LUWUK,LUW,95.70,"15,826.86","15,869.52",
20230415000123pdf_15-30 April 2023.pdf,26,SAM RATULANGI,MANADO,MDC,95.70,"15,826.86","15,869.52",
20230415000123pdf_15-30 April 2023.pdf,27,POLONIA,MEDAN,MES,92.70,"15,314.88","15,356.16",
20230415000123pdf_15-30 April 2023.pdf,28,MOPAH,MERAUKE,MKQ,96.40,"15,938.16","15,981.12",
20230415000123pdf_15-30 April 2023.pdf,29,RENDANI,MANOKWARI,MKW,96.40,"15,938.16","15,981.12",
20230415000123pdf_15-30 April 2023.pdf,30,KERTAJATI,MAJALENGKA,KJT,85.30,"14,079.45","14,117.40",
20230415000123pdf_15-30 April 2023.pdf,31,ABDURACHMAN SALEH,MALANG,MLG,94.40,"15,615.39","15,657.48",
20230415000123pdf_15-30 April 2023.pdf,32,WAI OTI,MAUMERE,MOF,95.30,"15,760.08","15,802.56",
20230415000123pdf_15-30 April 2023.pdf,33,PANIAI,NABIRE,NBX,96.40,"15,938.16","15,981.12",
20230415000123pdf_15-30 April 2023.pdf,34,RANAI,NATUNA,NTX,92.70,"15,314.88","15,356.16",
20230415000123pdf_15-30 April 2023.pdf,35,PONDOK CABE,JAKARTA,PCB,94.60,"15,648.78","15,690.96",
20230415000123pdf_15-30 April 2023.pdf,36,MINANGKABAU,PADANG,PDG,92.70,"15,203.58","15,244.56",
20230415000123pdf_15-30 April 2023.pdf,37,DEPATI AMIR,PANGKAL PINANG,PGK,92.30,"15,248.10","15,289.20",
20230415000123pdf_15-30 April 2023.pdf,38,ISKANDAR,PANGKALAN BUN,PKN,95.10,"15,715.56","15,757.92",
20230415000123pdf_15-30 April 2023.pdf,39,SULTAN SYARIF KASIM II,PEKANBARU,PKU,92.70,"15,314.88","15,356.16",
20230415000123pdf_15-30 April 2023.pdf,40,TJILIK RIWUT,PALANGKARAYA,PKY,95.10,"15,715.56","15,757.92",
20230415000123pdf_15-30 April 2023.pdf,41,SULTAN MAHMUD BADARUDDIN II,PALEMBANG,PLM,"92.30","15,248.10","15,289.20",
20230415000123pdf_15-30 April 2023.pdf,42,MUTIARA,PALU,PLW,95.70,"15,826.86","15,869.52",
20230415000123pdf_15-30 April 2023.pdf,43,SUPADIO,PONTIANAK,PNK,95.10,"15,715.56","15,757.92",
20230415000123pdf_15-30 April 2023.pdf,44,H. ASAN,SAMPIT,SMQ,95.10,"15,715.56","15,757.92",
20230415000123pdf_15-30 April 2023.pdf,45,ADISUMARMO,SOLO,SOC,94.40,"15,593.13","15,635.16",
20230415000123pdf_15-30 April 2023.pdf,46,SORONG DARATAN,SORONG,SOQ,96.40,"15,938.16","15,981.12",
20230415000123pdf_15-30 April 2023.pdf,47,ACHMAD YANI,SEMARANG,SRG,93.50,"15,437.31","15,478.92",
20230415000123pdf_15-30 April 2023.pdf,48,JUANDA,SURABAYA,SUB,91.60,"15,103.41","15,144.12",
20230415000123pdf_15-30 April 2023.pdf,49,RADEN INTEN II,BANDAR LAMPUNG,TKG,91.50,"15,259.23","15,300.36",
20230415000123pdf_15-30 April 2023.pdf,50,KIJANG,TANJUNG PINANG,TNJ,93.30,"15,437.31","15,478.92",
20230415000123pdf_15-30 April 2023.pdf,51,JUWATA,TARAKAN,TRK,95.10,"15,715.56","15,757.92",
20230415000123pdf_15-30 April 2023.pdf,52,BABULLAH,TERNATE,TTE,96.40,"15,938.16","15,981.12",
20230415000123pdf_15-30 April 2023.pdf,53,HASANUDDIN,UJUNG PANDANG,UPG,95.20,"15,704.43","15,746.76",
20230415000123pdf_15-30 April 2023.pdf,54,MAU HAU,WAINGAPU,WGP,95.30,"15,760.08","15,802.56",
20230415000123pdf_15-30 April 2023.pdf,55,ISWAHYUDI,MADIUN,WIAR (ICAO),94.70,"15,682.17","15,724.44",
20230415000123pdf_15-30 April 2023.pdf,56,DUMATUBUN,TUAL,LUV,96.30,"15,938.16","15,981.12",
20230415000123pdf_15-30 April 2023.pdf,57,SILANGIT,SIBORONG-BORONG,DTB,92.20,"15,248.10","15,289.20",
20230415000123pdf_15-30 April 2023.pdf,58,KALIMARAU,BERAU,BEJ,95.10,"15,715.56","15,757.92",
20230415000123pdf_15-30 April 2023.pdf,59,KOMODO,LABUAN BAJO,LBJ,95.10,"15,726.69","15,769.08",
20230415000123pdf_15-30 April 2023.pdf,60,KUALANAMU,DELI SERDANG,KNO,92.40,"15,236.97","15,278.04",
20230415000123pdf_15-30 April 2023.pdf,61,TAMPA PADANG,MAMUJU,MJU,96.10,"15,871.38","15,914.16",
20230415000123pdf_15-30 April 2023.pdf,62,F.L. TOBING,PINANGSORI,FLZ,92.70,"15,314.88","15,356.16",
20230415000123pdf_15-30 April 2023.pdf,63,MOZES KILANGIN,TIMIKA,TIM,96.40,"15,938.16","15,981.12",
20230415000123pdf_15-30 April 2023.pdf,64,H.A.S. HANANDJOEDDIN,TANJUNG PANDAN,TJQ,93.00,"15,403.92","15,445.44",
20230415000123pdf_15-30 April 2023.pdf,65,BLIMBINGSARI,BANYUWANGI,BWX,95.30,"15,760.08","15,802.56",
20230415000123pdf_15-30 April 2023.pdf,66,TAMBOLAKA,SUMBA BARAT,TMC,94.80,"15,704.43","15,746.76",
20230415000123pdf_15-30 April 2023.pdf,67,BINAKA,GUNUNGSITOLI,GNS,92.70,"15,314.88","15,356.16",
20230415000123pdf_15-30 April 2023.pdf,68,KULONPROGO,YOGYAKARTA,YIA,94.10,"15,559.74","15,601.68",
20230415000123pdf_15-30 April 2023.pdf,69,KUABANG,HALMAHERA UTARA,KAZ,96.20,"15,938.16","15,981.12",
20230415000123pdf_15-30 April 2023.pdf,70,JENDERAL BESAR SOEDIRMAN,PURBALINGGA,PWL,94.40,"15,593.13","15,635.16",
20230415000123pdf_15-30 April 2023.pdf,71,MATHILDA BATLAYERI,SAUMLAKI,SXK,95.90,"15,949.29","15,992.28",
20230415000123pdf_15-30 April 2023.pdf,72,BUDIARTO,CURUG,BTO,94.40,"15,671.04","15,713.28",
20230502084550pdf_1-14 Mei 2023.pdf,1,APT PRANOTO,SAMARINDA,AAP,93.90,"15,292.62","15,333.84",
20230502084550pdf_1-14 Mei 2023.pdf,2,PATTIMURA,AMBON,AMQ,94.90,"15,470.70","15,512.40",
20230502084550pdf_1-14 Mei 2023.pdf,3,SYAMSUDDIN NOOR,BANJARMASIN,BDJ,93.90,"15,292.62","15,333.84",
20230502084550pdf_1-14 Mei 2023.pdf,4,HUSEIN SASTRANEGARA,BANDUNG,BDO,90.30,"14,713.86","14,753.52",
20230502084550pdf_1-14 Mei 2023.pdf,5,FRANS KAISIEPO,BIAK,BIK,94.90,"15,470.70","15,512.40",
20230502084550pdf_1-14 Mei 2023.pdf,6,FATMAWATI SOEKARNOPUTRI,BENGKULU,BKS,91.80,"14,992.11","15,032.52",
20230502084550pdf_1-14 Mei 2023.pdf,7,M. SALAHUDDIN,BIMA,BMU,94.10,"15,337.14","15,378.48",
20230502084550pdf_1-14 Mei 2023.pdf,8,SEPINGGAN,BALIKPAPAN,BPN,92.20,"15,014.37","15,054.84",
20230502084550pdf_1-14 Mei 2023.pdf,9,HANG NADIM,BATAM,BTH,91.00,"13,349.93","13,389.86",
20230502084550pdf_1-14 Mei 2023.pdf,10,SULTAN ISKANDAR MUDA,BANDA ACEH,BTJ,91.60,"14,925.33","14,965.56",
20230502084550pdf_1-14 Mei 2023.pdf,11,SOEKARNO HATTA,CENGKARENG,CGK,76.80,"12,487.86","12,521.52",
20230502084550pdf_1-14 Mei 2023.pdf,12,TUNGGUL WULUNG,CILACAP,CXP,93.10,"15,170.19","15,211.08",
20230502084550pdf_1-14 Mei 2023.pdf,13,SULTAN THAHA,JAMBI,DJB,92.10,"15,036.63","15,077.16",
20230502084550pdf_1-14 Mei 2023.pdf,14,SENTANI,JAYAPURA,DJJ,95.10,"15,448.44","15,490.08",
20230502084550pdf_1-14 Mei 2023.pdf,15,NGURAH RAI,DENPASAR,DPS,92.90,"15,114.54","15,155.28",
20230502084550pdf_1-14 Mei 2023.pdf,16,PINANG KAMPAI,DUMAI,DUM,91.60,"14,925.33","14,965.56",
20230502084550pdf_1-14 Mei 2023.pdf,17,H. AROEBOESMAN,ENDE,ENE,94.10,"15,337.14","15,378.48",
20230502084550pdf_1-14 Mei 2023.pdf,18,JALALUDDIN,GORONTALO,GTO,94.60,"15,426.18","15,467.76",
20230502084550pdf_1-14 Mei 2023.pdf,19,HALIM PERDANAKUSUMA,JAKARTA,HLP,84.30,"13,712.16","13,749.12",
20230502084550pdf_1-14 Mei 2023.pdf,20,ADISUCIPTO,YOGYAKARTA,JOG,92.90,"15,125.67","15,166.44",
20230502084550pdf_1-14 Mei 2023.pdf,21,WOLTER MONGINSIDI,KENDARI,KDI,94.60,"15,426.18","15,467.76",
20230502084550pdf_1-14 Mei 2023.pdf,22,UTAROM,KAIMANA,KNG,94.90,"15,470.70","15,512.40",
20230502084550pdf_1-14 Mei 2023.pdf,23,ELTARI,KUPANG,KOE,90.60,"14,724.99","14,764.68",
20230502084550pdf_1-14 Mei 2023.pdf,24,LOMBOK INTERNATIONAL,MATARAM,LOP,93.30,"15,203.58","15,244.56",
20230502084550pdf_1-14 Mei 2023.pdf,25,BUBUNG,LUWUK,LUW,94.60,"15,426.18","15,467.76",
20230502084550pdf_1-14 Mei 2023.pdf,26,SAM RATULANGI,MANADO,MDC,94.60,"15,426.18","15,467.76",
20230502084550pdf_1-14 Mei 2023.pdf,27,POLONIA,MEDAN,MES,91.60,"14,925.33","14,965.56",
20230502084550pdf_1-14 Mei 2023.pdf,28,MOPAH,MERAUKE,MKQ,94.90,"15,470.70","15,512.40",
20230502084550pdf_1-14 Mei 2023.pdf,29,RENDANI,MANOKWARI,MKW,94.90,"15,470.70","15,512.40",
20230502084550pdf_1-14 Mei 2023.pdf,30,KERTAJATI,MAJALENGKA,KJT,83.60,"13,600.86","13,637.52",
20230502084550pdf_1-14 Mei 2023.pdf,31,ABDURACHMAN SALEH,MALANG,MLG,93.20,"15,192.45","15,233.40",
20230502084550pdf_1-14 Mei 2023.pdf,32,WAI OTI,MAUMERE,MOF,94.10,"15,337.14","15,378.48",
20230502084550pdf_1-14 Mei 2023.pdf,33,PANIAI,NABIRE,NBX,94.90,"15,470.70","15,512.40",
20230502084550pdf_1-14 Mei 2023.pdf,34,RANAI,NATUNA,NTX,91.60,"14,925.33","14,965.56",
20230502084550pdf_1-14 Mei 2023.pdf,35,PONDOK CABE,JAKARTA,PCB,93.40,"15,225.84","15,266.88",
20230502084550pdf_1-14 Mei 2023.pdf,36,MINANGKABAU,PADANG,PDG,91.60,"14,814.03","14,853.96",
20230502084550pdf_1-14 Mei 2023.pdf,37,DEPATI AMIR,PANGKAL PINANG,PGK,91.20,"14,858.55","14,898.60",
20230502084550pdf_1-14 Mei 2023.pdf,38,ISKANDAR,PANGKALAN BUN,PKN,93.90,"15,292.62","15,333.84",
20230502084550pdf_1-14 Mei 2023.pdf,39,SULTAN SYARIF KASIM II,PEKANBARU,PKU,91.60,"14,925.33","14,965.56",
20230502084550pdf_1-14 Mei 2023.pdf,40,TJILIK RIWUT,PALANGKARAYA,PKY,93.90,"15,292.62","15,333.84",
20230502084550pdf_1-14 Mei 2023.pdf,41,SULTAN MAHMUD BADARUDDIN II,PALEMBANG,PLM,"91.20","14,858.55","14,898.60",
20230502084550pdf_1-14 Mei 2023.pdf,42,MUTIARA,PALU,PLW,94.60,"15,426.18","15,467.76",
20230502084550pdf_1-14 Mei 2023.pdf,43,SUPADIO,PONTIANAK,PNK,93.90,"15,292.62","15,333.84",
20230502084550pdf_1-14 Mei 2023.pdf,44,H. ASAN,SAMPIT,SMQ,93.90,"15,292.62","15,333.84",
20230502084550pdf_1-14 Mei 2023.pdf,45,ADISUMARMO,SOLO,SOC,93.10,"15,170.19","15,211.08",
20230502084550pdf_1-14 Mei 2023.pdf,46,SORONG DARATAN,SORONG,SOQ,94.90,"15,470.70","15,512.40",
20230502084550pdf_1-14 Mei 2023.pdf,47,ACHMAD YANI,SEMARANG,SRG,92.20,"15,014.37","15,054.84",
20230502084550pdf_1-14 Mei 2023.pdf,48,JUANDA,SURABAYA,SUB,90.30,"14,680.47","14,720.04",
20230502084550pdf_1-14 Mei 2023.pdf,49,RADEN INTEN II,BANDAR LAMPUNG,TKG,90.40,"14,869.68","14,909.76",
20230502084550pdf_1-14 Mei 2023.pdf,50,KIJANG,TANJUNG PINANG,TNJ,92.30,"15,047.76","15,088.32",
20230502084550pdf_1-14 Mei 2023.pdf,51,JUWATA,TARAKAN,TRK,93.90,"15,292.62","15,333.84",
20230502084550pdf_1-14 Mei 2023.pdf,52,BABULLAH,TERNATE,TTE,94.90,"15,470.70","15,512.40",
20230502084550pdf_1-14 Mei 2023.pdf,53,HASANUDDIN,UJUNG PANDANG,UPG,94.20,"15,303.75","15,345.00",
20230502084550pdf_1-14 Mei 2023.pdf,54,MAU HAU,WAINGAPU,WGP,94.10,"15,337.14","15,378.48",
20230502084550pdf_1-14 Mei 2023.pdf,55,ISWAHYUDI,MADIUN,WIAR (ICAO),93.50,"15,259.23","15,300.36",
20230502084550pdf_1-14 Mei 2023.pdf,56,DUMATUBUN,TUAL,LUV,94.90,"15,470.70","15,512.40",
20230502084550pdf_1-14 Mei 2023.pdf,57,SILANGIT,SIBORONG-BORONG,DTB,91.20,"14,858.55","14,898.60",
20230502084550pdf_1-14 Mei 2023.pdf,58,KALIMARAU,BERAU,BEJ,93.90,"15,292.62","15,333.84",
20230502084550pdf_1-14 Mei 2023.pdf,59,KOMODO,LABUAN BAJO,LBJ,93.90,"15,303.75","15,345.00",
20230502084550pdf_1-14 Mei 2023.pdf,60,KUALANAMU,DELI SERDANG,KNO,91.40,"14,847.42","14,887.44",
20230502084550pdf_1-14 Mei 2023.pdf,61,TAMPA PADANG,MAMUJU,MJU,95.00,"15,470.70","15,512.40",
20230502084550pdf_1-14 Mei 2023.pdf,62,F.L. TOBING,PINANGSORI,FLZ,91.60,"14,925.33","14,965.56",
20230502084550pdf_1-14 Mei 2023.pdf,63,MOZES KILANGIN,TIMIKA,TIM,94.90,"15,470.70","15,512.40",
20230502084550pdf_1-14 Mei 2023.pdf,64,H.A.S. HANANDJOEDDIN,TANJUNG PANDAN,TJQ,91.90,"15,014.37","15,054.84",
20230502084550pdf_1-14 Mei 2023.pdf,65,BLIMBINGSARI,BANYUWANGI,BWX,94.10,"15,337.14","15,378.48",
20230502084550pdf_1-14 Mei 2023.pdf,66,TAMBOLAKA,SUMBA BARAT,TMC,93.50,"15,281.49","15,322.68",
20230502084550pdf_1-14 Mei 2023.pdf,67,BINAKA,GUNUNGSITOLI,GNS,91.60,"14,925.33","14,965.56",
20230502084550pdf_1-14 Mei 2023.pdf,68,KULONPROGO,YOGYAKARTA,YIA,92.90,"15,136.80","15,177.60",
20230502084550pdf_1-14 Mei 2023.pdf,69,KUABANG,HALMAHERA UTARA,KAZ,94.80,"15,470.70","15,512.40",
20230502084550pdf_1-14 Mei 2023.pdf,70,JENDERAL BESAR SOEDIRMAN,PURBALINGGA,PWL,93.10,"15,170.19","15,211.08",
20230502084550pdf_1-14 Mei 2023.pdf,71,MATHILDA BATLAYERI,SAUMLAKI,SXK,94.40,"15,481.83","15,523.56",
20230502084550pdf_1-14 Mei 2023.pdf,72,BUDIARTO,CURUG,BTO,93.10,"15,248.10","15,289.20",
20230515015637pdf_15-31 Mei 2023.pdf,1,APT PRANOTO,SAMARINDA,AAP,"93,30","15.092,28","15.132,96",
20230515015637pdf_15-31 Mei 2023.pdf,2,PATTIMURA,AMBON,AMQ,"94,30","15.270,36","15.311,52",
20230515015637pdf_15-31 Mei 2023.pdf,3,SYAMSUDDIN NOOR,BANJARMASIN,BDJ,"93,30","15.092,28","15.132,96",
20230515015637pdf_15-31 Mei 2023.pdf,4,HUSEIN SASTRANEGARA,BANDUNG,BDO,"89,70","14.513,52","14.552,64",
20230515015637pdf_15-31 Mei 2023.pdf,5,FRANS KAISIEPO,BIAK,BIK,"94,30","15.270,36","15.311,52",
20230515015637pdf_15-31 Mei 2023.pdf,6,FATMAWATI SOEKARNOPUTRI,BENGKULU,BKS,"91,20","14.791,77","14.831,64",
20230515015637pdf_15-31 Mei 2023.pdf,7,M. SALAHUDDIN,BIMA,BMU,"93,50","15.136,80","15.177,60",
20230515015637pdf_15-31 Mei 2023.pdf,8,SEPINGGAN,BALIKPAPAN,BPN,"91,60","14.814,03","14.853,96",
20230515015637pdf_15-31 Mei 2023.pdf,9,HANG NADIM,BATAM,BTH,"90,40","13.169,39","13.208,78",
20230515015637pdf_15-31 Mei 2023.pdf,10,SULTAN ISKANDAR MUDA,BANDA ACEH,BTJ,"91,00","14.724,99","14.764,68",
20230515015637pdf_15-31 Mei 2023.pdf,11,SOEKARNO HATTA,CENGKARENG,CGK,"76,10","12.287,52","12.320,64",
20230515015637pdf_15-31 Mei 2023.pdf,12,TUNGGUL WULUNG,CILACAP,CXP,"92,50","14.969,85","15.010,20",
20230515015637pdf_15-31 Mei 2023.pdf,13,SULTAN THAHA,JAMBI,DJB,"91,50","14.836,29","14.876,28",
20230515015637pdf_15-31 Mei 2023.pdf,14,SENTANI,JAYAPURA,DJJ,"94,50","15.248,10","15.289,20",
20230515015637pdf_15-31 Mei 2023.pdf,15,NGURAH RAI,DENPASAR,DPS,"92,40","14.914,20","14.954,40",
20230515015637pdf_15-31 Mei 2023.pdf,16,PINANG KAMPAI,DUMAI,DUM,"91,00","14.724,99","14.764,68",
20230515015637pdf_15-31 Mei 2023.pdf,17,H. AROEBOESMAN,ENDE,ENE,"93,50","15.136,80","15.177,60",
20230515015637pdf_15-31 Mei 2023.pdf,18,JALALUDDIN,GORONTALO,GTO,"94,10","15.225,84","15.266,88",
20230515015637pdf_15-31 Mei 2023.pdf,19,HALIM PERDANAKUSUMA,JAKARTA,HLP,"83,60","13.511,82","13.548,24",
20230515015637pdf_15-31 Mei 2023.pdf,20,ADISUCIPTO,YOGYAKARTA,JOG,"92,30","14.925,33","14.965,56",
20230515015637pdf_15-31 Mei 2023.pdf,21,WOLTER MONGINSIDI,KENDARI,KDI,"94,10","15.225,84","15.266,88",
20230515015637pdf_15-31 Mei 2023.pdf,22,UTAROM,KAIMANA,KNG,"94,30","15.270,36","15.311,52",
20230515015637pdf_15-31 Mei 2023.pdf,23,ELTARI,KUPANG,KOE,"90,00","14.524,65","14.563,80",
20230515015637pdf_15-31 Mei 2023.pdf,24,LOMBOK INTERNATIONAL,MATARAM,LOP,"92,70","15.003,24","15.043,68",
20230515015637pdf_15-31 Mei 2023.pdf,25,BUBUNG,LUWUK,LUW,"94,10","15.225,84","15.266,88",
20230515015637pdf_15-31 Mei 2023.pdf,26,SAM RATULANGI,MANADO,MDC,"94,10","15.225,84","15.266,88",
20230515015637pdf_15-31 Mei 2023.pdf,27,POLONIA,MEDAN,MES,"91,00","14.724,99","14.764,68",
20230515015637pdf_15-31 Mei 2023.pdf,28,MOPAH,MERAUKE,MKQ,"94,30","15.270,36","15.311,52",
20230515015637pdf_15-31 Mei 2023.pdf,29,RENDANI,MANOKWARI,MKW,"94,30","15.270,36","15.311,52",
20230515015637pdf_15-31 Mei 2023.pdf,30,KERTAJATI,MAJALENGKA,KJT,"82,90","13.400,52","13.436,64",
20230515015637pdf_15-31 Mei 2023.pdf,31,ABDURACHMAN SALEH,MALANG,MLG,"92,60","14.992,11","15.032,52",
20230515015637pdf_15-31 Mei 2023.pdf,32,WAI OTI,MAUMERE,MOF,"93,50","15.136,80","15.177,60",
20230515015637pdf_15-31 Mei 2023.pdf,33,PANIAI,NABIRE,NBX,"94,30","15.270,36","15.311,52",
20230515015637pdf_15-31 Mei 2023.pdf,34,RANAI,NATUNA,NTX,"91,00","14.724,99","14.764,68",
20230515015637pdf_15-31 Mei 2023.pdf,35,PONDOK CABE,JAKARTA,PCB,"92,80","15.025,50","15.066,00",
20230515015637pdf_15-31 Mei 2023.pdf,36,MINANGKABAU,PADANG,PDG,"91,00","14.613,69","14.653,08",
20230515015637pdf_15-31 Mei 2023.pdf,37,DEPATI AMIR,PANGKAL PINANG,PGK,"90,60","14.658,21","14.697,72",
20230515015637pdf_15-31 Mei 2023.pdf,38,ISKANDAR,PANGKALAN BUN,PKN,"93,30","15.092,28","15.132,96",
20230515015637pdf_15-31 Mei 2023.pdf,39,SULTAN SYARIF KASIM II,PEKANBARU,PKU,"91,00","14.724,99","14.764,68",
20230515015637pdf_15-31 Mei 2023.pdf,40,TJILIK RIWUT,PALANGKARAYA,PKY,"93,30","15.092,28","15.132,96",
20230515015637pdf_15-31 Mei 2023.pdf,41,SULTAN MAHMUD BADARUDDIN II,PALEMBANG,PLM,"90,60","14.658,21","14.697,72",
20230515015637pdf_15-31 Mei 2023.pdf,42,MUTIARA,PALU,PLW,"94,10","15.225,84","15.266,88",
20230515015637pdf_15-31 Mei 2023.pdf,43,SUPADIO,PONTIANAK,PNK,"93,30","15.092,28","15.132,96",
20230515015637pdf_15-31 Mei 2023.pdf,44,H. ASAN,SAMPIT,SMQ,"93,30","15.092,28","15.132,96",
20230515015637pdf_15-31 Mei 2023.pdf,45,ADISUMARMO,SOLO,SOC,"92,50","14.969,85","15.010,20",
20230515015637pdf_15-31 Mei 2023.pdf,46,SORONG DARATAN,SORONG,SOQ,"94,30","15.270,36","15.311,52",
20230515015637pdf_15-31 Mei 2023.pdf,47,ACHMAD YANI,SEMARANG,SRG,"91,60","14.814,03","14.853,96",
20230515015637pdf_15-31 Mei 2023.pdf,48,JUANDA,SURABAYA,SUB,"89,70","14.480,13","14.519,16",
20230515015637pdf_15-31 Mei 2023.pdf,49,RADEN INTEN II,BANDAR LAMPUNG,TKG,"89,80","14.669,34","14.708,88",
20230515015637pdf_15-31 Mei 2023.pdf,50,KIJANG,TANJUNG PINANG,TNJ,"91,70","14.847,42","14.887,44",
20230515015637pdf_15-31 Mei 2023.pdf,51,JUWATA,TARAKAN,TRK,"93,30","15.092,28","15.132,96",
20230515015637pdf_15-31 Mei 2023.pdf,52,BABULLAH,TERNATE,TTE,"94,30","15.270,36","15.311,52",
20230515015637pdf_15-31 Mei 2023.pdf,53,HASANUDDIN,UJUNG PANDANG,UPG,"93,60","15.103,41","15.144,12",
20230515015637pdf_15-31 Mei 2023.pdf,54,MAU HAU,WAINGAPU,WGP,"93,50","15.136,80","15.177,60",
20230515015637pdf_15-31 Mei 2023.pdf,55,ISWAHYUDI,MADIUN,WIAR (ICAO),"92,90","15.058,89","15.099,48",
20230515015637pdf_15-31 Mei 2023.pdf,56,DUMATUBUN,TUAL,LUV,"94,30","15.270,36","15.311,52",
20230515015637pdf_15-31 Mei 2023.pdf,57,SILANGIT,SIBORONG-BORONG,DTB,"90,60","14.658,21","14.697,72",
20230515015637pdf_15-31 Mei 2023.pdf,58,KALIMARAU,BERAU,BEJ,"93,30","15.092,28","15.132,96",
20230515015637pdf_15-31 Mei 2023.pdf,59,KOMODO,LABUAN BAJO,LBJ,"93,30","15.103,41","15.144,12",
20230515015637pdf_15-31 Mei 2023.pdf,60,KUALANAMU,DELI SERDANG,KNO,"90,80","14.647,08","14.686,56",
20230515015637pdf_15-31 Mei 2023.pdf,61,TAMPA PADANG,MAMUJU,MJU,"94,40","15.270,36","15.311,52",
20230515015637pdf_15-31 Mei 2023.pdf,62,F.L. TOBING,PINANGSORI,FLZ,"91,00","14.724,99","14.764,68",
20230515015637pdf_15-31 Mei 2023.pdf,63,MOZES KILANGIN,TIMIKA,TIM,"94,30","15.270,36","15.311,52",
20230515015637pdf_15-31 Mei 2023.pdf,64,H.A.S. HANANDJOEDDIN,TANJUNG PANDAN,TJQ,"91,30","14.814,03","14.853,96",
20230515015637pdf_15-31 Mei 2023.pdf,65,BLIMBINGSARI,BANYUWANGI,BWX,"93,50","15.136,80","15.177,60",
20230515015637pdf_15-31 Mei 2023.pdf,66,TAMBOLAKA,SUMBA BARAT,TMC,"93,00","15.081,15","15.121,80",
20230515015637pdf_15-31 Mei 2023.pdf,67,BINAKA,GUNUNGSITOLI,GNS,"91,00","14.724,99","14.764,68",
20230515015637pdf_15-31 Mei 2023.pdf,68,KULONPROGO,YOGYAKARTA,YIA,"92,30","14.936,46","14.976,72",
20230515015637pdf_15-31 Mei 2023.pdf,69,KUABANG,HALMAHERA UTARA,KAZ,"94,20","15.270,36","15.311,52",
20230515015637pdf_15-31 Mei 2023.pdf,70,JENDERAL BESAR SOEDIRMAN,PURBALINGGA,PWL,"92,50","14.969,85","15.010,20",
20230515015637pdf_15-31 Mei 2023.pdf,71,MATHILDA BATLAYERI,SAUMLAKI,SXK,"93,80","15.281,49","15.322,68",
20230515015637pdf_15-31 Mei 2023.pdf,72,BUDIARTO,CURUG,BTO,"92,50","15.047,76","15.088,32",
20230601071059pdf_1-14 Juni 2023.pdf,1,APT PRANOTO,SAMARINDA,AAP,89.50,"14,535.78","14,574.96",
20230601071059pdf_1-14 Juni 2023.pdf,2,PATTIMURA,AMBON,AMQ,89.90,"14,624.82","14,664.24",
20230601071059pdf_1-14 Juni 2023.pdf,3,SYAMSUDDIN NOOR,BANJARMASIN,BDJ,89.50,"14,535.78","14,574.96",
20230601071059pdf_1-14 Juni 2023.pdf,4,HUSEIN SASTRANEGARA,BANDUNG,BDO,86.00,"13,979.28","14,016.96",
20230601071059pdf_1-14 Juni 2023.pdf,5,FRANS KAISIEPO,BIAK,BIK,89.90,"14,624.82","14,664.24",
20230601071059pdf_1-14 Juni 2023.pdf,6,FATMAWATI SOEKARNOPUTRI,BENGKULU,BKS,88.10,"14,346.57","14,385.24",
20230601071059pdf_1-14 Juni 2023.pdf,7,M. SALAHUDDIN,BIMA,BMU,89.80,"14,602.56","14,641.92",
20230601071059pdf_1-14 Juni 2023.pdf,8,SEPINGGAN,BALIKPAPAN,BPN,87.80,"14,257.53","14,295.96",
20230601071059pdf_1-14 Juni 2023.pdf,9,HANG NADIM,BATAM,BTH,87.20,"12,768.19","12,806.38",
20230601071059pdf_1-14 Juni 2023.pdf,10,SULTAN ISKANDAR MUDA,BANDA ACEH,BTJ,87.90,"14,279.79","14,318.28",
20230601071059pdf_1-14 Juni 2023.pdf,11,SOEKARNO HATTA,CENGKARENG,CGK,72.50,"11,753.28","11,784.96",
20230601071059pdf_1-14 Juni 2023.pdf,12,TUNGGUL WULUNG,CILACAP,CXP,89.00,"14,469.00","14,508.00",
20230601071059pdf_1-14 Juni 2023.pdf,13,SULTAN THAHA,JAMBI,DJB,88.30,"14,391.09","14,429.88",
20230601071059pdf_1-14 Juni 2023.pdf,14,SENTANI,JAYAPURA,DJJ,90.10,"14,602.56","14,641.92",
20230601071059pdf_1-14 Juni 2023.pdf,15,NGURAH RAI,DENPASAR,DPS,88.90,"14,413.35","14,452.20",
20230601071059pdf_1-14 Juni 2023.pdf,16,PINANG KAMPAI,DUMAI,DUM,87.90,"14,279.79","14,318.28",
20230601071059pdf_1-14 Juni 2023.pdf,17,H. AROEBOESMAN,ENDE,ENE,89.80,"14,602.56","14,641.92",
20230601071059pdf_1-14 Juni 2023.pdf,18,JALALUDDIN,GORONTALO,GTO,89.90,"14,624.82","14,664.24",
20230601071059pdf_1-14 Juni 2023.pdf,19,HALIM PERDANAKUSUMA,JAKARTA,HLP,80.00,"12,977.58","13,012.56",
20230601071059pdf_1-14 Juni 2023.pdf,20,ADISUCIPTO,YOGYAKARTA,JOG,88.80,"14,424.48","14,463.36",
20230601071059pdf_1-14 Juni 2023.pdf,21,WOLTER MONGINSIDI,KENDARI,KDI,89.90,"14,624.82","14,664.24",
20230601071059pdf_1-14 Juni 2023.pdf,22,UTAROM,KAIMANA,KNG,89.90,"14,624.82","14,664.24",
20230601071059pdf_1-14 Juni 2023.pdf,23,ELTARI,KUPANG,KOE,86.50,"14,023.80","14,061.60",
20230601071059pdf_1-14 Juni 2023.pdf,24,LOMBOK INTERNATIONAL,MATARAM,LOP,89.20,"14,502.39","14,541.48",
20230601071059pdf_1-14 Juni 2023.pdf,25,BUBUNG,LUWUK,LUW,89.90,"14,624.82","14,664.24",
20230601071059pdf_1-14 Juni 2023.pdf,26,SAM RATULANGI,MANADO,MDC,89.90,"14,624.82","14,664.24",
20230601071059pdf_1-14 Juni 2023.pdf,27,POLONIA,MEDAN,MES,87.90,"14,279.79","14,318.28",
20230601071059pdf_1-14 Juni 2023.pdf,28,MOPAH,MERAUKE,MKQ,89.90,"14,624.82","14,664.24",
20230601071059pdf_1-14 Juni 2023.pdf,29,RENDANI,MANOKWARI,MKW,89.90,"14,624.82","14,664.24",
20230601071059pdf_1-14 Juni 2023.pdf,30,KERTAJATI,MAJALENGKA,KJT,79.30,"12,866.28","12,900.96",
20230601071059pdf_1-14 Juni 2023.pdf,31,ABDURACHMAN SALEH,MALANG,MLG,89.10,"14,491.26","14,530.32",
20230601071059pdf_1-14 Juni 2023.pdf,32,WAI OTI,MAUMERE,MOF,89.80,"14,602.56","14,641.92",
20230601071059pdf_1-14 Juni 2023.pdf,33,PANIAI,NABIRE,NBX,89.90,"14,624.82","14,664.24",
20230601071059pdf_1-14 Juni 2023.pdf,34,RANAI,NATUNA,NTX,87.90,"14,279.79","14,318.28",
20230601071059pdf_1-14 Juni 2023.pdf,35,PONDOK CABE,JAKARTA,PCB,89.30,"14,524.65","14,563.80",
20230601071059pdf_1-14 Juni 2023.pdf,36,MINANGKABAU,PADANG,PDG,87.90,"14,168.49","14,206.68",
20230601071059pdf_1-14 Juni 2023.pdf,37,DEPATI AMIR,PANGKAL PINANG,PGK,87.40,"14,213.01","14,251.32",
20230601071059pdf_1-14 Juni 2023.pdf,38,ISKANDAR,PANGKALAN BUN,PKN,89.50,"14,535.78","14,574.96",
20230601071059pdf_1-14 Juni 2023.pdf,39,SULTAN SYARIF KASIM II,PEKANBARU,PKU,87.90,"14,279.79","14,318.28",
20230601071059pdf_1-14 Juni 2023.pdf,40,TJILIK RIWUT,PALANGKARAYA,PKY,89.50,"14,535.78","14,574.96",
20230601071059pdf_1-14 Juni 2023.pdf,41,SULTAN MAHMUD BADARUDDIN II,PALEMBANG,PLM,"87.40","14,213.01","14,251.32",
20230601071059pdf_1-14 Juni 2023.pdf,42,MUTIARA,PALU,PLW,89.90,"14,624.82","14,664.24",
20230601071059pdf_1-14 Juni 2023.pdf,43,SUPADIO,PONTIANAK,PNK,89.50,"14,535.78","14,574.96",
20230601071059pdf_1-14 Juni 2023.pdf,44,H. ASAN,SAMPIT,SMQ,89.50,"14,535.78","14,574.96",
20230601071059pdf_1-14 Juni 2023.pdf,45,ADISUMARMO,SOLO,SOC,89.00,"14,469.00","14,508.00",
20230601071059pdf_1-14 Juni 2023.pdf,46,SORONG DARATAN,SORONG,SOQ,89.90,"14,624.82","14,664.24",
20230601071059pdf_1-14 Juni 2023.pdf,47,ACHMAD YANI,SEMARANG,SRG,88.20,"14,313.18","14,351.76",
20230601071059pdf_1-14 Juni 2023.pdf,48,JUANDA,SURABAYA,SUB,86.20,"13,979.28","14,016.96",
20230601071059pdf_1-14 Juni 2023.pdf,49,RADEN INTEN II,BANDAR LAMPUNG,TKG,86.60,"14,224.14","14,262.48",
20230601071059pdf_1-14 Juni 2023.pdf,50,KIJANG,TANJUNG PINANG,TNJ,88.50,"14,402.22","14,441.04",
20230601071059pdf_1-14 Juni 2023.pdf,51,JUWATA,TARAKAN,TRK,89.50,"14,535.78","14,574.96",
20230601071059pdf_1-14 Juni 2023.pdf,52,BABULLAH,TERNATE,TTE,89.90,"14,624.82","14,664.24",
20230601071059pdf_1-14 Juni 2023.pdf,53,HASANUDDIN,UJUNG PANDANG,UPG,89.70,"14,546.91","14,586.12",
20230601071059pdf_1-14 Juni 2023.pdf,54,MAU HAU,WAINGAPU,WGP,89.80,"14,602.56","14,641.92",
20230601071059pdf_1-14 Juni 2023.pdf,55,ISWAHYUDI,MADIUN,WIAR (ICAO),89.40,"14,558.04","14,597.28",
20230601071059pdf_1-14 Juni 2023.pdf,56,DUMATUBUN,TUAL,LUV,89.90,"14,624.82","14,664.24",
20230601071059pdf_1-14 Juni 2023.pdf,57,SILANGIT,SIBORONG-BORONG,DTB,87.40,"14,213.01","14,251.32",
20230601071059pdf_1-14 Juni 2023.pdf,58,KALIMARAU,BERAU,BEJ,89.50,"14,535.78","14,574.96",
20230601071059pdf_1-14 Juni 2023.pdf,59,KOMODO,LABUAN BAJO,LBJ,89.80,"14,602.56","14,641.92",
20230601071059pdf_1-14 Juni 2023.pdf,60,KUALANAMU,DELI SERDANG,KNO,87.60,"14,201.88","14,240.16",
20230601071059pdf_1-14 Juni 2023.pdf,61,TAMPA PADANG,MAMUJU,MJU,90.00,"14,624.82","14,664.24",
20230601071059pdf_1-14 Juni 2023.pdf,62,F.L. TOBING,PINANGSORI,FLZ,87.90,"14,279.79","14,318.28",
20230601071059pdf_1-14 Juni 2023.pdf,63,MOZES KILANGIN,TIMIKA,TIM,89.90,"14,624.82","14,664.24",
20230601071059pdf_1-14 Juni 2023.pdf,64,H.A.S. HANANDJOEDDIN,TANJUNG PANDAN,TJQ,88.20,"14,368.83","14,407.56",
20230601071059pdf_1-14 Juni 2023.pdf,65,BLIMBINGSARI,BANYUWANGI,BWX,89.80,"14,602.56","14,641.92",
20230601071059pdf_1-14 Juni 2023.pdf,66,TAMBOLAKA,SUMBA BARAT,TMC,89.50,"14,580.30","14,619.60",
20230601071059pdf_1-14 Juni 2023.pdf,67,BINAKA,GUNUNGSITOLI,GNS,87.90,"14,279.79","14,318.28",
20230601071059pdf_1-14 Juni 2023.pdf,68,KULONPROGO,YOGYAKARTA,YIA,88.80,"14,435.61","14,474.52",
20230601071059pdf_1-14 Juni 2023.pdf,69,KUABANG,HALMAHERA UTARA,KAZ,89.80,"14,624.82","14,664.24",
20230601071059pdf_1-14 Juni 2023.pdf,70,JENDERAL BESAR SOEDIRMAN,PURBALINGGA,PWL,89.00,"14,469.00","14,508.00",
20230601071059pdf_1-14 Juni 2023.pdf,71,MATHILDA BATLAYERI,SAUMLAKI,SXK,89.40,"14,624.82","14,664.24",
20230601071059pdf_1-14 Juni 2023.pdf,72,BUDIARTO,CURUG,BTO,89.00,"14,546.91","14,586.12",
20230615023759pdf_15-30 Juni 2023.pdf,1,APT PRANOTO,SAMARINDA,AAP,88.70,"14,535.78","14,574.96",
20230615023759pdf_15-30 Juni 2023.pdf,2,PATTIMURA,AMBON,AMQ,89.20,"14,624.82","14,664.24",
20230615023759pdf_15-30 Juni 2023.pdf,3,SYAMSUDDIN NOOR,BANJARMASIN,BDJ,88.70,"14,535.78","14,574.96",
20230615023759pdf_15-30 Juni 2023.pdf,4,HUSEIN SASTRANEGARA,BANDUNG,BDO,85.30,"13,979.28","14,016.96",
20230615023759pdf_15-30 Juni 2023.pdf,5,FRANS KAISIEPO,BIAK,BIK,89.20,"14,624.82","14,664.24",
20230615023759pdf_15-30 Juni 2023.pdf,6,FATMAWATI SOEKARNOPUTRI,BENGKULU,BKS,87.30,"14,346.57","14,385.24",
20230615023759pdf_15-30 Juni 2023.pdf,7,M. SALAHUDDIN,BIMA,BMU,89.10,"14,602.56","14,641.92",
20230615023759pdf_15-30 Juni 2023.pdf,8,SEPINGGAN,BALIKPAPAN,BPN,87.10,"14,257.53","14,295.96",
20230615023759pdf_15-30 Juni 2023.pdf,9,HANG NADIM,BATAM,BTH,86.50,"12,768.19","12,806.38",
20230615023759pdf_15-30 Juni 2023.pdf,10,SULTAN ISKANDAR MUDA,BANDA ACEH,BTJ,87.20,"14,279.79","14,318.28",
20230615023759pdf_15-30 Juni 2023.pdf,11,SOEKARNO HATTA,CENGKARENG,CGK,71.90,"11,753.28","11,784.96",
20230615023759pdf_15-30 Juni 2023.pdf,12,TUNGGUL WULUNG,CILACAP,CXP,88.30,"14,469.00","14,508.00",
20230615023759pdf_15-30 Juni 2023.pdf,13,SULTAN THAHA,JAMBI,DJB,87.60,"14,391.09","14,429.88",
20230615023759pdf_15-30 Juni 2023.pdf,14,SENTANI,JAYAPURA,DJJ,89.40,"14,602.56","14,641.92",
20230615023759pdf_15-30 Juni 2023.pdf,15,NGURAH RAI,DENPASAR,DPS,88.20,"14,413.35","14,452.20",
20230615023759pdf_15-30 Juni 2023.pdf,16,PINANG KAMPAI,DUMAI,DUM,87.20,"14,279.79","14,318.28",
20230615023759pdf_15-30 Juni 2023.pdf,17,H. AROEBOESMAN,ENDE,ENE,89.10,"14,602.56","14,641.92",
20230615023759pdf_15-30 Juni 2023.pdf,18,JALALUDDIN,GORONTALO,GTO,89.20,"14,624.82","14,664.24",
20230615023759pdf_15-30 Juni 2023.pdf,19,HALIM PERDANAKUSUMA,JAKARTA,HLP,79.30,"12,977.58","13,012.56",
20230615023759pdf_15-30 Juni 2023.pdf,20,ADISUCIPTO,YOGYAKARTA,JOG,88.10,"14,424.48","14,463.36",
20230615023759pdf_15-30 Juni 2023.pdf,21,WOLTER MONGINSIDI,KENDARI,KDI,89.20,"14,624.82","14,664.24",
20230615023759pdf_15-30 Juni 2023.pdf,22,UTAROM,KAIMANA,KNG,89.20,"14,624.82","14,664.24",
20230615023759pdf_15-30 Juni 2023.pdf,23,ELTARI,KUPANG,KOE,85.80,"14,023.80","14,061.60",
20230615023759pdf_15-30 Juni 2023.pdf,24,LOMBOK INTERNATIONAL,MATARAM,LOP,88.50,"14,502.39","14,541.48",
20230615023759pdf_15-30 Juni 2023.pdf,25,BUBUNG,LUWUK,LUW,89.20,"14,624.82","14,664.24",
20230615023759pdf_15-30 Juni 2023.pdf,26,SAM RATULANGI,MANADO,MDC,89.20,"14,624.82","14,664.24",
20230615023759pdf_15-30 Juni 2023.pdf,27,POLONIA,MEDAN,MES,87.20,"14,279.79","14,318.28",
20230615023759pdf_15-30 Juni 2023.pdf,28,MOPAH,MERAUKE,MKQ,89.20,"14,624.82","14,664.24",
20230615023759pdf_15-30 Juni 2023.pdf,29,RENDANI,MANOKWARI,MKW,89.20,"14,624.82","14,664.24",
20230615023759pdf_15-30 Juni 2023.pdf,30,KERTAJATI,MAJALENGKA,KJT,78.60,"12,866.28","12,900.96",
20230615023759pdf_15-30 Juni 2023.pdf,31,ABDURACHMAN SALEH,MALANG,MLG,88.40,"14,491.26","14,530.32",
20230615023759pdf_15-30 Juni 2023.pdf,32,WAI OTI,MAUMERE,MOF,89.10,"14,602.56","14,641.92",
20230615023759pdf_15-30 Juni 2023.pdf,33,PANIAI,NABIRE,NBX,89.20,"14,624.82","14,664.24",
20230615023759pdf_15-30 Juni 2023.pdf,34,RANAI,NATUNA,NTX,87.20,"14,279.79","14,318.28",
20230615023759pdf_15-30 Juni 2023.pdf,35,PONDOK CABE,JAKARTA,PCB,88.60,"14,524.65","14,563.80",
20230615023759pdf_15-30 Juni 2023.pdf,36,MINANGKABAU,PADANG,PDG,87.20,"14,168.49","14,206.68",
20230615023759pdf_15-30 Juni 2023.pdf,37,DEPATI AMIR,PANGKAL PINANG,PGK,86.70,"14,213.01","14,251.32",
20230615023759pdf_15-30 Juni 2023.pdf,38,ISKANDAR,PANGKALAN BUN,PKN,88.70,"14,535.78","14,574.96",
20230615023759pdf_15-30 Juni 2023.pdf,39,SULTAN SYARIF KASIM II,PEKANBARU,PKU,87.20,"14,279.79","14,318.28",
20230615023759pdf_15-30 Juni 2023.pdf,40,TJILIK RIWUT,PALANGKARAYA,PKY,88.70,"14,535.78","14,574.96",
20230615023759pdf_15-30 Juni 2023.pdf,41,SULTAN MAHMUD BADARUDDIN II,PALEMBANG,PLM,"86.70","14,213.01","14,251.32",
20230615023759pdf_15-30 Juni 2023.pdf,42,MUTIARA,PALU,PLW,89.20,"14,624.82","14,664.24",
20230615023759pdf_15-30 Juni 2023.pdf,43,SUPADIO,PONTIANAK,PNK,88.70,"14,535.78","14,574.96",
20230615023759pdf_15-30 Juni 2023.pdf,44,H. ASAN,SAMPIT,SMQ,88.70,"14,535.78","14,574.96",
20230615023759pdf_15-30 Juni 2023.pdf,45,ADISUMARMO,SOLO,SOC,88.30,"14,469.00","14,508.00",
20230615023759pdf_15-30 Juni 2023.pdf,46,SORONG DARATAN,SORONG,SOQ,89.20,"14,624.82","14,664.24",
20230615023759pdf_15-30 Juni 2023.pdf,47,ACHMAD YANI,SEMARANG,SRG,87.40,"14,313.18","14,351.76",
20230615023759pdf_15-30 Juni 2023.pdf,48,JUANDA,SURABAYA,SUB,85.50,"13,979.28","14,016.96",
20230615023759pdf_15-30 Juni 2023.pdf,49,RADEN INTEN II,BANDAR LAMPUNG,TKG,85.90,"14,224.14","14,262.48",
20230615023759pdf_15-30 Juni 2023.pdf,50,KIJANG,TANJUNG PINANG,TNJ,87.80,"14,402.22","14,441.04",
20230615023759pdf_15-30 Juni 2023.pdf,51,JUWATA,TARAKAN,TRK,88.70,"14,535.78","14,574.96",
20230615023759pdf_15-30 Juni 2023.pdf,52,BABULLAH,TERNATE,TTE,89.20,"14,624.82","14,664.24",
20230615023759pdf_15-30 Juni 2023.pdf,53,HASANUDDIN,UJUNG PANDANG,UPG,89.00,"14,546.91","14,586.12",
20230615023759pdf_15-30 Juni 2023.pdf,54,MAU HAU,WAINGAPU,WGP,89.10,"14,602.56","14,641.92",
20230615023759pdf_15-30 Juni 2023.pdf,55,ISWAHYUDI,MADIUN,WIAR (ICAO),88.70,"14,558.04","14,597.28",
20230615023759pdf_15-30 Juni 2023.pdf,56,DUMATUBUN,TUAL,LUV,89.20,"14,624.82","14,664.24",
20230615023759pdf_15-30 Juni 2023.pdf,57,SILANGIT,SIBORONG-BORONG,DTB,86.70,"14,213.01","14,251.32",
20230615023759pdf_15-30 Juni 2023.pdf,58,KALIMARAU,BERAU,BEJ,88.70,"14,535.78","14,574.96",
20230615023759pdf_15-30 Juni 2023.pdf,59,KOMODO,LABUAN BAJO,LBJ,89.10,"14,602.56","14,641.92",
20230615023759pdf_15-30 Juni 2023.pdf,60,KUALANAMU,DELI SERDANG,KNO,86.90,"14,201.88","14,240.16",
20230615023759pdf_15-30 Juni 2023.pdf,61,TAMPA PADANG,MAMUJU,MJU,89.30,"14,624.82","14,664.24",
20230615023759pdf_15-30 Juni 2023.pdf,62,F.L. TOBING,PINANGSORI,FLZ,87.20,"14,279.79","14,318.28",
20230615023759pdf_15-30 Juni 2023.pdf,63,MOZES KILANGIN,TIMIKA,TIM,89.20,"14,624.82","14,664.24",
20230615023759pdf_15-30 Juni 2023.pdf,64,H.A.S. HANANDJOEDDIN,TANJUNG PANDAN,TJQ,87.50,"14,368.83","14,407.56",
20230615023759pdf_15-30 Juni 2023.pdf,65,BLIMBINGSARI,BANYUWANGI,BWX,89.10,"14,602.56","14,641.92",
20230615023759pdf_15-30 Juni 2023.pdf,66,TAMBOLAKA,SUMBA BARAT,TMC,88.70,"14,580.30","14,619.60",
20230615023759pdf_15-30 Juni 2023.pdf,67,BINAKA,GUNUNGSITOLI,GNS,87.20,"14,279.79","14,318.28",
20230615023759pdf_15-30 Juni 2023.pdf,68,KULONPROGO,YOGYAKARTA,YIA,88.10,"14,435.61","14,474.52",
20230615023759pdf_15-30 Juni 2023.pdf,69,KUABANG,HALMAHERA UTARA,KAZ,89.10,"14,624.82","14,664.24",
20230615023759pdf_15-30 Juni 2023.pdf,70,JENDERAL BESAR SOEDIRMAN,PURBALINGGA,PWL,88.30,"14,469.00","14,508.00",
20230615023759pdf_15-30 Juni 2023.pdf,71,MATHILDA BATLAYERI,SAUMLAKI,SXK,88.70,"14,624.82","14,664.24",
20230615023759pdf_15-30 Juni 2023.pdf,72,BUDIARTO,CURUG,BTO,88.30,"14,546.91","14,586.12",
20230630085810pdf_1-14 Juli 2023.pdf,1,APT PRANOTO,SAMARINDA,AAP,89.40,"14,647.08","14,686.56",
20230630085810pdf_1-14 Juli 2023.pdf,2,PATTIMURA,AMBON,AMQ,89.80,"14,713.86","14,753.52",
20230630085810pdf_1-14 Juli 2023.pdf,3,SYAMSUDDIN NOOR,BANJARMASIN,BDJ,89.40,"14,647.08","14,686.56",
20230630085810pdf_1-14 Juli 2023.pdf,4,HUSEIN SASTRANEGARA,BANDUNG,BDO,86.60,"14,190.75","14,229.00",
20230630085810pdf_1-14 Juli 2023.pdf,5,FRANS KAISIEPO,BIAK,BIK,89.80,"14,713.86","14,753.52",
20230630085810pdf_1-14 Juli 2023.pdf,6,FATMAWATI SOEKARNOPUTRI,BENGKULU,BKS,88.20,"14,480.13","14,519.16",
20230630085810pdf_1-14 Juli 2023.pdf,7,M. SALAHUDDIN,BIMA,BMU,89.80,"14,713.86","14,753.52",
20230630085810pdf_1-14 Juli 2023.pdf,8,SEPINGGAN,BALIKPAPAN,BPN,87.80,"14,368.83","14,407.56",
20230630085810pdf_1-14 Juli 2023.pdf,9,HANG NADIM,BATAM,BTH,87.40,"12,888.55","12,927.10",
20230630085810pdf_1-14 Juli 2023.pdf,10,SULTAN ISKANDAR MUDA,BANDA ACEH,BTJ,88.00,"14,413.35","14,452.20",
20230630085810pdf_1-14 Juli 2023.pdf,11,SOEKARNO HATTA,CENGKARENG,CGK,73.20,"11,964.75","11,997.00",
20230630085810pdf_1-14 Juli 2023.pdf,12,TUNGGUL WULUNG,CILACAP,CXP,89.20,"14,602.56","14,641.92",
20230630085810pdf_1-14 Juli 2023.pdf,13,SULTAN THAHA,JAMBI,DJB,88.40,"14,524.65","14,563.80",
20230630085810pdf_1-14 Juli 2023.pdf,14,SENTANI,JAYAPURA,DJJ,90.00,"14,691.60","14,731.20",
20230630085810pdf_1-14 Juli 2023.pdf,15,NGURAH RAI,DENPASAR,DPS,88.90,"14,524.65","14,563.80",
20230630085810pdf_1-14 Juli 2023.pdf,16,PINANG KAMPAI,DUMAI,DUM,88.00,"14,413.35","14,452.20",
20230630085810pdf_1-14 Juli 2023.pdf,17,H. AROEBOESMAN,ENDE,ENE,89.80,"14,713.86","14,753.52",
20230630085810pdf_1-14 Juli 2023.pdf,18,JALALUDDIN,GORONTALO,GTO,89.80,"14,713.86","14,753.52",
20230630085810pdf_1-14 Juli 2023.pdf,19,HALIM PERDANAKUSUMA,JAKARTA,HLP,80.60,"13,189.05","13,224.60",
20230630085810pdf_1-14 Juli 2023.pdf,20,ADISUCIPTO,YOGYAKARTA,JOG,88.90,"14,558.04","14,597.28",
20230630085810pdf_1-14 Juli 2023.pdf,21,WOLTER MONGINSIDI,KENDARI,KDI,89.80,"14,713.86","14,753.52",
20230630085810pdf_1-14 Juli 2023.pdf,22,UTAROM,KAIMANA,KNG,89.80,"14,713.86","14,753.52",
20230630085810pdf_1-14 Juli 2023.pdf,23,ELTARI,KUPANG,KOE,86.60,"14,135.10","14,173.20",
20230630085810pdf_1-14 Juli 2023.pdf,24,LOMBOK INTERNATIONAL,MATARAM,LOP,89.20,"14,613.69","14,653.08",
20230630085810pdf_1-14 Juli 2023.pdf,25,BUBUNG,LUWUK,LUW,89.80,"14,713.86","14,753.52",
20230630085810pdf_1-14 Juli 2023.pdf,26,SAM RATULANGI,MANADO,MDC,89.80,"14,713.86","14,753.52",
20230630085810pdf_1-14 Juli 2023.pdf,27,POLONIA,MEDAN,MES,88.00,"14,413.35","14,452.20",
20230630085810pdf_1-14 Juli 2023.pdf,28,MOPAH,MERAUKE,MKQ,89.80,"14,713.86","14,753.52",
20230630085810pdf_1-14 Juli 2023.pdf,29,RENDANI,MANOKWARI,MKW,89.80,"14,713.86","14,753.52",
20230630085810pdf_1-14 Juli 2023.pdf,30,KERTAJATI,MAJALENGKA,KJT,79.90,"13,077.75","13,113.00",
20230630085810pdf_1-14 Juli 2023.pdf,31,ABDURACHMAN SALEH,MALANG,MLG,89.10,"14,602.56","14,641.92",
20230630085810pdf_1-14 Juli 2023.pdf,32,WAI OTI,MAUMERE,MOF,89.80,"14,713.86","14,753.52",
20230630085810pdf_1-14 Juli 2023.pdf,33,PANIAI,NABIRE,NBX,89.80,"14,713.86","14,753.52",
20230630085810pdf_1-14 Juli 2023.pdf,34,RANAI,NATUNA,NTX,88.00,"14,413.35","14,452.20",
20230630085810pdf_1-14 Juli 2023.pdf,35,PONDOK CABE,JAKARTA,PCB,89.40,"14,647.08","14,686.56",
20230630085810pdf_1-14 Juli 2023.pdf,36,MINANGKABAU,PADANG,PDG,88.00,"14,302.05","14,340.60",
20230630085810pdf_1-14 Juli 2023.pdf,37,DEPATI AMIR,PANGKAL PINANG,PGK,87.60,"14,346.57","14,385.24",
20230630085810pdf_1-14 Juli 2023.pdf,38,ISKANDAR,PANGKALAN BUN,PKN,89.40,"14,647.08","14,686.56",
20230630085810pdf_1-14 Juli 2023.pdf,39,SULTAN SYARIF KASIM II,PEKANBARU,PKU,88.00,"14,413.35","14,452.20",
20230630085810pdf_1-14 Juli 2023.pdf,40,TJILIK RIWUT,PALANGKARAYA,PKY,89.40,"14,647.08","14,686.56",
20230630085810pdf_1-14 Juli 2023.pdf,41,SULTAN MAHMUD BADARUDDIN II,PALEMBANG,PLM,"87.60","14,346.57","14,385.24",
20230630085810pdf_1-14 Juli 2023.pdf,42,MUTIARA,PALU,PLW,89.80,"14,713.86","14,753.52",
20230630085810pdf_1-14 Juli 2023.pdf,43,SUPADIO,PONTIANAK,PNK,89.40,"14,647.08","14,686.56",
20230630085810pdf_1-14 Juli 2023.pdf,44,H. ASAN,SAMPIT,SMQ,89.40,"14,647.08","14,686.56",
20230630085810pdf_1-14 Juli 2023.pdf,45,ADISUMARMO,SOLO,SOC,89.20,"14,602.56","14,641.92",
20230630085810pdf_1-14 Juli 2023.pdf,46,SORONG DARATAN,SORONG,SOQ,89.80,"14,713.86","14,753.52",
20230630085810pdf_1-14 Juli 2023.pdf,47,ACHMAD YANI,SEMARANG,SRG,88.30,"14,446.74","14,485.68",
20230630085810pdf_1-14 Juli 2023.pdf,48,JUANDA,SURABAYA,SUB,86.20,"14,090.58","14,128.56",
20230630085810pdf_1-14 Juli 2023.pdf,49,RADEN INTEN II,BANDAR LAMPUNG,TKG,86.80,"14,357.70","14,396.40",
20230630085810pdf_1-14 Juli 2023.pdf,50,KIJANG,TANJUNG PINANG,TNJ,88.70,"14,535.78","14,574.96",
20230630085810pdf_1-14 Juli 2023.pdf,51,JUWATA,TARAKAN,TRK,89.40,"14,647.08","14,686.56",
20230630085810pdf_1-14 Juli 2023.pdf,52,BABULLAH,TERNATE,TTE,89.80,"14,713.86","14,753.52",
20230630085810pdf_1-14 Juli 2023.pdf,53,HASANUDDIN,UJUNG PANDANG,UPG,89.60,"14,635.95","14,675.40",
20230630085810pdf_1-14 Juli 2023.pdf,54,MAU HAU,WAINGAPU,WGP,89.80,"14,713.86","14,753.52",
20230630085810pdf_1-14 Juli 2023.pdf,55,ISWAHYUDI,MADIUN,WIAR (ICAO),89.40,"14,669.34","14,708.88",
20230630085810pdf_1-14 Juli 2023.pdf,56,DUMATUBUN,TUAL,LUV,89.80,"14,713.86","14,753.52",
20230630085810pdf_1-14 Juli 2023.pdf,57,SILANGIT,SIBORONG-BORONG,DTB,87.60,"14,346.57","14,385.24",
20230630085810pdf_1-14 Juli 2023.pdf,58,KALIMARAU,BERAU,BEJ,89.40,"14,647.08","14,686.56",
20230630085810pdf_1-14 Juli 2023.pdf,59,KOMODO,LABUAN BAJO,LBJ,89.80,"14,713.86","14,753.52",
20230630085810pdf_1-14 Juli 2023.pdf,60,KUALANAMU,DELI SERDANG,KNO,87.80,"14,335.44","14,374.08",
20230630085810pdf_1-14 Juli 2023.pdf,61,TAMPA PADANG,MAMUJU,MJU,89.90,"14,713.86","14,753.52",
20230630085810pdf_1-14 Juli 2023.pdf,62,F.L. TOBING,PINANGSORI,FLZ,88.00,"14,413.35","14,452.20",
20230630085810pdf_1-14 Juli 2023.pdf,63,MOZES KILANGIN,TIMIKA,TIM,89.80,"14,713.86","14,753.52",
20230630085810pdf_1-14 Juli 2023.pdf,64,H.A.S. HANANDJOEDDIN,TANJUNG PANDAN,TJQ,88.30,"14,502.39","14,541.48",
20230630085810pdf_1-14 Juli 2023.pdf,65,BLIMBINGSARI,BANYUWANGI,BWX,89.80,"14,713.86","14,753.52",
20230630085810pdf_1-14 Juli 2023.pdf,66,TAMBOLAKA,SUMBA BARAT,TMC,89.50,"14,691.60","14,731.20",
20230630085810pdf_1-14 Juli 2023.pdf,67,BINAKA,GUNUNGSITOLI,GNS,88.00,"14,413.35","14,452.20",
20230630085810pdf_1-14 Juli 2023.pdf,68,KULONPROGO,YOGYAKARTA,YIA,88.90,"14,569.17","14,608.44",
20230630085810pdf_1-14 Juli 2023.pdf,69,KUABANG,HALMAHERA UTARA,KAZ,89.70,"14,713.86","14,753.52",
20230630085810pdf_1-14 Juli 2023.pdf,70,JENDERAL BESAR SOEDIRMAN,PURBALINGGA,PWL,89.20,"14,602.56","14,641.92",
20230630085810pdf_1-14 Juli 2023.pdf,71,MATHILDA BATLAYERI,SAUMLAKI,SXK,89.30,"14,713.86","14,753.52",
20230630085810pdf_1-14 Juli 2023.pdf,72,BUDIARTO,CURUG,BTO,89.20,"14,669.34","14,708.88",
20230714233750pdf_15-31 Juli 2023.pdf,1,APT PRANOTO,SAMARINDA,AAP,89.20,"14,702.73","14,742.36",
20230714233750pdf_15-31 Juli 2023.pdf,2,PATTIMURA,AMBON,AMQ,89.20,"14,713.86","14,753.52",
20230714233750pdf_15-31 Juli 2023.pdf,3,SYAMSUDDIN NOOR,BANJARMASIN,BDJ,89.20,"14,702.73","14,742.36",
20230714233750pdf_15-31 Juli 2023.pdf,4,HUSEIN SASTRANEGARA,BANDUNG,BDO,86.70,"14,290.92","14,329.44",
20230714233750pdf_15-31 Juli 2023.pdf,5,FRANS KAISIEPO,BIAK,BIK,89.20,"14,713.86","14,753.52",
20230714233750pdf_15-31 Juli 2023.pdf,6,FATMAWATI SOEKARNOPUTRI,BENGKULU,BKS,87.90,"14,535.78","14,574.96",
20230714233750pdf_15-31 Juli 2023.pdf,7,M. SALAHUDDIN,BIMA,BMU,89.20,"14,713.86","14,753.52",
20230714233750pdf_15-31 Juli 2023.pdf,8,SEPINGGAN,BALIKPAPAN,BPN,87.50,"14,424.48","14,463.36",
20230714233750pdf_15-31 Juli 2023.pdf,9,HANG NADIM,BATAM,BTH,87.10,"12,938.70","12,977.40",
20230714233750pdf_15-31 Juli 2023.pdf,10,SULTAN ISKANDAR MUDA,BANDA ACEH,BTJ,87.80,"14,469.00","14,508.00",
20230714233750pdf_15-31 Juli 2023.pdf,11,SOEKARNO HATTA,CENGKARENG,CGK,73.40,"12,064.92","12,097.44",
20230714233750pdf_15-31 Juli 2023.pdf,12,TUNGGUL WULUNG,CILACAP,CXP,88.90,"14,658.21","14,697.72",
20230714233750pdf_15-31 Juli 2023.pdf,13,SULTAN THAHA,JAMBI,DJB,88.20,"14,580.30","14,619.60",
20230714233750pdf_15-31 Juli 2023.pdf,14,SENTANI,JAYAPURA,DJJ,89.40,"14,691.60","14,731.20",
20230714233750pdf_15-31 Juli 2023.pdf,15,NGURAH RAI,DENPASAR,DPS,88.60,"14,580.30","14,619.60",
20230714233750pdf_15-31 Juli 2023.pdf,16,PINANG KAMPAI,DUMAI,DUM,87.80,"14,469.00","14,508.00",
20230714233750pdf_15-31 Juli 2023.pdf,17,H. AROEBOESMAN,ENDE,ENE,89.20,"14,713.86","14,753.52",
20230714233750pdf_15-31 Juli 2023.pdf,18,JALALUDDIN,GORONTALO,GTO,89.20,"14,713.86","14,753.52",
20230714233750pdf_15-31 Juli 2023.pdf,19,HALIM PERDANAKUSUMA,JAKARTA,HLP,80.70,"13,289.22","13,325.04",
20230714233750pdf_15-31 Juli 2023.pdf,20,ADISUCIPTO,YOGYAKARTA,JOG,88.70,"14,613.69","14,653.08",
20230714233750pdf_15-31 Juli 2023.pdf,21,WOLTER MONGINSIDI,KENDARI,KDI,89.20,"14,713.86","14,753.52",
20230714233750pdf_15-31 Juli 2023.pdf,22,UTAROM,KAIMANA,KNG,89.20,"14,713.86","14,753.52",
20230714233750pdf_15-31 Juli 2023.pdf,23,ELTARI,KUPANG,KOE,86.30,"14,190.75","14,229.00",
20230714233750pdf_15-31 Juli 2023.pdf,24,LOMBOK INTERNATIONAL,MATARAM,LOP,89.00,"14,669.34","14,708.88",
20230714233750pdf_15-31 Juli 2023.pdf,25,BUBUNG,LUWUK,LUW,89.20,"14,713.86","14,753.52",
20230714233750pdf_15-31 Juli 2023.pdf,26,SAM RATULANGI,MANADO,MDC,89.20,"14,713.86","14,753.52",
20230714233750pdf_15-31 Juli 2023.pdf,27,POLONIA,MEDAN,MES,87.80,"14,469.00","14,508.00",
20230714233750pdf_15-31 Juli 2023.pdf,28,MOPAH,MERAUKE,MKQ,89.20,"14,713.86","14,753.52",
20230714233750pdf_15-31 Juli 2023.pdf,29,RENDANI,MANOKWARI,MKW,89.20,"14,713.86","14,753.52",
20230714233750pdf_15-31 Juli 2023.pdf,30,KERTAJATI,MAJALENGKA,KJT,80.00,"13,177.92","13,213.44",
20230714233750pdf_15-31 Juli 2023.pdf,31,ABDURACHMAN SALEH,MALANG,MLG,88.90,"14,658.21","14,697.72",
20230714233750pdf_15-31 Juli 2023.pdf,32,WAI OTI,MAUMERE,MOF,89.20,"14,713.86","14,753.52",
20230714233750pdf_15-31 Juli 2023.pdf,33,PANIAI,NABIRE,NBX,89.20,"14,713.86","14,753.52",
20230714233750pdf_15-31 Juli 2023.pdf,34,RANAI,NATUNA,NTX,87.80,"14,469.00","14,508.00",
20230714233750pdf_15-31 Juli 2023.pdf,35,PONDOK CABE,JAKARTA,PCB,89.00,"14,669.34","14,708.88",
20230714233750pdf_15-31 Juli 2023.pdf,36,MINANGKABAU,PADANG,PDG,87.80,"14,357.70","14,396.40",
20230714233750pdf_15-31 Juli 2023.pdf,37,DEPATI AMIR,PANGKAL PINANG,PGK,87.30,"14,402.22","14,441.04",
20230714233750pdf_15-31 Juli 2023.pdf,38,ISKANDAR,PANGKALAN BUN,PKN,89.20,"14,702.73","14,742.36",
20230714233750pdf_15-31 Juli 2023.pdf,39,SULTAN SYARIF KASIM II,PEKANBARU,PKU,87.80,"14,469.00","14,508.00",
20230714233750pdf_15-31 Juli 2023.pdf,40,TJILIK RIWUT,PALANGKARAYA,PKY,89.20,"14,702.73","14,742.36",
20230714233750pdf_15-31 Juli 2023.pdf,41,SULTAN MAHMUD BADARUDDIN II,PALEMBANG,PLM,"87.30","14,402.22","14,441.04",
20230714233750pdf_15-31 Juli 2023.pdf,42,MUTIARA,PALU,PLW,89.20,"14,713.86","14,753.52",
20230714233750pdf_15-31 Juli 2023.pdf,43,SUPADIO,PONTIANAK,PNK,89.20,"14,702.73","14,742.36",
20230714233750pdf_15-31 Juli 2023.pdf,44,H. ASAN,SAMPIT,SMQ,89.20,"14,702.73","14,742.36",
20230714233750pdf_15-31 Juli 2023.pdf,45,ADISUMARMO,SOLO,SOC,88.90,"14,658.21","14,697.72",
20230714233750pdf_15-31 Juli 2023.pdf,46,SORONG DARATAN,SORONG,SOQ,89.20,"14,713.86","14,753.52",
20230714233750pdf_15-31 Juli 2023.pdf,47,ACHMAD YANI,SEMARANG,SRG,88.10,"14,502.39","14,541.48",
20230714233750pdf_15-31 Juli 2023.pdf,48,JUANDA,SURABAYA,SUB,86.00,"14,146.23","14,184.36",
20230714233750pdf_15-31 Juli 2023.pdf,49,RADEN INTEN II,BANDAR LAMPUNG,TKG,86.60,"14,413.35","14,452.20",
20230714233750pdf_15-31 Juli 2023.pdf,50,KIJANG,TANJUNG PINANG,TNJ,88.40,"14,591.43","14,630.76",
20230714233750pdf_15-31 Juli 2023.pdf,51,JUWATA,TARAKAN,TRK,89.20,"14,702.73","14,742.36",
20230714233750pdf_15-31 Juli 2023.pdf,52,BABULLAH,TERNATE,TTE,89.20,"14,713.86","14,753.52",
20230714233750pdf_15-31 Juli 2023.pdf,53,HASANUDDIN,UJUNG PANDANG,UPG,89.00,"14,635.95","14,675.40",
20230714233750pdf_15-31 Juli 2023.pdf,54,MAU HAU,WAINGAPU,WGP,89.20,"14,713.86","14,753.52",
20230714233750pdf_15-31 Juli 2023.pdf,55,ISWAHYUDI,MADIUN,WIAR (ICAO),89.10,"14,713.86","14,753.52",
20230714233750pdf_15-31 Juli 2023.pdf,56,DUMATUBUN,TUAL,LUV,89.20,"14,713.86","14,753.52",
20230714233750pdf_15-31 Juli 2023.pdf,57,SILANGIT,SIBORONG-BORONG,DTB,87.40,"14,402.22","14,441.04",
20230714233750pdf_15-31 Juli 2023.pdf,58,KALIMARAU,BERAU,BEJ,89.20,"14,702.73","14,742.36",
20230714233750pdf_15-31 Juli 2023.pdf,59,KOMODO,LABUAN BAJO,LBJ,89.20,"14,713.86","14,753.52",
20230714233750pdf_15-31 Juli 2023.pdf,60,KUALANAMU,DELI SERDANG,KNO,87.50,"14,391.09","14,429.88",
20230714233750pdf_15-31 Juli 2023.pdf,61,TAMPA PADANG,MAMUJU,MJU,89.30,"14,713.86","14,753.52",
20230714233750pdf_15-31 Juli 2023.pdf,62,F.L. TOBING,PINANGSORI,FLZ,87.80,"14,469.00","14,508.00",
20230714233750pdf_15-31 Juli 2023.pdf,63,MOZES KILANGIN,TIMIKA,TIM,89.20,"14,713.86","14,753.52",
20230714233750pdf_15-31 Juli 2023.pdf,64,H.A.S. HANANDJOEDDIN,TANJUNG PANDAN,TJQ,88.10,"14,558.04","14,597.28",
20230714233750pdf_15-31 Juli 2023.pdf,65,BLIMBINGSARI,BANYUWANGI,BWX,89.20,"14,713.86","14,753.52",
20230714233750pdf_15-31 Juli 2023.pdf,66,TAMBOLAKA,SUMBA BARAT,TMC,89.00,"14,713.86","14,753.52",
20230714233750pdf_15-31 Juli 2023.pdf,67,BINAKA,GUNUNGSITOLI,GNS,87.80,"14,469.00","14,508.00",
20230714233750pdf_15-31 Juli 2023.pdf,68,KULONPROGO,YOGYAKARTA,YIA,88.70,"14,624.82","14,664.24",
20230714233750pdf_15-31 Juli 2023.pdf,69,KUABANG,HALMAHERA UTARA,KAZ,89.10,"14,713.86","14,753.52",
20230714233750pdf_15-31 Juli 2023.pdf,70,JENDERAL BESAR SOEDIRMAN,PURBALINGGA,PWL,88.90,"14,658.21","14,697.72",
20230714233750pdf_15-31 Juli 2023.pdf,71,MATHILDA BATLAYERI,SAUMLAKI,SXK,88.70,"14,713.86","14,753.52",
20230714233750pdf_15-31 Juli 2023.pdf,72,BUDIARTO,CURUG,BTO,89.20,"14,691.60","14,731.20",
20230801012421pdf_1-14 Agustus 2023.pdf,1,APT PRANOTO,SAMARINDA,AAP,93.10,"15,381.66","15,423.12",
20230801012421pdf_1-14 Agustus 2023.pdf,2,PATTIMURA,AMBON,AMQ,93.00,"15,381.66","15,423.12",
20230801012421pdf_1-14 Agustus 2023.pdf,3,SYAMSUDDIN NOOR,BANJARMASIN,BDJ,93.10,"15,381.66","15,423.12",
20230801012421pdf_1-14 Agustus 2023.pdf,4,HUSEIN SASTRANEGARA,BANDUNG,BDO,91.20,"15,070.02","15,110.64",
20230801012421pdf_1-14 Agustus 2023.pdf,5,FRANS KAISIEPO,BIAK,BIK,93.00,"15,381.66","15,423.12",
20230801012421pdf_1-14 Agustus 2023.pdf,6,FATMAWATI SOEKARNOPUTRI,BENGKULU,BKS,92.10,"15,259.23","15,300.36",
20230801012421pdf_1-14 Agustus 2023.pdf,7,M. SALAHUDDIN,BIMA,BMU,93.00,"15,381.66","15,423.12",
20230801012421pdf_1-14 Agustus 2023.pdf,8,SEPINGGAN,BALIKPAPAN,BPN,91.60,"15,125.67","15,166.44",
20230801012421pdf_1-14 Agustus 2023.pdf,9,HANG NADIM,BATAM,BTH,91.30,"13,590.65","13,631.30",
20230801012421pdf_1-14 Agustus 2023.pdf,10,SULTAN ISKANDAR MUDA,BANDA ACEH,BTJ,92.00,"15,192.45","15,233.40",
20230801012421pdf_1-14 Agustus 2023.pdf,11,SOEKARNO HATTA,CENGKARENG,CGK,77.90,"12,844.02","12,878.64",
20230801012421pdf_1-14 Agustus 2023.pdf,12,TUNGGUL WULUNG,CILACAP,CXP,92.80,"15,326.01","15,367.32",
20230801012421pdf_1-14 Agustus 2023.pdf,13,SULTAN THAHA,JAMBI,DJB,92.40,"15,303.75","15,345.00",
20230801012421pdf_1-14 Agustus 2023.pdf,14,SENTANI,JAYAPURA,DJJ,93.20,"15,359.40","15,400.80",
20230801012421pdf_1-14 Agustus 2023.pdf,15,NGURAH RAI,DENPASAR,DPS,92.40,"15,248.10","15,289.20",
20230801012421pdf_1-14 Agustus 2023.pdf,16,PINANG KAMPAI,DUMAI,DUM,92.00,"15,192.45","15,233.40",
20230801012421pdf_1-14 Agustus 2023.pdf,17,H. AROEBOESMAN,ENDE,ENE,93.00,"15,381.66","15,423.12",
20230801012421pdf_1-14 Agustus 2023.pdf,18,JALALUDDIN,GORONTALO,GTO,93.00,"15,381.66","15,423.12",
20230801012421pdf_1-14 Agustus 2023.pdf,19,HALIM PERDANAKUSUMA,JAKARTA,HLP,85.20,"14,068.32","14,106.24",
20230801012421pdf_1-14 Agustus 2023.pdf,20,ADISUCIPTO,YOGYAKARTA,JOG,92.50,"15,281.49","15,322.68",
20230801012421pdf_1-14 Agustus 2023.pdf,21,WOLTER MONGINSIDI,KENDARI,KDI,93.00,"15,381.66","15,423.12",
20230801012421pdf_1-14 Agustus 2023.pdf,22,UTAROM,KAIMANA,KNG,93.00,"15,381.66","15,423.12",
20230801012421pdf_1-14 Agustus 2023.pdf,23,ELTARI,KUPANG,KOE,90.30,"14,880.81","14,920.92",
20230801012421pdf_1-14 Agustus 2023.pdf,24,LOMBOK INTERNATIONAL,MATARAM,LOP,92.80,"15,337.14","15,378.48",
20230801012421pdf_1-14 Agustus 2023.pdf,25,BUBUNG,LUWUK,LUW,93.00,"15,381.66","15,423.12",
20230801012421pdf_1-14 Agustus 2023.pdf,26,SAM RATULANGI,MANADO,MDC,93.00,"15,381.66","15,423.12",
20230801012421pdf_1-14 Agustus 2023.pdf,27,POLONIA,MEDAN,MES,92.00,"15,192.45","15,233.40",
20230801012421pdf_1-14 Agustus 2023.pdf,28,MOPAH,MERAUKE,MKQ,93.00,"15,381.66","15,423.12",
20230801012421pdf_1-14 Agustus 2023.pdf,29,RENDANI,MANOKWARI,MKW,93.00,"15,381.66","15,423.12",
20230801012421pdf_1-14 Agustus 2023.pdf,30,KERTAJATI,MAJALENGKA,KJT,84.50,"13,957.02","13,994.64",
20230801012421pdf_1-14 Agustus 2023.pdf,31,ABDURACHMAN SALEH,MALANG,MLG,93.00,"15,381.66","15,423.12",
20230801012421pdf_1-14 Agustus 2023.pdf,32,WAI OTI,MAUMERE,MOF,93.00,"15,381.66","15,423.12",
20230801012421pdf_1-14 Agustus 2023.pdf,33,PANIAI,NABIRE,NBX,93.00,"15,381.66","15,423.12",
20230801012421pdf_1-14 Agustus 2023.pdf,34,RANAI,NATUNA,NTX,92.00,"15,192.45","15,233.40",
20230801012421pdf_1-14 Agustus 2023.pdf,35,PONDOK CABE,JAKARTA,PCB,93.00,"15,381.66","15,423.12",
20230801012421pdf_1-14 Agustus 2023.pdf,36,MINANGKABAU,PADANG,PDG,92.00,"15,081.15","15,121.80",
20230801012421pdf_1-14 Agustus 2023.pdf,37,DEPATI AMIR,PANGKAL PINANG,PGK,91.50,"15,125.67","15,166.44",
20230801012421pdf_1-14 Agustus 2023.pdf,38,ISKANDAR,PANGKALAN BUN,PKN,93.10,"15,381.66","15,423.12",
20230801012421pdf_1-14 Agustus 2023.pdf,39,SULTAN SYARIF KASIM II,PEKANBARU,PKU,92.00,"15,192.45","15,233.40",
20230801012421pdf_1-14 Agustus 2023.pdf,40,TJILIK RIWUT,PALANGKARAYA,PKY,93.10,"15,381.66","15,423.12",
20230801012421pdf_1-14 Agustus 2023.pdf,41,SULTAN MAHMUD BADARUDDIN II,PALEMBANG,PLM,"91.50","15,125.67","15,166.44",
20230801012421pdf_1-14 Agustus 2023.pdf,42,MUTIARA,PALU,PLW,93.00,"15,381.66","15,423.12",
20230801012421pdf_1-14 Agustus 2023.pdf,43,SUPADIO,PONTIANAK,PNK,93.10,"15,381.66","15,423.12",
20230801012421pdf_1-14 Agustus 2023.pdf,44,H. ASAN,SAMPIT,SMQ,93.10,"15,381.66","15,423.12",
20230801012421pdf_1-14 Agustus 2023.pdf,45,ADISUMARMO,SOLO,SOC,92.80,"15,326.01","15,367.32",
20230801012421pdf_1-14 Agustus 2023.pdf,46,SORONG DARATAN,SORONG,SOQ,93.00,"15,381.66","15,423.12",
20230801012421pdf_1-14 Agustus 2023.pdf,47,ACHMAD YANI,SEMARANG,SRG,91.90,"15,170.19","15,211.08",
20230801012421pdf_1-14 Agustus 2023.pdf,48,JUANDA,SURABAYA,SUB,90.20,"14,869.68","14,909.76",
20230801012421pdf_1-14 Agustus 2023.pdf,49,RADEN INTEN II,BANDAR LAMPUNG,TKG,90.70,"15,136.80","15,177.60",
20230801012421pdf_1-14 Agustus 2023.pdf,50,KIJANG,TANJUNG PINANG,TNJ,92.60,"15,314.88","15,356.16",
20230801012421pdf_1-14 Agustus 2023.pdf,51,JUWATA,TARAKAN,TRK,93.10,"15,381.66","15,423.12",
20230801012421pdf_1-14 Agustus 2023.pdf,52,BABULLAH,TERNATE,TTE,93.00,"15,381.66","15,423.12",
20230801012421pdf_1-14 Agustus 2023.pdf,53,HASANUDDIN,UJUNG PANDANG,UPG,93.00,"15,337.14","15,378.48",
20230801012421pdf_1-14 Agustus 2023.pdf,54,MAU HAU,WAINGAPU,WGP,93.00,"15,381.66","15,423.12",
20230801012421pdf_1-14 Agustus 2023.pdf,55,ISWAHYUDI,MADIUN,WIAR (ICAO),92.90,"15,381.66","15,423.12",
20230801012421pdf_1-14 Agustus 2023.pdf,56,DUMATUBUN,TUAL,LUV,93.00,"15,381.66","15,423.12",
20230801012421pdf_1-14 Agustus 2023.pdf,57,SILANGIT,SIBORONG-BORONG,DTB,91.50,"15,125.67","15,166.44",
20230801012421pdf_1-14 Agustus 2023.pdf,58,KALIMARAU,BERAU,BEJ,93.10,"15,381.66","15,423.12",
20230801012421pdf_1-14 Agustus 2023.pdf,59,KOMODO,LABUAN BAJO,LBJ,92.80,"15,348.27","15,389.64",
20230801012421pdf_1-14 Agustus 2023.pdf,60,KUALANAMU,DELI SERDANG,KNO,91.70,"15,114.54","15,155.28",
20230801012421pdf_1-14 Agustus 2023.pdf,61,TAMPA PADANG,MAMUJU,MJU,93.10,"15,381.66","15,423.12",
20230801012421pdf_1-14 Agustus 2023.pdf,62,F.L. TOBING,PINANGSORI,FLZ,92.00,"15,192.45","15,233.40",
20230801012421pdf_1-14 Agustus 2023.pdf,63,MOZES KILANGIN,TIMIKA,TIM,93.00,"15,381.66","15,423.12",
20230801012421pdf_1-14 Agustus 2023.pdf,64,H.A.S. HANANDJOEDDIN,TANJUNG PANDAN,TJQ,92.20,"15,281.49","15,322.68",
20230801012421pdf_1-14 Agustus 2023.pdf,65,BLIMBINGSARI,BANYUWANGI,BWX,93.00,"15,381.66","15,423.12",
20230801012421pdf_1-14 Agustus 2023.pdf,66,TAMBOLAKA,SUMBA BARAT,TMC,92.80,"15,381.66","15,423.12",
20230801012421pdf_1-14 Agustus 2023.pdf,67,BINAKA,GUNUNGSITOLI,GNS,92.00,"15,192.45","15,233.40",
20230801012421pdf_1-14 Agustus 2023.pdf,68,KULONPROGO,YOGYAKARTA,YIA,92.50,"15,292.62","15,333.84",
20230801012421pdf_1-14 Agustus 2023.pdf,69,KUABANG,HALMAHERA UTARA,KAZ,92.90,"15,381.66","15,423.12",
20230801012421pdf_1-14 Agustus 2023.pdf,70,JENDERAL BESAR SOEDIRMAN,PURBALINGGA,PWL,92.80,"15,326.01","15,367.32",
20230801012421pdf_1-14 Agustus 2023.pdf,71,MATHILDA BATLAYERI,SAUMLAKI,SXK,92.50,"15,381.66","15,423.12",
20230801012421pdf_1-14 Agustus 2023.pdf,72,BUDIARTO,CURUG,BTO,93.10,"15,381.66","15,423.12",
20230815073312pdf_15-31 Agustus 2023.pdf,1,APT PRANOTO,SAMARINDA,AAP,93.30,"15,470.70","15,512.40",
20230815073312pdf_15-31 Agustus 2023.pdf,2,PATTIMURA,AMBON,AMQ,93.30,"15,470.70","15,512.40",
20230815073312pdf_15-31 Agustus 2023.pdf,3,SYAMSUDDIN NOOR,BANJARMASIN,BDJ,93.30,"15,470.70","15,512.40",
20230815073312pdf_15-31 Agustus 2023.pdf,4,HUSEIN SASTRANEGARA,BANDUNG,BDO,92.70,"15,370.53","15,411.96",
20230815073312pdf_15-31 Agustus 2023.pdf,5,FRANS KAISIEPO,BIAK,BIK,93.30,"15,470.70","15,512.40",
20230815073312pdf_15-31 Agustus 2023.pdf,6,FATMAWATI SOEKARNOPUTRI,BENGKULU,BKS,92.80,"15,426.18","15,467.76",
20230815073312pdf_15-31 Agustus 2023.pdf,7,M. SALAHUDDIN,BIMA,BMU,93.30,"15,470.70","15,512.40",
20230815073312pdf_15-31 Agustus 2023.pdf,8,SEPINGGAN,BALIKPAPAN,BPN,92.50,"15,337.14","15,378.48",
20230815073312pdf_15-31 Agustus 2023.pdf,9,HANG NADIM,BATAM,BTH,92.80,"13,861.46","13,902.92",
20230815073312pdf_15-31 Agustus 2023.pdf,10,SULTAN ISKANDAR MUDA,BANDA ACEH,BTJ,93.20,"15,448.44","15,490.08",
20230815073312pdf_15-31 Agustus 2023.pdf,11,SOEKARNO HATTA,CENGKARENG,CGK,82.70,"13,689.90","13,726.80",
20230815073312pdf_15-31 Agustus 2023.pdf,12,TUNGGUL WULUNG,CILACAP,CXP,93.10,"15,437.31","15,478.92",
20230815073312pdf_15-31 Agustus 2023.pdf,13,SULTAN THAHA,JAMBI,DJB,93.10,"15,470.70","15,512.40",
20230815073312pdf_15-31 Agustus 2023.pdf,14,SENTANI,JAYAPURA,DJJ,93.50,"15,448.44","15,490.08",
20230815073312pdf_15-31 Agustus 2023.pdf,15,NGURAH RAI,DENPASAR,DPS,93.10,"15,403.92","15,445.44",
20230815073312pdf_15-31 Agustus 2023.pdf,16,PINANG KAMPAI,DUMAI,DUM,93.20,"15,448.44","15,490.08",
20230815073312pdf_15-31 Agustus 2023.pdf,17,H. AROEBOESMAN,ENDE,ENE,93.30,"15,470.70","15,512.40",
20230815073312pdf_15-31 Agustus 2023.pdf,18,JALALUDDIN,GORONTALO,GTO,93.30,"15,470.70","15,512.40",
20230815073312pdf_15-31 Agustus 2023.pdf,19,HALIM PERDANAKUSUMA,JAKARTA,HLP,90.00,"14,914.20","14,954.40",
20230815073312pdf_15-31 Agustus 2023.pdf,20,ADISUCIPTO,YOGYAKARTA,JOG,93.20,"15,437.31","15,478.92",
20230815073312pdf_15-31 Agustus 2023.pdf,21,WOLTER MONGINSIDI,KENDARI,KDI,93.30,"15,470.70","15,512.40",
20230815073312pdf_15-31 Agustus 2023.pdf,22,UTAROM,KAIMANA,KNG,93.30,"15,470.70","15,512.40",
20230815073312pdf_15-31 Agustus 2023.pdf,23,ELTARI,KUPANG,KOE,90.90,"15,036.63","15,077.16",
20230815073312pdf_15-31 Agustus 2023.pdf,24,LOMBOK INTERNATIONAL,MATARAM,LOP,93.30,"15,470.70","15,512.40",
20230815073312pdf_15-31 Agustus 2023.pdf,25,BUBUNG,LUWUK,LUW,93.30,"15,470.70","15,512.40",
20230815073312pdf_15-31 Agustus 2023.pdf,26,SAM RATULANGI,MANADO,MDC,93.30,"15,470.70","15,512.40",
20230815073312pdf_15-31 Agustus 2023.pdf,27,POLONIA,MEDAN,MES,93.20,"15,448.44","15,490.08",
20230815073312pdf_15-31 Agustus 2023.pdf,28,MOPAH,MERAUKE,MKQ,93.30,"15,470.70","15,512.40",
20230815073312pdf_15-31 Agustus 2023.pdf,29,RENDANI,MANOKWARI,MKW,93.30,"15,470.70","15,512.40",
20230815073312pdf_15-31 Agustus 2023.pdf,30,KERTAJATI,MAJALENGKA,KJT,89.30,"14,802.90","14,842.80",
20230815073312pdf_15-31 Agustus 2023.pdf,31,ABDURACHMAN SALEH,MALANG,MLG,93.30,"15,470.70","15,512.40",
20230815073312pdf_15-31 Agustus 2023.pdf,32,WAI OTI,MAUMERE,MOF,93.30,"15,470.70","15,512.40",
20230815073312pdf_15-31 Agustus 2023.pdf,33,PANIAI,NABIRE,NBX,93.30,"15,470.70","15,512.40",
20230815073312pdf_15-31 Agustus 2023.pdf,34,RANAI,NATUNA,NTX,93.20,"15,448.44","15,490.08",
20230815073312pdf_15-31 Agustus 2023.pdf,35,PONDOK CABE,JAKARTA,PCB,93.30,"15,470.70","15,512.40",
20230815073312pdf_15-31 Agustus 2023.pdf,36,MINANGKABAU,PADANG,PDG,93.20,"15,403.92","15,445.44",
20230815073312pdf_15-31 Agustus 2023.pdf,37,DEPATI AMIR,PANGKAL PINANG,PGK,92.90,"15,403.92","15,445.44",
20230815073312pdf_15-31 Agustus 2023.pdf,38,ISKANDAR,PANGKALAN BUN,PKN,93.30,"15,470.70","15,512.40",
20230815073312pdf_15-31 Agustus 2023.pdf,39,SULTAN SYARIF KASIM II,PEKANBARU,PKU,93.20,"15,448.44","15,490.08",
20230815073312pdf_15-31 Agustus 2023.pdf,40,TJILIK RIWUT,PALANGKARAYA,PKY,93.30,"15,470.70","15,512.40",
20230815073312pdf_15-31 Agustus 2023.pdf,41,SULTAN MAHMUD BADARUDDIN II,PALEMBANG,PLM,"92.90","15,403.92","15,445.44",
20230815073312pdf_15-31 Agustus 2023.pdf,42,MUTIARA,PALU,PLW,93.30,"15,470.70","15,512.40",
20230815073312pdf_15-31 Agustus 2023.pdf,43,SUPADIO,PONTIANAK,PNK,93.30,"15,470.70","15,512.40",
20230815073312pdf_15-31 Agustus 2023.pdf,44,H. ASAN,SAMPIT,SMQ,93.30,"15,470.70","15,512.40",
20230815073312pdf_15-31 Agustus 2023.pdf,45,ADISUMARMO,SOLO,SOC,93.10,"15,437.31","15,478.92",
20230815073312pdf_15-31 Agustus 2023.pdf,46,SORONG DARATAN,SORONG,SOQ,93.30,"15,470.70","15,512.40",
20230815073312pdf_15-31 Agustus 2023.pdf,47,ACHMAD YANI,SEMARANG,SRG,92.80,"15,370.53","15,411.96",
20230815073312pdf_15-31 Agustus 2023.pdf,48,JUANDA,SURABAYA,SUB,92.70,"15,337.14","15,378.48",
20230815073312pdf_15-31 Agustus 2023.pdf,49,RADEN INTEN II,BANDAR LAMPUNG,TKG,91.40,"15,303.75","15,345.00",
20230815073312pdf_15-31 Agustus 2023.pdf,50,KIJANG,TANJUNG PINANG,TNJ,93.10,"15,448.44","15,490.08",
20230815073312pdf_15-31 Agustus 2023.pdf,51,JUWATA,TARAKAN,TRK,93.30,"15,470.70","15,512.40",
20230815073312pdf_15-31 Agustus 2023.pdf,52,BABULLAH,TERNATE,TTE,93.30,"15,470.70","15,512.40",
20230815073312pdf_15-31 Agustus 2023.pdf,53,HASANUDDIN,UJUNG PANDANG,UPG,93.30,"15,426.18","15,467.76",
20230815073312pdf_15-31 Agustus 2023.pdf,54,MAU HAU,WAINGAPU,WGP,93.30,"15,470.70","15,512.40",
20230815073312pdf_15-31 Agustus 2023.pdf,55,ISWAHYUDI,MADIUN,WIAR (ICAO),93.10,"15,470.70","15,512.40",
20230815073312pdf_15-31 Agustus 2023.pdf,56,DUMATUBUN,TUAL,LUV,93.20,"15,470.70","15,512.40",
20230815073312pdf_15-31 Agustus 2023.pdf,57,SILANGIT,SIBORONG-BORONG,DTB,92.80,"15,381.66","15,423.12",
20230815073312pdf_15-31 Agustus 2023.pdf,58,KALIMARAU,BERAU,BEJ,93.30,"15,470.70","15,512.40",
20230815073312pdf_15-31 Agustus 2023.pdf,59,KOMODO,LABUAN BAJO,LBJ,93.30,"15,470.70","15,512.40",
20230815073312pdf_15-31 Agustus 2023.pdf,60,KUALANAMU,DELI SERDANG,KNO,92.90,"15,370.53","15,411.96",
20230815073312pdf_15-31 Agustus 2023.pdf,61,TAMPA PADANG,MAMUJU,MJU,93.40,"15,470.70","15,512.40",
20230815073312pdf_15-31 Agustus 2023.pdf,62,F.L. TOBING,PINANGSORI,FLZ,93.20,"15,448.44","15,490.08",
20230815073312pdf_15-31 Agustus 2023.pdf,63,MOZES KILANGIN,TIMIKA,TIM,93.30,"15,470.70","15,512.40",
20230815073312pdf_15-31 Agustus 2023.pdf,64,H.A.S. HANANDJOEDDIN,TANJUNG PANDAN,TJQ,93.00,"15,448.44","15,490.08",
20230815073312pdf_15-31 Agustus 2023.pdf,65,BLIMBINGSARI,BANYUWANGI,BWX,93.30,"15,470.70","15,512.40",
20230815073312pdf_15-31 Agustus 2023.pdf,66,TAMBOLAKA,SUMBA BARAT,TMC,93.10,"15,470.70","15,512.40",
20230815073312pdf_15-31 Agustus 2023.pdf,67,BINAKA,GUNUNGSITOLI,GNS,93.20,"15,448.44","15,490.08",
20230815073312pdf_15-31 Agustus 2023.pdf,68,KULONPROGO,YOGYAKARTA,YIA,93.20,"15,448.44","15,490.08",
20230815073312pdf_15-31 Agustus 2023.pdf,69,KUABANG,HALMAHERA UTARA,KAZ,93.10,"15,470.70","15,512.40",
20230815073312pdf_15-31 Agustus 2023.pdf,70,JENDERAL BESAR SOEDIRMAN,PURBALINGGA,PWL,93.10,"15,437.31","15,478.92",
20230815073312pdf_15-31 Agustus 2023.pdf,71,MATHILDA BATLAYERI,SAUMLAKI,SXK,92.70,"15,470.70","15,512.40",
20230815073312pdf_15-31 Agustus 2023.pdf,72,BUDIARTO,CURUG,BTO,93.30,0.00,0.00,
20230901035336pdf_1-14 September 2023.pdf,1,APT PRANOTO,SAMARINDA,AAP,98.10,"16,472.40","16,516.80",
20230901035336pdf_1-14 September 2023.pdf,2,PATTIMURA,AMBON,AMQ,99.90,"16,784.04","16,829.28",
20230901035336pdf_1-14 September 2023.pdf,3,SYAMSUDDIN NOOR,BANJARMASIN,BDJ,98.10,"16,472.40","16,516.80",
20230901035336pdf_1-14 September 2023.pdf,4,HUSEIN SASTRANEGARA,BANDUNG,BDO,98.70,"16,594.83","16,639.56",
20230901035336pdf_1-14 September 2023.pdf,5,FRANS KAISIEPO,BIAK,BIK,99.90,"16,784.04","16,829.28",
20230901035336pdf_1-14 September 2023.pdf,6,FATMAWATI SOEKARNOPUTRI,BENGKULU,BKS,97.50,"16,416.75","16,461.00",
20230901035336pdf_1-14 September 2023.pdf,7,M. SALAHUDDIN,BIMA,BMU,97.60,"16,394.49","16,438.68",
20230901035336pdf_1-14 September 2023.pdf,8,SEPINGGAN,BALIKPAPAN,BPN,97.10,"16,305.45","16,349.40",
20230901035336pdf_1-14 September 2023.pdf,9,HANG NADIM,BATAM,BTH,97.50,"14,744.10","14,788.20",
20230901035336pdf_1-14 September 2023.pdf,10,SULTAN ISKANDAR MUDA,BANDA ACEH,BTJ,97.50,"16,361.10","16,405.20",
20230901035336pdf_1-14 September 2023.pdf,11,SOEKARNO HATTA,CENGKARENG,CGK,87.00,"14,591.43","14,630.76",
20230901035336pdf_1-14 September 2023.pdf,12,TUNGGUL WULUNG,CILACAP,CXP,98.40,"16,528.05","16,572.60",
20230901035336pdf_1-14 September 2023.pdf,13,SULTAN THAHA,JAMBI,DJB,97.50,"16,416.75","16,461.00",
20230901035336pdf_1-14 September 2023.pdf,14,SENTANI,JAYAPURA,DJJ,100.20,"16,784.04","16,829.28",
20230901035336pdf_1-14 September 2023.pdf,15,NGURAH RAI,DENPASAR,DPS,97.30,"16,305.45","16,349.40",
20230901035336pdf_1-14 September 2023.pdf,16,PINANG KAMPAI,DUMAI,DUM,97.50,"16,361.10","16,405.20",
20230901035336pdf_1-14 September 2023.pdf,17,H. AROEBOESMAN,ENDE,ENE,97.60,"16,394.49","16,438.68",
20230901035336pdf_1-14 September 2023.pdf,18,JALALUDDIN,GORONTALO,GTO,99.60,"16,728.39","16,773.48",
20230901035336pdf_1-14 September 2023.pdf,19,HALIM PERDANAKUSUMA,JAKARTA,HLP,94.20,"15,815.73","15,858.36",
20230901035336pdf_1-14 September 2023.pdf,20,ADISUCIPTO,YOGYAKARTA,JOG,98.50,"16,528.05","16,572.60",
20230901035336pdf_1-14 September 2023.pdf,21,WOLTER MONGINSIDI,KENDARI,KDI,99.60,"16,728.39","16,773.48",
20230901035336pdf_1-14 September 2023.pdf,22,UTAROM,KAIMANA,KNG,99.90,"16,784.04","16,829.28",
20230901035336pdf_1-14 September 2023.pdf,23,ELTARI,KUPANG,KOE,95.30,"15,960.42","16,003.44",
20230901035336pdf_1-14 September 2023.pdf,24,LOMBOK INTERNATIONAL,MATARAM,LOP,97.50,"16,372.23","16,416.36",
20230901035336pdf_1-14 September 2023.pdf,25,BUBUNG,LUWUK,LUW,99.60,"16,728.39","16,773.48",
20230901035336pdf_1-14 September 2023.pdf,26,SAM RATULANGI,MANADO,MDC,99.60,"16,728.39","16,773.48",
20230901035336pdf_1-14 September 2023.pdf,27,POLONIA,MEDAN,MES,97.50,"16,361.10","16,405.20",
20230901035336pdf_1-14 September 2023.pdf,28,MOPAH,MERAUKE,MKQ,99.90,"16,784.04","16,829.28",
20230901035336pdf_1-14 September 2023.pdf,29,RENDANI,MANOKWARI,MKW,99.90,"16,784.04","16,829.28",
20230901035336pdf_1-14 September 2023.pdf,30,KERTAJATI,MAJALENGKA,KJT,93.50,"15,704.43","15,746.76",
20230901035336pdf_1-14 September 2023.pdf,31,ABDURACHMAN SALEH,MALANG,MLG,97.70,"16,405.62","16,449.84",
20230901035336pdf_1-14 September 2023.pdf,32,WAI OTI,MAUMERE,MOF,97.60,"16,394.49","16,438.68",
20230901035336pdf_1-14 September 2023.pdf,33,PANIAI,NABIRE,NBX,99.90,"16,784.04","16,829.28",
20230901035336pdf_1-14 September 2023.pdf,34,RANAI,NATUNA,NTX,97.50,"16,361.10","16,405.20",
20230901035336pdf_1-14 September 2023.pdf,35,PONDOK CABE,JAKARTA,PCB,99.10,"16,650.48","16,695.36",
20230901035336pdf_1-14 September 2023.pdf,36,MINANGKABAU,PADANG,PDG,97.50,"16,372.23","16,416.36",
20230901035336pdf_1-14 September 2023.pdf,37,DEPATI AMIR,PANGKAL PINANG,PGK,97.40,"16,361.10","16,405.20",
20230901035336pdf_1-14 September 2023.pdf,38,ISKANDAR,PANGKALAN BUN,PKN,98.10,"16,472.40","16,516.80",
20230901035336pdf_1-14 September 2023.pdf,39,SULTAN SYARIF KASIM II,PEKANBARU,PKU,97.50,"16,361.10","16,405.20",
20230901035336pdf_1-14 September 2023.pdf,40,TJILIK RIWUT,PALANGKARAYA,PKY,98.10,"16,472.40","16,516.80",
20230901035336pdf_1-14 September 2023.pdf,41,SULTAN MAHMUD BADARUDDIN II,PALEMBANG,PLM,"97.40","16,361.10","16,405.20",
20230901035336pdf_1-14 September 2023.pdf,42,MUTIARA,PALU,PLW,99.60,"16,728.39","16,773.48",
20230901035336pdf_1-14 September 2023.pdf,43,SUPADIO,PONTIANAK,PNK,98.10,"16,472.40","16,516.80",
20230901035336pdf_1-14 September 2023.pdf,44,H. ASAN,SAMPIT,SMQ,98.10,"16,472.40","16,516.80",
20230901035336pdf_1-14 September 2023.pdf,45,ADISUMARMO,SOLO,SOC,98.40,"16,528.05","16,572.60",
20230901035336pdf_1-14 September 2023.pdf,46,SORONG DARATAN,SORONG,SOQ,99.90,"16,784.04","16,829.28",
20230901035336pdf_1-14 September 2023.pdf,47,ACHMAD YANI,SEMARANG,SRG,98.20,"16,472.40","16,516.80",
20230901035336pdf_1-14 September 2023.pdf,48,JUANDA,SURABAYA,SUB,96.90,"16,238.67","16,282.44",
20230901035336pdf_1-14 September 2023.pdf,49,RADEN INTEN II,BANDAR LAMPUNG,TKG,96.10,"16,272.06","16,315.92",
20230901035336pdf_1-14 September 2023.pdf,50,KIJANG,TANJUNG PINANG,TNJ,97.90,"16,450.14","16,494.48",
20230901035336pdf_1-14 September 2023.pdf,51,JUWATA,TARAKAN,TRK,98.10,"16,472.40","16,516.80",
20230901035336pdf_1-14 September 2023.pdf,52,BABULLAH,TERNATE,TTE,99.90,"16,784.04","16,829.28",
20230901035336pdf_1-14 September 2023.pdf,53,HASANUDDIN,UJUNG PANDANG,UPG,99.80,"16,728.39","16,773.48",
20230901035336pdf_1-14 September 2023.pdf,54,MAU HAU,WAINGAPU,WGP,97.60,"16,394.49","16,438.68",
20230901035336pdf_1-14 September 2023.pdf,55,ISWAHYUDI,MADIUN,WIAR (ICAO),97.50,"16,405.62","16,449.84",
20230901035336pdf_1-14 September 2023.pdf,56,DUMATUBUN,TUAL,LUV,100.60,"16,917.60","16,963.20",
20230901035336pdf_1-14 September 2023.pdf,57,SILANGIT,SIBORONG-BORONG,DTB,97.40,"16,361.10","16,405.20",
20230901035336pdf_1-14 September 2023.pdf,58,KALIMARAU,BERAU,BEJ,98.10,"16,472.40","16,516.80",
20230901035336pdf_1-14 September 2023.pdf,59,KOMODO,LABUAN BAJO,LBJ,98.50,"16,561.44","16,606.08",
20230901035336pdf_1-14 September 2023.pdf,60,KUALANAMU,DELI SERDANG,KNO,97.50,"16,338.84","16,382.88",
20230901035336pdf_1-14 September 2023.pdf,61,TAMPA PADANG,MAMUJU,MJU,99.90,"16,772.91","16,818.12",
20230901035336pdf_1-14 September 2023.pdf,62,F.L. TOBING,PINANGSORI,FLZ,97.50,"16,361.10","16,405.20",
20230901035336pdf_1-14 September 2023.pdf,63,MOZES KILANGIN,TIMIKA,TIM,99.90,"16,784.04","16,829.28",
20230901035336pdf_1-14 September 2023.pdf,64,H.A.S. HANANDJOEDDIN,TANJUNG PANDAN,TJQ,98.20,"16,528.05","16,572.60",
20230901035336pdf_1-14 September 2023.pdf,65,BLIMBINGSARI,BANYUWANGI,BWX,97.60,"16,394.49","16,438.68",
20230901035336pdf_1-14 September 2023.pdf,66,TAMBOLAKA,SUMBA BARAT,TMC,100.50,"16,917.60","16,963.20",
20230901035336pdf_1-14 September 2023.pdf,67,BINAKA,GUNUNGSITOLI,GNS,97.50,"16,361.10","16,405.20",
20230901035336pdf_1-14 September 2023.pdf,68,KULONPROGO,YOGYAKARTA,YIA,98.40,"16,528.05","16,572.60",
20230901035336pdf_1-14 September 2023.pdf,69,KUABANG,HALMAHERA UTARA,KAZ,100.50,"16,917.60","16,963.20",
20230901035336pdf_1-14 September 2023.pdf,70,JENDERAL BESAR SOEDIRMAN,PURBALINGGA,PWL,98.40,"16,528.05","16,572.60",
20230901035336pdf_1-14 September 2023.pdf,71,MATHILDA BATLAYERI,SAUMLAKI,SXK,100.10,"16,917.60","16,963.20",
20230901035336pdf_1-14 September 2023.pdf,72,BUDIARTO,CURUG,BTO,98.80,-,#VALUE!,
20230914090524pdf_15-30 September 2023.pdf,1,APT PRANOTO,SAMARINDA,AAP,100.00,"16,784.04","16,829.28",
20230914090524pdf_15-30 September 2023.pdf,2,PATTIMURA,AMBON,AMQ,101.80,"17,095.68","17,141.76",
20230914090524pdf_15-30 September 2023.pdf,3,SYAMSUDDIN NOOR,BANJARMASIN,BDJ,100.00,"16,784.04","16,829.28",
20230914090524pdf_15-30 September 2023.pdf,4,HUSEIN SASTRANEGARA,BANDUNG,BDO,100.60,"16,895.34","16,940.88",
20230914090524pdf_15-30 September 2023.pdf,5,FRANS KAISIEPO,BIAK,BIK,101.80,"17,095.68","17,141.76",
20230914090524pdf_15-30 September 2023.pdf,6,FATMAWATI SOEKARNOPUTRI,BENGKULU,BKS,99.40,"16,717.26","16,762.32",
20230914090524pdf_15-30 September 2023.pdf,7,M. SALAHUDDIN,BIMA,BMU,99.50,"16,695.00","16,740.00",
20230914090524pdf_15-30 September 2023.pdf,8,SEPINGGAN,BALIKPAPAN,BPN,99.00,"16,617.09","16,661.88",
20230914090524pdf_15-30 September 2023.pdf,9,HANG NADIM,BATAM,BTH,99.30,"15,014.91","15,059.82",
20230914090524pdf_15-30 September 2023.pdf,10,SULTAN ISKANDAR MUDA,BANDA ACEH,BTJ,99.30,"16,672.74","16,717.68",
20230914090524pdf_15-30 September 2023.pdf,11,SOEKARNO HATTA,CENGKARENG,CGK,88.80,"14,891.94","14,932.08",
20230914090524pdf_15-30 September 2023.pdf,12,TUNGGUL WULUNG,CILACAP,CXP,100.30,"16,828.56","16,873.92",
20230914090524pdf_15-30 September 2023.pdf,13,SULTAN THAHA,JAMBI,DJB,99.40,"16,717.26","16,762.32",
20230914090524pdf_15-30 September 2023.pdf,14,SENTANI,JAYAPURA,DJJ,102.10,"17,095.68","17,141.76",
20230914090524pdf_15-30 September 2023.pdf,15,NGURAH RAI,DENPASAR,DPS,99.10,"16,605.96","16,650.72",
20230914090524pdf_15-30 September 2023.pdf,16,PINANG KAMPAI,DUMAI,DUM,99.30,"16,672.74","16,717.68",
20230914090524pdf_15-30 September 2023.pdf,17,H. AROEBOESMAN,ENDE,ENE,99.50,"16,695.00","16,740.00",
20230914090524pdf_15-30 September 2023.pdf,18,JALALUDDIN,GORONTALO,GTO,101.40,"17,040.03","17,085.96",
20230914090524pdf_15-30 September 2023.pdf,19,HALIM PERDANAKUSUMA,JAKARTA,HLP,96.00,"16,116.24","16,159.68",
20230914090524pdf_15-30 September 2023.pdf,20,ADISUCIPTO,YOGYAKARTA,JOG,100.30,"16,828.56","16,873.92",
20230914090524pdf_15-30 September 2023.pdf,21,WOLTER MONGINSIDI,KENDARI,KDI,101.40,"17,040.03","17,085.96",
20230914090524pdf_15-30 September 2023.pdf,22,UTAROM,KAIMANA,KNG,101.80,"17,095.68","17,141.76",
20230914090524pdf_15-30 September 2023.pdf,23,ELTARI,KUPANG,KOE,97.20,"16,260.93","16,304.76",
20230914090524pdf_15-30 September 2023.pdf,24,LOMBOK INTERNATIONAL,MATARAM,LOP,99.30,"16,672.74","16,717.68",
20230914090524pdf_15-30 September 2023.pdf,25,BUBUNG,LUWUK,LUW,101.40,"17,040.03","17,085.96",
20230914090524pdf_15-30 September 2023.pdf,26,SAM RATULANGI,MANADO,MDC,101.40,"17,040.03","17,085.96",
20230914090524pdf_15-30 September 2023.pdf,27,POLONIA,MEDAN,MES,99.30,"16,672.74","16,717.68",
20230914090524pdf_15-30 September 2023.pdf,28,MOPAH,MERAUKE,MKQ,101.80,"17,095.68","17,141.76",
20230914090524pdf_15-30 September 2023.pdf,29,RENDANI,MANOKWARI,MKW,101.80,"17,095.68","17,141.76",
20230914090524pdf_15-30 September 2023.pdf,30,KERTAJATI,MAJALENGKA,KJT,95.40,"16,004.94","16,048.08",
20230914090524pdf_15-30 September 2023.pdf,31,ABDURACHMAN SALEH,MALANG,MLG,99.50,"16,706.13","16,751.16",
20230914090524pdf_15-30 September 2023.pdf,32,WAI OTI,MAUMERE,MOF,99.50,"16,695.00","16,740.00",
20230914090524pdf_15-30 September 2023.pdf,33,PANIAI,NABIRE,NBX,101.80,"17,095.68","17,141.76",
20230914090524pdf_15-30 September 2023.pdf,34,RANAI,NATUNA,NTX,99.30,"16,672.74","16,717.68",
20230914090524pdf_15-30 September 2023.pdf,35,PONDOK CABE,JAKARTA,PCB,101.00,"16,962.12","17,007.84",
20230914090524pdf_15-30 September 2023.pdf,36,MINANGKABAU,PADANG,PDG,99.30,"16,672.74","16,717.68",
20230914090524pdf_15-30 September 2023.pdf,37,DEPATI AMIR,PANGKAL PINANG,PGK,99.30,"16,672.74","16,717.68",
20230914090524pdf_15-30 September 2023.pdf,38,ISKANDAR,PANGKALAN BUN,PKN,100.00,"16,784.04","16,829.28",
20230914090524pdf_15-30 September 2023.pdf,39,SULTAN SYARIF KASIM II,PEKANBARU,PKU,99.30,"16,672.74","16,717.68",
20230914090524pdf_15-30 September 2023.pdf,40,TJILIK RIWUT,PALANGKARAYA,PKY,100.00,"16,784.04","16,829.28",
20230914090524pdf_15-30 September 2023.pdf,41,SULTAN MAHMUD BADARUDDIN II,PALEMBANG,PLM,"99.30","16,672.74","16,717.68",
20230914090524pdf_15-30 September 2023.pdf,42,MUTIARA,PALU,PLW,101.40,"17,040.03","17,085.96",
20230914090524pdf_15-30 September 2023.pdf,43,SUPADIO,PONTIANAK,PNK,100.00,"16,784.04","16,829.28",
20230914090524pdf_15-30 September 2023.pdf,44,H. ASAN,SAMPIT,SMQ,100.00,"16,784.04","16,829.28",
20230914090524pdf_15-30 September 2023.pdf,45,ADISUMARMO,SOLO,SOC,100.30,"16,828.56","16,873.92",
20230914090524pdf_15-30 September 2023.pdf,46,SORONG DARATAN,SORONG,SOQ,101.80,"17,095.68","17,141.76",
20230914090524pdf_15-30 September 2023.pdf,47,ACHMAD YANI,SEMARANG,SRG,100.00,"16,772.91","16,818.12",
20230914090524pdf_15-30 September 2023.pdf,48,JUANDA,SURABAYA,SUB,98.80,"16,539.18","16,583.76",
20230914090524pdf_15-30 September 2023.pdf,49,RADEN INTEN II,BANDAR LAMPUNG,TKG,97.90,"16,583.70","16,628.40",
20230914090524pdf_15-30 September 2023.pdf,50,KIJANG,TANJUNG PINANG,TNJ,99.80,"16,761.78","16,806.96",
20230914090524pdf_15-30 September 2023.pdf,51,JUWATA,TARAKAN,TRK,100.00,"16,784.04","16,829.28",
20230914090524pdf_15-30 September 2023.pdf,52,BABULLAH,TERNATE,TTE,101.80,"17,095.68","17,141.76",
20230914090524pdf_15-30 September 2023.pdf,53,HASANUDDIN,UJUNG PANDANG,UPG,101.70,"17,040.03","17,085.96",
20230914090524pdf_15-30 September 2023.pdf,54,MAU HAU,WAINGAPU,WGP,99.50,"16,695.00","16,740.00",
20230914090524pdf_15-30 September 2023.pdf,55,ISWAHYUDI,MADIUN,WIAR (ICAO),99.40,"16,706.13","16,751.16",
20230914090524pdf_15-30 September 2023.pdf,56,DUMATUBUN,TUAL,LUV,102.50,"17,218.11","17,264.52",
20230914090524pdf_15-30 September 2023.pdf,57,SILANGIT,SIBORONG-BORONG,DTB,99.30,"16,661.61","16,706.52",
20230914090524pdf_15-30 September 2023.pdf,58,KALIMARAU,BERAU,BEJ,100.00,"16,784.04","16,829.28",
20230914090524pdf_15-30 September 2023.pdf,59,KOMODO,LABUAN BAJO,LBJ,100.40,"16,861.95","16,907.40",
20230914090524pdf_15-30 September 2023.pdf,60,KUALANAMU,DELI SERDANG,KNO,99.40,"16,650.48","16,695.36",
20230914090524pdf_15-30 September 2023.pdf,61,TAMPA PADANG,MAMUJU,MJU,101.80,"17,073.42","17,119.44",
20230914090524pdf_15-30 September 2023.pdf,62,F.L. TOBING,PINANGSORI,FLZ,99.30,"16,672.74","16,717.68",
20230914090524pdf_15-30 September 2023.pdf,63,MOZES KILANGIN,TIMIKA,TIM,101.80,"17,095.68","17,141.76",
20230914090524pdf_15-30 September 2023.pdf,64,H.A.S. HANANDJOEDDIN,TANJUNG PANDAN,TJQ,100.10,"16,839.69","16,885.08",
20230914090524pdf_15-30 September 2023.pdf,65,BLIMBINGSARI,BANYUWANGI,BWX,99.50,"16,695.00","16,740.00",
20230914090524pdf_15-30 September 2023.pdf,66,TAMBOLAKA,SUMBA BARAT,TMC,102.30,"17,218.11","17,264.52",
20230914090524pdf_15-30 September 2023.pdf,67,BINAKA,GUNUNGSITOLI,GNS,99.30,"16,672.74","16,717.68",
20230914090524pdf_15-30 September 2023.pdf,68,KULONPROGO,YOGYAKARTA,YIA,100.20,"16,828.56","16,873.92",
20230914090524pdf_15-30 September 2023.pdf,69,KUABANG,HALMAHERA UTARA,KAZ,102.40,"17,218.11","17,264.52",
20230914090524pdf_15-30 September 2023.pdf,70,JENDERAL BESAR SOEDIRMAN,PURBALINGGA,PWL,100.30,"16,828.56","16,873.92",
20230914090524pdf_15-30 September 2023.pdf,71,MATHILDA BATLAYERI,SAUMLAKI,SXK,102.00,"17,218.11","17,264.52",
20230914090524pdf_15-30 September 2023.pdf,72,BUDIARTO,CURUG,BTO,100.70,-,#VALUE!,
20230930080516pdf_1-14 Oktober 2023.pdf,1,APT PRANOTO,SAMARINDA,AAP,102.70,"17,340.54","17,387.28",
20230930080516pdf_1-14 Oktober 2023.pdf,2,PATTIMURA,AMBON,AMQ,104.40,"17,652.18","17,699.76",
20230930080516pdf_1-14 Oktober 2023.pdf,3,SYAMSUDDIN NOOR,BANJARMASIN,BDJ,102.70,"17,340.54","17,387.28",
20230930080516pdf_1-14 Oktober 2023.pdf,4,HUSEIN SASTRANEGARA,BANDUNG,BDO,103.30,"17,451.84","17,498.88",
20230930080516pdf_1-14 Oktober 2023.pdf,5,FRANS KAISIEPO,BIAK,BIK,104.40,"17,652.18","17,699.76",
20230930080516pdf_1-14 Oktober 2023.pdf,6,FATMAWATI SOEKARNOPUTRI,BENGKULU,BKS,102.00,"17,273.76","17,320.32",
20230930080516pdf_1-14 Oktober 2023.pdf,7,M. SALAHUDDIN,BIMA,BMU,102.10,"17,262.63","17,309.16",
20230930080516pdf_1-14 Oktober 2023.pdf,8,SEPINGGAN,BALIKPAPAN,BPN,101.70,"17,173.59","17,219.88",
20230930080516pdf_1-14 Oktober 2023.pdf,9,HANG NADIM,BATAM,BTH,102.00,"15,526.44","15,572.88",
20230930080516pdf_1-14 Oktober 2023.pdf,10,SULTAN ISKANDAR MUDA,BANDA ACEH,BTJ,102.00,"17,229.24","17,275.68",
20230930080516pdf_1-14 Oktober 2023.pdf,11,SOEKARNO HATTA,CENGKARENG,CGK,91.60,"15,448.44","15,490.08",
20230930080516pdf_1-14 Oktober 2023.pdf,12,TUNGGUL WULUNG,CILACAP,CXP,103.00,"17,396.19","17,443.08",
20230930080516pdf_1-14 Oktober 2023.pdf,13,SULTAN THAHA,JAMBI,DJB,102.00,"17,273.76","17,320.32",
20230930080516pdf_1-14 Oktober 2023.pdf,14,SENTANI,JAYAPURA,DJJ,104.70,"17,652.18","17,699.76",
20230930080516pdf_1-14 Oktober 2023.pdf,15,NGURAH RAI,DENPASAR,DPS,101.80,"17,173.59","17,219.88",
20230930080516pdf_1-14 Oktober 2023.pdf,16,PINANG KAMPAI,DUMAI,DUM,102.00,"17,229.24","17,275.68",
20230930080516pdf_1-14 Oktober 2023.pdf,17,H. AROEBOESMAN,ENDE,ENE,102.10,"17,262.63","17,309.16",
20230930080516pdf_1-14 Oktober 2023.pdf,18,JALALUDDIN,GORONTALO,GTO,104.10,"17,596.53","17,643.96",
20230930080516pdf_1-14 Oktober 2023.pdf,19,HALIM PERDANAKUSUMA,JAKARTA,HLP,98.70,"16,672.74","16,717.68",
20230930080516pdf_1-14 Oktober 2023.pdf,20,ADISUCIPTO,YOGYAKARTA,JOG,103.00,"17,396.19","17,443.08",
20230930080516pdf_1-14 Oktober 2023.pdf,21,WOLTER MONGINSIDI,KENDARI,KDI,104.10,"17,596.53","17,643.96",
20230930080516pdf_1-14 Oktober 2023.pdf,22,UTAROM,KAIMANA,KNG,104.40,"17,652.18","17,699.76",
20230930080516pdf_1-14 Oktober 2023.pdf,23,ELTARI,KUPANG,KOE,99.80,"16,828.56","16,873.92",
20230930080516pdf_1-14 Oktober 2023.pdf,24,LOMBOK INTERNATIONAL,MATARAM,LOP,102.00,"17,240.37","17,286.84",
20230930080516pdf_1-14 Oktober 2023.pdf,25,BUBUNG,LUWUK,LUW,104.10,"17,596.53","17,643.96",
20230930080516pdf_1-14 Oktober 2023.pdf,26,SAM RATULANGI,MANADO,MDC,104.10,"17,596.53","17,643.96",
20230930080516pdf_1-14 Oktober 2023.pdf,27,POLONIA,MEDAN,MES,102.00,"17,229.24","17,275.68",
20230930080516pdf_1-14 Oktober 2023.pdf,28,MOPAH,MERAUKE,MKQ,104.40,"17,652.18","17,699.76",
20230930080516pdf_1-14 Oktober 2023.pdf,29,RENDANI,MANOKWARI,MKW,104.40,"17,652.18","17,699.76",
20230930080516pdf_1-14 Oktober 2023.pdf,30,KERTAJATI,MAJALENGKA,KJT,98.10,"16,561.44","16,606.08",
20230930080516pdf_1-14 Oktober 2023.pdf,31,ABDURACHMAN SALEH,MALANG,MLG,102.20,"17,273.76","17,320.32",
20230930080516pdf_1-14 Oktober 2023.pdf,32,WAI OTI,MAUMERE,MOF,102.10,"17,262.63","17,309.16",
20230930080516pdf_1-14 Oktober 2023.pdf,33,PANIAI,NABIRE,NBX,104.40,"17,652.18","17,699.76",
20230930080516pdf_1-14 Oktober 2023.pdf,34,RANAI,NATUNA,NTX,102.00,"17,229.24","17,275.68",
20230930080516pdf_1-14 Oktober 2023.pdf,35,PONDOK CABE,JAKARTA,PCB,103.60,"17,518.62","17,565.84",
20230930080516pdf_1-14 Oktober 2023.pdf,36,MINANGKABAU,PADANG,PDG,102.00,"17,229.24","17,275.68",
20230930080516pdf_1-14 Oktober 2023.pdf,37,DEPATI AMIR,PANGKAL PINANG,PGK,102.00,"17,229.24","17,275.68",
20230930080516pdf_1-14 Oktober 2023.pdf,38,ISKANDAR,PANGKALAN BUN,PKN,102.70,"17,340.54","17,387.28",
20230930080516pdf_1-14 Oktober 2023.pdf,39,SULTAN SYARIF KASIM II,PEKANBARU,PKU,102.00,"17,229.24","17,275.68",
20230930080516pdf_1-14 Oktober 2023.pdf,40,TJILIK RIWUT,PALANGKARAYA,PKY,102.70,"17,340.54","17,387.28",
20230930080516pdf_1-14 Oktober 2023.pdf,41,SULTAN MAHMUD BADARUDDIN II,PALEMBANG,PLM,"102.00","17,229.24","17,275.68",
20230930080516pdf_1-14 Oktober 2023.pdf,42,MUTIARA,PALU,PLW,104.10,"17,596.53","17,643.96",
20230930080516pdf_1-14 Oktober 2023.pdf,43,SUPADIO,PONTIANAK,PNK,102.70,"17,340.54","17,387.28",
20230930080516pdf_1-14 Oktober 2023.pdf,44,H. ASAN,SAMPIT,SMQ,102.70,"17,340.54","17,387.28",
20230930080516pdf_1-14 Oktober 2023.pdf,45,ADISUMARMO,SOLO,SOC,103.00,"17,396.19","17,443.08",
20230930080516pdf_1-14 Oktober 2023.pdf,46,SORONG DARATAN,SORONG,SOQ,104.40,"17,652.18","17,699.76",
20230930080516pdf_1-14 Oktober 2023.pdf,47,ACHMAD YANI,SEMARANG,SRG,102.70,"17,340.54","17,387.28",
20230930080516pdf_1-14 Oktober 2023.pdf,48,JUANDA,SURABAYA,SUB,101.40,"17,106.81","17,152.92",
20230930080516pdf_1-14 Oktober 2023.pdf,49,RADEN INTEN II,BANDAR LAMPUNG,TKG,100.60,"17,140.20","17,186.40",
20230930080516pdf_1-14 Oktober 2023.pdf,50,KIJANG,TANJUNG PINANG,TNJ,102.40,"17,318.28","17,364.96",
20230930080516pdf_1-14 Oktober 2023.pdf,51,JUWATA,TARAKAN,TRK,102.70,"17,340.54","17,387.28",
20230930080516pdf_1-14 Oktober 2023.pdf,52,BABULLAH,TERNATE,TTE,104.40,"17,652.18","17,699.76",
20230930080516pdf_1-14 Oktober 2023.pdf,53,HASANUDDIN,UJUNG PANDANG,UPG,104.30,"17,596.53","17,643.96",
20230930080516pdf_1-14 Oktober 2023.pdf,54,MAU HAU,WAINGAPU,WGP,102.10,"17,262.63","17,309.16",
20230930080516pdf_1-14 Oktober 2023.pdf,55,ISWAHYUDI,MADIUN,WIAR (ICAO),102.00,"17,273.76","17,320.32",
20230930080516pdf_1-14 Oktober 2023.pdf,56,DUMATUBUN,TUAL,LUV,105.10,"17,785.74","17,833.68",
20230930080516pdf_1-14 Oktober 2023.pdf,57,SILANGIT,SIBORONG-BORONG,DTB,101.90,"17,218.11","17,264.52",
20230930080516pdf_1-14 Oktober 2023.pdf,58,KALIMARAU,BERAU,BEJ,102.70,"17,340.54","17,387.28",
20230930080516pdf_1-14 Oktober 2023.pdf,59,KOMODO,LABUAN BAJO,LBJ,103.10,"17,418.45","17,465.40",
20230930080516pdf_1-14 Oktober 2023.pdf,60,KUALANAMU,DELI SERDANG,KNO,102.10,"17,206.98","17,253.36",
20230930080516pdf_1-14 Oktober 2023.pdf,61,TAMPA PADANG,MAMUJU,MJU,104.40,"17,641.05","17,688.60",
20230930080516pdf_1-14 Oktober 2023.pdf,62,F.L. TOBING,PINANGSORI,FLZ,102.00,"17,229.24","17,275.68",
20230930080516pdf_1-14 Oktober 2023.pdf,63,MOZES KILANGIN,TIMIKA,TIM,104.40,"17,652.18","17,699.76",
20230930080516pdf_1-14 Oktober 2023.pdf,64,H.A.S. HANANDJOEDDIN,TANJUNG PANDAN,TJQ,102.70,"17,396.19","17,443.08",
20230930080516pdf_1-14 Oktober 2023.pdf,65,BLIMBINGSARI,BANYUWANGI,BWX,102.10,"17,262.63","17,309.16",
20230930080516pdf_1-14 Oktober 2023.pdf,66,TAMBOLAKA,SUMBA BARAT,TMC,105.00,"17,785.74","17,833.68",
20230930080516pdf_1-14 Oktober 2023.pdf,67,BINAKA,GUNUNGSITOLI,GNS,102.00,"17,229.24","17,275.68",
20230930080516pdf_1-14 Oktober 2023.pdf,68,KULONPROGO,YOGYAKARTA,YIA,102.90,"17,396.19","17,443.08",
20230930080516pdf_1-14 Oktober 2023.pdf,69,KUABANG,HALMAHERA UTARA,KAZ,105.00,"17,785.74","17,833.68",
20230930080516pdf_1-14 Oktober 2023.pdf,70,JENDERAL BESAR SOEDIRMAN,PURBALINGGA,PWL,103.00,"17,396.19","17,443.08",
20230930080516pdf_1-14 Oktober 2023.pdf,71,MATHILDA BATLAYERI,SAUMLAKI,SXK,104.60,"17,785.74","17,833.68",
20230930080516pdf_1-14 Oktober 2023.pdf,72,BUDIARTO,CURUG,BTO,103.30,-,#VALUE!,
20231015013702pdf_15-31 Oktober 2023.pdf,1,APT PRANOTO,SAMARINDA,AAP,100.10,"17,073.42","17,119.44",
20231015013702pdf_15-31 Oktober 2023.pdf,2,PATTIMURA,AMBON,AMQ,101.90,"17,385.06","17,431.92",
20231015013702pdf_15-31 Oktober 2023.pdf,3,SYAMSUDDIN NOOR,BANJARMASIN,BDJ,100.10,"17,073.42","17,119.44",
20231015013702pdf_15-31 Oktober 2023.pdf,4,HUSEIN SASTRANEGARA,BANDUNG,BDO,99.70,"17,006.64","17,052.48",
20231015013702pdf_15-31 Oktober 2023.pdf,5,FRANS KAISIEPO,BIAK,BIK,101.90,"17,385.06","17,431.92",
20231015013702pdf_15-31 Oktober 2023.pdf,6,FATMAWATI SOEKARNOPUTRI,BENGKULU,BKS,99.50,"17,006.64","17,052.48",
20231015013702pdf_15-31 Oktober 2023.pdf,7,M. SALAHUDDIN,BIMA,BMU,99.60,"16,984.38","17,030.16",
20231015013702pdf_15-31 Oktober 2023.pdf,8,SEPINGGAN,BALIKPAPAN,BPN,99.20,"16,906.47","16,952.04",
20231015013702pdf_15-31 Oktober 2023.pdf,9,HANG NADIM,BATAM,BTH,99.50,"15,275.69","15,321.38",
20231015013702pdf_15-31 Oktober 2023.pdf,10,SULTAN ISKANDAR MUDA,BANDA ACEH,BTJ,99.50,"16,962.12","17,007.84",
20231015013702pdf_15-31 Oktober 2023.pdf,11,SOEKARNO HATTA,CENGKARENG,CGK,88.10,"15,003.24","15,043.68",
20231015013702pdf_15-31 Oktober 2023.pdf,12,TUNGGUL WULUNG,CILACAP,CXP,100.40,"17,117.94","17,164.08",
20231015013702pdf_15-31 Oktober 2023.pdf,13,SULTAN THAHA,JAMBI,DJB,99.50,"17,006.64","17,052.48",
20231015013702pdf_15-31 Oktober 2023.pdf,14,SENTANI,JAYAPURA,DJJ,102.20,"17,385.06","17,431.92",
20231015013702pdf_15-31 Oktober 2023.pdf,15,NGURAH RAI,DENPASAR,DPS,98.30,"16,728.39","16,773.48",
20231015013702pdf_15-31 Oktober 2023.pdf,16,PINANG KAMPAI,DUMAI,DUM,99.50,"16,962.12","17,007.84",
20231015013702pdf_15-31 Oktober 2023.pdf,17,H. AROEBOESMAN,ENDE,ENE,99.60,"16,984.38","17,030.16",
20231015013702pdf_15-31 Oktober 2023.pdf,18,JALALUDDIN,GORONTALO,GTO,101.60,"17,318.28","17,364.96",
20231015013702pdf_15-31 Oktober 2023.pdf,19,HALIM PERDANAKUSUMA,JAKARTA,HLP,95.20,"16,227.54","16,271.28",
20231015013702pdf_15-31 Oktober 2023.pdf,20,ADISUCIPTO,YOGYAKARTA,JOG,100.50,"17,117.94","17,164.08",
20231015013702pdf_15-31 Oktober 2023.pdf,21,WOLTER MONGINSIDI,KENDARI,KDI,101.60,"17,318.28","17,364.96",
20231015013702pdf_15-31 Oktober 2023.pdf,22,UTAROM,KAIMANA,KNG,101.90,"17,385.06","17,431.92",
20231015013702pdf_15-31 Oktober 2023.pdf,23,ELTARI,KUPANG,KOE,97.30,"16,550.31","16,594.92",
20231015013702pdf_15-31 Oktober 2023.pdf,24,LOMBOK INTERNATIONAL,MATARAM,LOP,99.50,"16,962.12","17,007.84",
20231015013702pdf_15-31 Oktober 2023.pdf,25,BUBUNG,LUWUK,LUW,101.60,"17,318.28","17,364.96",
20231015013702pdf_15-31 Oktober 2023.pdf,26,SAM RATULANGI,MANADO,MDC,101.60,"17,318.28","17,364.96",
20231015013702pdf_15-31 Oktober 2023.pdf,27,POLONIA,MEDAN,MES,99.50,"16,962.12","17,007.84",
20231015013702pdf_15-31 Oktober 2023.pdf,28,MOPAH,MERAUKE,MKQ,101.90,"17,385.06","17,431.92",
20231015013702pdf_15-31 Oktober 2023.pdf,29,RENDANI,MANOKWARI,MKW,101.90,"17,385.06","17,431.92",
20231015013702pdf_15-31 Oktober 2023.pdf,30,KERTAJATI,MAJALENGKA,KJT,94.60,"16,116.24","16,159.68",
20231015013702pdf_15-31 Oktober 2023.pdf,31,ABDURACHMAN SALEH,MALANG,MLG,99.70,"16,995.51","17,041.32",
20231015013702pdf_15-31 Oktober 2023.pdf,32,WAI OTI,MAUMERE,MOF,99.60,"16,984.38","17,030.16",
20231015013702pdf_15-31 Oktober 2023.pdf,33,PANIAI,NABIRE,NBX,101.90,"17,385.06","17,431.92",
20231015013702pdf_15-31 Oktober 2023.pdf,34,RANAI,NATUNA,NTX,99.50,"16,962.12","17,007.84",
20231015013702pdf_15-31 Oktober 2023.pdf,35,PONDOK CABE,JAKARTA,PCB,100.10,"17,073.42","17,119.44",
20231015013702pdf_15-31 Oktober 2023.pdf,36,MINANGKABAU,PADANG,PDG,99.50,"16,962.12","17,007.84",
20231015013702pdf_15-31 Oktober 2023.pdf,37,DEPATI AMIR,PANGKAL PINANG,PGK,99.40,"16,962.12","17,007.84",
20231015013702pdf_15-31 Oktober 2023.pdf,38,ISKANDAR,PANGKALAN BUN,PKN,100.10,"17,073.42","17,119.44",
20231015013702pdf_15-31 Oktober 2023.pdf,39,SULTAN SYARIF KASIM II,PEKANBARU,PKU,99.50,"16,962.12","17,007.84",
20231015013702pdf_15-31 Oktober 2023.pdf,40,TJILIK RIWUT,PALANGKARAYA,PKY,100.10,"17,073.42","17,119.44",
20231015013702pdf_15-31 Oktober 2023.pdf,41,SULTAN MAHMUD BADARUDDIN II,PALEMBANG,PLM,"99.40","16,962.12","17,007.84",
20231015013702pdf_15-31 Oktober 2023.pdf,42,MUTIARA,PALU,PLW,101.60,"17,318.28","17,364.96",
20231015013702pdf_15-31 Oktober 2023.pdf,43,SUPADIO,PONTIANAK,PNK,100.10,"17,073.42","17,119.44",
20231015013702pdf_15-31 Oktober 2023.pdf,44,H. ASAN,SAMPIT,SMQ,100.10,"17,073.42","17,119.44",
20231015013702pdf_15-31 Oktober 2023.pdf,45,ADISUMARMO,SOLO,SOC,100.40,"17,117.94","17,164.08",
20231015013702pdf_15-31 Oktober 2023.pdf,46,SORONG DARATAN,SORONG,SOQ,101.90,"17,385.06","17,431.92",
20231015013702pdf_15-31 Oktober 2023.pdf,47,ACHMAD YANI,SEMARANG,SRG,100.20,"17,062.29","17,108.28",
20231015013702pdf_15-31 Oktober 2023.pdf,48,JUANDA,SURABAYA,SUB,97.90,"16,661.61","16,706.52",
20231015013702pdf_15-31 Oktober 2023.pdf,49,RADEN INTEN II,BANDAR LAMPUNG,TKG,98.10,"16,873.08","16,918.56",
20231015013702pdf_15-31 Oktober 2023.pdf,50,KIJANG,TANJUNG PINANG,TNJ,99.90,"17,040.03","17,085.96",
20231015013702pdf_15-31 Oktober 2023.pdf,51,JUWATA,TARAKAN,TRK,100.10,"17,073.42","17,119.44",
20231015013702pdf_15-31 Oktober 2023.pdf,52,BABULLAH,TERNATE,TTE,101.90,"17,385.06","17,431.92",
20231015013702pdf_15-31 Oktober 2023.pdf,53,HASANUDDIN,UJUNG PANDANG,UPG,100.80,"17,151.33","17,197.56",
20231015013702pdf_15-31 Oktober 2023.pdf,54,MAU HAU,WAINGAPU,WGP,99.60,"16,984.38","17,030.16",
20231015013702pdf_15-31 Oktober 2023.pdf,55,ISWAHYUDI,MADIUN,WIAR (ICAO),99.50,"16,995.51","17,041.32",
20231015013702pdf_15-31 Oktober 2023.pdf,56,DUMATUBUN,TUAL,LUV,102.60,"17,507.49","17,554.68",
20231015013702pdf_15-31 Oktober 2023.pdf,57,SILANGIT,SIBORONG-BORONG,DTB,99.40,"16,950.99","16,996.68",
20231015013702pdf_15-31 Oktober 2023.pdf,58,KALIMARAU,BERAU,BEJ,100.10,"17,073.42","17,119.44",
20231015013702pdf_15-31 Oktober 2023.pdf,59,KOMODO,LABUAN BAJO,LBJ,100.50,"17,151.33","17,197.56",
20231015013702pdf_15-31 Oktober 2023.pdf,60,KUALANAMU,DELI SERDANG,KNO,98.60,"16,761.78","16,806.96",
20231015013702pdf_15-31 Oktober 2023.pdf,61,TAMPA PADANG,MAMUJU,MJU,101.90,"17,362.80","17,409.60",
20231015013702pdf_15-31 Oktober 2023.pdf,62,F.L. TOBING,PINANGSORI,FLZ,99.50,"16,962.12","17,007.84",
20231015013702pdf_15-31 Oktober 2023.pdf,63,MOZES KILANGIN,TIMIKA,TIM,101.90,"17,385.06","17,431.92",
20231015013702pdf_15-31 Oktober 2023.pdf,64,H.A.S. HANANDJOEDDIN,TANJUNG PANDAN,TJQ,100.20,"17,117.94","17,164.08",
20231015013702pdf_15-31 Oktober 2023.pdf,65,BLIMBINGSARI,BANYUWANGI,BWX,99.60,"16,984.38","17,030.16",
20231015013702pdf_15-31 Oktober 2023.pdf,66,TAMBOLAKA,SUMBA BARAT,TMC,102.40,"17,507.49","17,554.68",
20231015013702pdf_15-31 Oktober 2023.pdf,67,BINAKA,GUNUNGSITOLI,GNS,99.50,"16,962.12","17,007.84",
20231015013702pdf_15-31 Oktober 2023.pdf,68,KULONPROGO,YOGYAKARTA,YIA,100.40,"17,117.94","17,164.08",
20231015013702pdf_15-31 Oktober 2023.pdf,69,KUABANG,HALMAHERA UTARA,KAZ,102.50,"17,507.49","17,554.68",
20231015013702pdf_15-31 Oktober 2023.pdf,70,JENDERAL BESAR SOEDIRMAN,PURBALINGGA,PWL,100.40,"17,117.94","17,164.08",
20231015013702pdf_15-31 Oktober 2023.pdf,71,MATHILDA BATLAYERI,SAUMLAKI,SXK,102.10,"17,507.49","17,554.68",
20231015013702pdf_15-31 Oktober 2023.pdf,72,BUDIARTO,CURUG,BTO,99.80,-,#VALUE!,
20231101115709pdf_1-14 November 2023.pdf,1,APT PRANOTO,SAMARINDA,AAP,97.40,"16,850.82","16,896.24",
20231101115709pdf_1-14 November 2023.pdf,2,PATTIMURA,AMBON,AMQ,99.20,"17,162.46","17,208.72",
20231101115709pdf_1-14 November 2023.pdf,3,SYAMSUDDIN NOOR,BANJARMASIN,BDJ,97.40,"16,850.82","16,896.24",
20231101115709pdf_1-14 November 2023.pdf,4,HUSEIN SASTRANEGARA,BANDUNG,BDO,97.00,"16,784.04","16,829.28",
20231101115709pdf_1-14 November 2023.pdf,5,FRANS KAISIEPO,BIAK,BIK,99.20,"17,162.46","17,208.72",
20231101115709pdf_1-14 November 2023.pdf,6,FATMAWATI SOEKARNOPUTRI,BENGKULU,BKS,96.80,"16,784.04","16,829.28",
20231101115709pdf_1-14 November 2023.pdf,7,M. SALAHUDDIN,BIMA,BMU,96.90,"16,772.91","16,818.12",
20231101115709pdf_1-14 November 2023.pdf,8,SEPINGGAN,BALIKPAPAN,BPN,96.50,"16,683.87","16,728.84",
20231101115709pdf_1-14 November 2023.pdf,9,HANG NADIM,BATAM,BTH,96.80,"15,085.12","15,130.24",
20231101115709pdf_1-14 November 2023.pdf,10,SULTAN ISKANDAR MUDA,BANDA ACEH,BTJ,96.80,"16,739.52","16,784.64",
20231101115709pdf_1-14 November 2023.pdf,11,SOEKARNO HATTA,CENGKARENG,CGK,85.60,"14,780.64","14,820.48",
20231101115709pdf_1-14 November 2023.pdf,12,TUNGGUL WULUNG,CILACAP,CXP,97.70,"16,906.47","16,952.04",
20231101115709pdf_1-14 November 2023.pdf,13,SULTAN THAHA,JAMBI,DJB,96.80,"16,784.04","16,829.28",
20231101115709pdf_1-14 November 2023.pdf,14,SENTANI,JAYAPURA,DJJ,99.50,"17,162.46","17,208.72",
20231101115709pdf_1-14 November 2023.pdf,15,NGURAH RAI,DENPASAR,DPS,95.60,"16,505.79","16,550.28",
20231101115709pdf_1-14 November 2023.pdf,16,PINANG KAMPAI,DUMAI,DUM,96.80,"16,739.52","16,784.64",
20231101115709pdf_1-14 November 2023.pdf,17,H. AROEBOESMAN,ENDE,ENE,96.90,"16,772.91","16,818.12",
20231101115709pdf_1-14 November 2023.pdf,18,JALALUDDIN,GORONTALO,GTO,98.80,"17,106.81","17,152.92",
20231101115709pdf_1-14 November 2023.pdf,19,HALIM PERDANAKUSUMA,JAKARTA,HLP,92.60,"16,004.94","16,048.08",
20231101115709pdf_1-14 November 2023.pdf,20,ADISUCIPTO,YOGYAKARTA,JOG,97.80,"16,906.47","16,952.04",
20231101115709pdf_1-14 November 2023.pdf,21,WOLTER MONGINSIDI,KENDARI,KDI,98.80,"17,106.81","17,152.92",
20231101115709pdf_1-14 November 2023.pdf,22,UTAROM,KAIMANA,KNG,99.20,"17,162.46","17,208.72",
20231101115709pdf_1-14 November 2023.pdf,23,ELTARI,KUPANG,KOE,94.70,"16,338.84","16,382.88",
20231101115709pdf_1-14 November 2023.pdf,24,LOMBOK INTERNATIONAL,MATARAM,LOP,96.80,"16,750.65","16,795.80",
20231101115709pdf_1-14 November 2023.pdf,25,BUBUNG,LUWUK,LUW,98.80,"17,106.81","17,152.92",
20231101115709pdf_1-14 November 2023.pdf,26,SAM RATULANGI,MANADO,MDC,98.80,"17,106.81","17,152.92",
20231101115709pdf_1-14 November 2023.pdf,27,POLONIA,MEDAN,MES,96.80,"16,739.52","16,784.64",
20231101115709pdf_1-14 November 2023.pdf,28,MOPAH,MERAUKE,MKQ,99.20,"17,162.46","17,208.72",
20231101115709pdf_1-14 November 2023.pdf,29,RENDANI,MANOKWARI,MKW,99.20,"17,162.46","17,208.72",
20231101115709pdf_1-14 November 2023.pdf,30,KERTAJATI,MAJALENGKA,KJT,91.90,"15,893.64","15,936.48",
20231101115709pdf_1-14 November 2023.pdf,31,ABDURACHMAN SALEH,MALANG,MLG,97.00,"16,784.04","16,829.28",
20231101115709pdf_1-14 November 2023.pdf,32,WAI OTI,MAUMERE,MOF,96.90,"16,772.91","16,818.12",
20231101115709pdf_1-14 November 2023.pdf,33,PANIAI,NABIRE,NBX,99.20,"17,162.46","17,208.72",
20231101115709pdf_1-14 November 2023.pdf,34,RANAI,NATUNA,NTX,96.80,"16,739.52","16,784.64",
20231101115709pdf_1-14 November 2023.pdf,35,PONDOK CABE,JAKARTA,PCB,97.40,"16,850.82","16,896.24",
20231101115709pdf_1-14 November 2023.pdf,36,MINANGKABAU,PADANG,PDG,96.80,"16,739.52","16,784.64",
20231101115709pdf_1-14 November 2023.pdf,37,DEPATI AMIR,PANGKAL PINANG,PGK,96.70,"16,739.52","16,784.64",
20231101115709pdf_1-14 November 2023.pdf,38,ISKANDAR,PANGKALAN BUN,PKN,97.40,"16,850.82","16,896.24",
20231101115709pdf_1-14 November 2023.pdf,39,SULTAN SYARIF KASIM II,PEKANBARU,PKU,96.80,"16,739.52","16,784.64",
20231101115709pdf_1-14 November 2023.pdf,40,TJILIK RIWUT,PALANGKARAYA,PKY,97.40,"16,850.82","16,896.24",
20231101115709pdf_1-14 November 2023.pdf,41,SULTAN MAHMUD BADARUDDIN II,PALEMBANG,PLM,96.70,"16,739.52","16,784.64",
20231101115709pdf_1-14 November 2023.pdf,42,MUTIARA,PALU,PLW,98.80,"17,106.81","17,152.92",
20231101115709pdf_1-14 November 2023.pdf,43,SUPADIO,PONTIANAK,PNK,97.40,"16,850.82","16,896.24",
20231101115709pdf_1-14 November 2023.pdf,44,H. ASAN,SAMPIT,SMQ,97.40,"16,850.82","16,896.24",
20231101115709pdf_1-14 November 2023.pdf,45,ADISUMARMO,SOLO,SOC,97.70,"16,906.47","16,952.04",
20231101115709pdf_1-14 November 2023.pdf,46,SORONG DARATAN,SORONG,SOQ,99.20,"17,162.46","17,208.72",
20231101115709pdf_1-14 November 2023.pdf,47,ACHMAD YANI,SEMARANG,SRG,97.50,"16,850.82","16,896.24",
20231101115709pdf_1-14 November 2023.pdf,48,JUANDA,SURABAYA,SUB,95.20,"16,439.01","16,483.32",
20231101115709pdf_1-14 November 2023.pdf,49,RADEN INTEN II,BANDAR LAMPUNG,TKG,95.40,"16,650.48","16,695.36",
20231101115709pdf_1-14 November 2023.pdf,50,KIJANG,TANJUNG PINANG,TNJ,97.20,"16,828.56","16,873.92",
20231101115709pdf_1-14 November 2023.pdf,51,JUWATA,TARAKAN,TRK,97.40,"16,850.82","16,896.24",
20231101115709pdf_1-14 November 2023.pdf,52,BABULLAH,TERNATE,TTE,99.20,"17,162.46","17,208.72",
20231101115709pdf_1-14 November 2023.pdf,53,HASANUDDIN,UJUNG PANDANG,UPG,98.10,"16,928.73","16,974.36",
20231101115709pdf_1-14 November 2023.pdf,54,MAU HAU,WAINGAPU,WGP,96.90,"16,772.91","16,818.12",
20231101115709pdf_1-14 November 2023.pdf,55,ISWAHYUDI,MADIUN,WIAR (ICAO),96.80,"16,784.04","16,829.28",
20231101115709pdf_1-14 November 2023.pdf,56,DUMATUBUN,TUAL,LUV,99.80,"17,284.89","17,331.48",
20231101115709pdf_1-14 November 2023.pdf,57,SILANGIT,SIBORONG-BORONG,DTB,96.70,"16,728.39","16,773.48",
20231101115709pdf_1-14 November 2023.pdf,58,KALIMARAU,BERAU,BEJ,97.40,"16,850.82","16,896.24",
20231101115709pdf_1-14 November 2023.pdf,59,KOMODO,Jam 11.54 LABUAN BAJO,LBJ,97.80,"16,928.73","16,974.36",
20231101115709pdf_1-14 November 2023.pdf,60,KUALANAMU,DELI SERDANG,KNO,95.90,"16,539.18","16,583.76",
20231101115709pdf_1-14 November 2023.pdf,61,TAMPA PADANG,MAMUJU,MJU,99.20,"17,151.33","17,197.56",
20231101115709pdf_1-14 November 2023.pdf,62,F.L. TOBING,PINANGSORI,FLZ,96.80,"16,739.52","16,784.64",
20231101115709pdf_1-14 November 2023.pdf,63,MOZES KILANGIN,TIMIKA,TIM,99.20,"17,162.46","17,208.72",
20231101115709pdf_1-14 November 2023.pdf,64,H.A.S. HANANDJOEDDIN,TANJUNG PANDAN,TJQ,97.50,"16,906.47","16,952.04",
20231101115709pdf_1-14 November 2023.pdf,65,BLIMBINGSARI,BANYUWANGI,BWX,96.90,"16,772.91","16,818.12",
20231101115709pdf_1-14 November 2023.pdf,66,TAMBOLAKA,SUMBA BARAT,TMC,99.70,"17,284.89","17,331.48",
20231101115709pdf_1-14 November 2023.pdf,67,BINAKA,GUNUNGSITOLI,GNS,96.80,"16,739.52","16,784.64",
20231101115709pdf_1-14 November 2023.pdf,68,KULONPROGO,YOGYAKARTA,YIA,97.70,"16,906.47","16,952.04",
20231101115709pdf_1-14 November 2023.pdf,69,KUABANG,HALMAHERA UTARA,KAZ,99.70,"17,284.89","17,331.48",
20231101115709pdf_1-14 November 2023.pdf,70,JENDERAL BESAR SOEDIRMAN,PURBALINGGA,PWL,97.70,"16,906.47","16,952.04",
20231101115709pdf_1-14 November 2023.pdf,71,MATHILDA BATLAYERI,SAUMLAKI,SXK,99.30,"17,284.89","17,331.48",
20231101115709pdf_1-14 November 2023.pdf,72,BUDIARTO,CURUG,BTO,97.10,-,#VALUE!,
20231115082252pdf_15-30 November 2023.pdf,1,APT PRANOTO,SAMARINDA,AAP,95.60,"16,628.22","16,673.04",
20231115082252pdf_15-30 November 2023.pdf,2,PATTIMURA,AMBON,AMQ,97.30,"16,939.86","16,985.52",
20231115082252pdf_15-30 November 2023.pdf,3,SYAMSUDDIN NOOR,BANJARMASIN,BDJ,95.60,"16,628.22","16,673.04",
20231115082252pdf_15-30 November 2023.pdf,4,HUSEIN SASTRANEGARA,BANDUNG,BDO,95.20,"16,561.44","16,606.08",
20231115082252pdf_15-30 November 2023.pdf,5,FRANS KAISIEPO,BIAK,BIK,97.30,"16,939.86","16,985.52",
20231115082252pdf_15-30 November 2023.pdf,6,FATMAWATI SOEKARNOPUTRI,BENGKULU,BKS,95.00,"16,561.44","16,606.08",
20231115082252pdf_15-30 November 2023.pdf,7,M. SALAHUDDIN,BIMA,BMU,95.10,"16,539.18","16,583.76",
20231115082252pdf_15-30 November 2023.pdf,8,SEPINGGAN,BALIKPAPAN,BPN,94.70,"16,461.27","16,505.64",
20231115082252pdf_15-30 November 2023.pdf,9,HANG NADIM,BATAM,BTH,95.00,"14,874.49","14,918.98",
20231115082252pdf_15-30 November 2023.pdf,10,SULTAN ISKANDAR MUDA,BANDA ACEH,BTJ,95.00,"16,516.92","16,561.44",
20231115082252pdf_15-30 November 2023.pdf,11,SOEKARNO HATTA,CENGKARENG,CGK,83.80,"14,558.04","14,597.28",
20231115082252pdf_15-30 November 2023.pdf,12,TUNGGUL WULUNG,CILACAP,CXP,95.90,"16,672.74","16,717.68",
20231115082252pdf_15-30 November 2023.pdf,13,SULTAN THAHA,JAMBI,DJB,95.00,"16,561.44","16,606.08",
20231115082252pdf_15-30 November 2023.pdf,14,SENTANI,JAYAPURA,DJJ,97.60,"16,939.86","16,985.52",
20231115082252pdf_15-30 November 2023.pdf,15,NGURAH RAI,DENPASAR,DPS,93.80,"16,283.19","16,327.08",
20231115082252pdf_15-30 November 2023.pdf,16,PINANG KAMPAI,DUMAI,DUM,95.00,"16,516.92","16,561.44",
20231115082252pdf_15-30 November 2023.pdf,17,H. AROEBOESMAN,ENDE,ENE,95.10,"16,539.18","16,583.76",
20231115082252pdf_15-30 November 2023.pdf,18,JALALUDDIN,GORONTALO,GTO,97.00,"16,884.21","16,929.72",
20231115082252pdf_15-30 November 2023.pdf,19,HALIM PERDANAKUSUMA,JAKARTA,HLP,90.80,"15,782.34","15,824.88",
20231115082252pdf_15-30 November 2023.pdf,20,ADISUCIPTO,YOGYAKARTA,JOG,96.00,"16,672.74","16,717.68",
20231115082252pdf_15-30 November 2023.pdf,21,WOLTER MONGINSIDI,KENDARI,KDI,97.00,"16,884.21","16,929.72",
20231115082252pdf_15-30 November 2023.pdf,22,UTAROM,KAIMANA,KNG,97.30,"16,939.86","16,985.52",
20231115082252pdf_15-30 November 2023.pdf,23,ELTARI,KUPANG,KOE,92.90,"16,116.24","16,159.68",
20231115082252pdf_15-30 November 2023.pdf,24,LOMBOK INTERNATIONAL,MATARAM,LOP,95.00,"16,528.05","16,572.60",
20231115082252pdf_15-30 November 2023.pdf,25,BUBUNG,LUWUK,LUW,97.00,"16,884.21","16,929.72",
20231115082252pdf_15-30 November 2023.pdf,26,SAM RATULANGI,MANADO,MDC,97.00,"16,884.21","16,929.72",
20231115082252pdf_15-30 November 2023.pdf,27,POLONIA,MEDAN,MES,95.00,"16,516.92","16,561.44",
20231115082252pdf_15-30 November 2023.pdf,28,MOPAH,MERAUKE,MKQ,97.30,"16,939.86","16,985.52",
20231115082252pdf_15-30 November 2023.pdf,29,RENDANI,MANOKWARI,MKW,97.30,"16,939.86","16,985.52",
20231115082252pdf_15-30 November 2023.pdf,30,KERTAJATI,MAJALENGKA,KJT,90.20,"15,671.04","15,713.28",
20231115082252pdf_15-30 November 2023.pdf,31,ABDURACHMAN SALEH,MALANG,MLG,95.20,"16,561.44","16,606.08",
20231115082252pdf_15-30 November 2023.pdf,32,WAI OTI,MAUMERE,MOF,95.10,"16,539.18","16,583.76",
20231115082252pdf_15-30 November 2023.pdf,33,PANIAI,NABIRE,NBX,97.30,"16,939.86","16,985.52",
20231115082252pdf_15-30 November 2023.pdf,34,RANAI,NATUNA,NTX,95.00,"16,516.92","16,561.44",
20231115082252pdf_15-30 November 2023.pdf,35,PONDOK CABE,JAKARTA,PCB,95.60,"16,628.22","16,673.04",
20231115082252pdf_15-30 November 2023.pdf,36,MINANGKABAU,PADANG,PDG,95.00,"16,516.92","16,561.44",
20231115082252pdf_15-30 November 2023.pdf,37,DEPATI AMIR,PANGKAL PINANG,PGK,94.90,"16,516.92","16,561.44",
20231115082252pdf_15-30 November 2023.pdf,38,ISKANDAR,PANGKALAN BUN,PKN,95.60,"16,628.22","16,673.04",
20231115082252pdf_15-30 November 2023.pdf,39,SULTAN SYARIF KASIM II,PEKANBARU,PKU,95.00,"16,516.92","16,561.44",
20231115082252pdf_15-30 November 2023.pdf,40,TJILIK RIWUT,PALANGKARAYA,PKY,95.60,"16,628.22","16,673.04",
20231115082252pdf_15-30 November 2023.pdf,41,SULTAN MAHMUD BADARUDDIN II,PALEMBANG,PLM,"94.90","16,516.92","16,561.44",
20231115082252pdf_15-30 November 2023.pdf,42,MUTIARA,PALU,PLW,97.00,"16,884.21","16,929.72",
20231115082252pdf_15-30 November 2023.pdf,43,SUPADIO,PONTIANAK,PNK,95.60,"16,628.22","16,673.04",
20231115082252pdf_15-30 November 2023.pdf,44,H. ASAN,SAMPIT,SMQ,95.60,"16,628.22","16,673.04",
20231115082252pdf_15-30 November 2023.pdf,45,ADISUMARMO,SOLO,SOC,95.90,"16,672.74","16,717.68",
20231115082252pdf_15-30 November 2023.pdf,46,SORONG DARATAN,SORONG,SOQ,97.30,"16,939.86","16,985.52",
20231115082252pdf_15-30 November 2023.pdf,47,ACHMAD YANI,SEMARANG,SRG,95.60,"16,617.09","16,661.88",
20231115082252pdf_15-30 November 2023.pdf,48,JUANDA,SURABAYA,SUB,93.40,"16,216.41","16,260.12",
20231115082252pdf_15-30 November 2023.pdf,49,RADEN INTEN II,BANDAR LAMPUNG,TKG,93.60,"16,427.88","16,472.16",
20231115082252pdf_15-30 November 2023.pdf,50,KIJANG,TANJUNG PINANG,TNJ,95.40,"16,605.96","16,650.72",
20231115082252pdf_15-30 November 2023.pdf,51,JUWATA,TARAKAN,TRK,95.60,"16,628.22","16,673.04",
20231115082252pdf_15-30 November 2023.pdf,52,BABULLAH,TERNATE,TTE,97.30,"16,939.86","16,985.52",
20231115082252pdf_15-30 November 2023.pdf,53,HASANUDDIN,UJUNG PANDANG,UPG,96.30,"16,706.13","16,751.16",
20231115082252pdf_15-30 November 2023.pdf,54,MAU HAU,WAINGAPU,WGP,95.10,"16,539.18","16,583.76",
20231115082252pdf_15-30 November 2023.pdf,55,ISWAHYUDI,MADIUN,WIAR (ICAO),95.00,"16,561.44","16,606.08",
20231115082252pdf_15-30 November 2023.pdf,56,DUMATUBUN,TUAL,LUV,98.00,"17,062.29","17,108.28",
20231115082252pdf_15-30 November 2023.pdf,57,SILANGIT,SIBORONG-BORONG,DTB,94.90,"16,505.79","16,550.28",
20231115082252pdf_15-30 November 2023.pdf,58,KALIMARAU,BERAU,BEJ,95.60,"16,628.22","16,673.04",
20231115082252pdf_15-30 November 2023.pdf,59,KOMODO,LABUAN BAJO,LBJ,96.00,"16,706.13","16,751.16",
20231115082252pdf_15-30 November 2023.pdf,60,KUALANAMU,DELI SERDANG,KNO,94.10,"16,316.58","16,360.56",
20231115082252pdf_15-30 November 2023.pdf,61,TAMPA PADANG,MAMUJU,MJU,97.40,"16,917.60","16,963.20",
20231115082252pdf_15-30 November 2023.pdf,62,F.L. TOBING,PINANGSORI,FLZ,95.00,"16,516.92","16,561.44",
20231115082252pdf_15-30 November 2023.pdf,63,MOZES KILANGIN,TIMIKA,TIM,97.30,"16,939.86","16,985.52",
20231115082252pdf_15-30 November 2023.pdf,64,H.A.S. HANANDJOEDDIN,TANJUNG PANDAN,TJQ,95.70,"16,683.87","16,728.84",
20231115082252pdf_15-30 November 2023.pdf,65,BLIMBINGSARI,BANYUWANGI,BWX,95.10,"16,539.18","16,583.76",
20231115082252pdf_15-30 November 2023.pdf,66,TAMBOLAKA,SUMBA BARAT,TMC,97.90,"17,062.29","17,108.28",
20231115082252pdf_15-30 November 2023.pdf,67,BINAKA,GUNUNGSITOLI,GNS,95.00,"16,516.92","16,561.44",
20231115082252pdf_15-30 November 2023.pdf,68,KULONPROGO,YOGYAKARTA,YIA,95.90,"16,672.74","16,717.68",
20231115082252pdf_15-30 November 2023.pdf,69,KUABANG,HALMAHERA UTARA,KAZ,97.90,"17,062.29","17,108.28",
20231115082252pdf_15-30 November 2023.pdf,70,JENDERAL BESAR SOEDIRMAN,PURBALINGGA,PWL,95.90,"16,672.74","16,717.68",
20231115082252pdf_15-30 November 2023.pdf,71,MATHILDA BATLAYERI,SAUMLAKI,SXK,97.50,"17,062.29","17,108.28",
20231115082252pdf_15-30 November 2023.pdf,72,BUDIARTO,CURUG,BTO,95.30,-,#VALUE!,
20231201080335pdf_1-14 Desember 2023.pdf,1,APT PRANOTO,SAMARINDA,AAP,92.60,"15,837.99","15,880.68",
20231201080335pdf_1-14 Desember 2023.pdf,2,PATTIMURA,AMBON,AMQ,94.30,"16,149.63","16,193.16",
20231201080335pdf_1-14 Desember 2023.pdf,3,SYAMSUDDIN NOOR,BANJARMASIN,BDJ,92.60,"15,837.99","15,880.68",
20231201080335pdf_1-14 Desember 2023.pdf,4,HUSEIN SASTRANEGARA,BANDUNG,BDO,92.20,"15,771.21","15,813.72",
20231201080335pdf_1-14 Desember 2023.pdf,5,FRANS KAISIEPO,BIAK,BIK,94.30,"16,149.63","16,193.16",
20231201080335pdf_1-14 Desember 2023.pdf,6,FATMAWATI SOEKARNOPUTRI,BENGKULU,BKS,91.90,"15,771.21","15,813.72",
20231201080335pdf_1-14 Desember 2023.pdf,7,M. SALAHUDDIN,BIMA,BMU,92.00,"15,748.95","15,791.40",
20231201080335pdf_1-14 Desember 2023.pdf,8,SEPINGGAN,BALIKPAPAN,BPN,91.60,"15,671.04","15,713.28",
20231201080335pdf_1-14 Desember 2023.pdf,9,HANG NADIM,BATAM,BTH,91.90,"14,162.36","14,204.72",
20231201080335pdf_1-14 Desember 2023.pdf,10,SULTAN ISKANDAR MUDA,BANDA ACEH,BTJ,91.90,"15,726.69","15,769.08",
20231201080335pdf_1-14 Desember 2023.pdf,11,SOEKARNO HATTA,CENGKARENG,CGK,80.60,"13,767.81","13,804.92",
20231201080335pdf_1-14 Desember 2023.pdf,12,TUNGGUL WULUNG,CILACAP,CXP,92.80,"15,882.51","15,925.32",
20231201080335pdf_1-14 Desember 2023.pdf,13,SULTAN THAHA,JAMBI,DJB,91.90,"15,771.21","15,813.72",
20231201080335pdf_1-14 Desember 2023.pdf,14,SENTANI,JAYAPURA,DJJ,94.60,"16,149.63","16,193.16",
20231201080335pdf_1-14 Desember 2023.pdf,15,NGURAH RAI,DENPASAR,DPS,90.70,"15,492.96","15,534.72",
20231201080335pdf_1-14 Desember 2023.pdf,16,PINANG KAMPAI,DUMAI,DUM,91.90,"15,726.69","15,769.08",
20231201080335pdf_1-14 Desember 2023.pdf,17,H. AROEBOESMAN,ENDE,ENE,92.00,"15,748.95","15,791.40",
20231201080335pdf_1-14 Desember 2023.pdf,18,JALALUDDIN,GORONTALO,GTO,94.00,"16,082.85","16,126.20",
20231201080335pdf_1-14 Desember 2023.pdf,19,HALIM PERDANAKUSUMA,JAKARTA,HLP,87.70,"14,992.11","15,032.52",
20231201080335pdf_1-14 Desember 2023.pdf,20,ADISUCIPTO,YOGYAKARTA,JOG,92.90,"15,882.51","15,925.32",
20231201080335pdf_1-14 Desember 2023.pdf,21,WOLTER MONGINSIDI,KENDARI,KDI,94.00,"16,082.85","16,126.20",
20231201080335pdf_1-14 Desember 2023.pdf,22,UTAROM,KAIMANA,KNG,94.30,"16,149.63","16,193.16",
20231201080335pdf_1-14 Desember 2023.pdf,23,ELTARI,KUPANG,KOE,89.80,"15,314.88","15,356.16",
20231201080335pdf_1-14 Desember 2023.pdf,24,LOMBOK INTERNATIONAL,MATARAM,LOP,91.90,"15,726.69","15,769.08",
20231201080335pdf_1-14 Desember 2023.pdf,25,BUBUNG,LUWUK,LUW,94.00,"16,082.85","16,126.20",
20231201080335pdf_1-14 Desember 2023.pdf,26,SAM RATULANGI,MANADO,MDC,94.00,"16,082.85","16,126.20",
20231201080335pdf_1-14 Desember 2023.pdf,27,POLONIA,MEDAN,MES,91.90,"15,726.69","15,769.08",
20231201080335pdf_1-14 Desember 2023.pdf,28,MOPAH,MERAUKE,MKQ,94.30,"16,149.63","16,193.16",
20231201080335pdf_1-14 Desember 2023.pdf,29,RENDANI,MANOKWARI,MKW,94.30,"16,149.63","16,193.16",
20231201080335pdf_1-14 Desember 2023.pdf,30,KERTAJATI,MAJALENGKA,KJT,87.00,"14,880.81","14,920.92",
20231201080335pdf_1-14 Desember 2023.pdf,31,ABDURACHMAN SALEH,MALANG,MLG,92.10,"15,760.08","15,802.56",
20231201080335pdf_1-14 Desember 2023.pdf,32,WAI OTI,MAUMERE,MOF,92.00,"15,748.95","15,791.40",
20231201080335pdf_1-14 Desember 2023.pdf,33,PANIAI,NABIRE,NBX,94.30,"16,149.63","16,193.16",
20231201080335pdf_1-14 Desember 2023.pdf,34,RANAI,NATUNA,NTX,91.90,"15,726.69","15,769.08",
20231201080335pdf_1-14 Desember 2023.pdf,35,PONDOK CABE,JAKARTA,PCB,92.50,"15,837.99","15,880.68",
20231201080335pdf_1-14 Desember 2023.pdf,36,MINANGKABAU,PADANG,PDG,91.90,"15,726.69","15,769.08",
20231201080335pdf_1-14 Desember 2023.pdf,37,DEPATI AMIR,PANGKAL PINANG,PGK,91.90,"15,726.69","15,769.08",
20231201080335pdf_1-14 Desember 2023.pdf,38,ISKANDAR,PANGKALAN BUN,PKN,92.60,"15,837.99","15,880.68",
20231201080335pdf_1-14 Desember 2023.pdf,39,SULTAN SYARIF KASIM II,PEKANBARU,PKU,91.90,"15,726.69","15,769.08",
20231201080335pdf_1-14 Desember 2023.pdf,40,TJILIK RIWUT,PALANGKARAYA,PKY,92.60,"15,837.99","15,880.68",
20231201080335pdf_1-14 Desember 2023.pdf,41,SULTAN MAHMUD BADARUDDIN II,PALEMBANG,PLM,"91.90","15,726.69","15,769.08",
20231201080335pdf_1-14 Desember 2023.pdf,42,MUTIARA,PALU,PLW,94.00,"16,082.85","16,126.20",
20231201080335pdf_1-14 Desember 2023.pdf,43,SUPADIO,PONTIANAK,PNK,92.60,"15,837.99","15,880.68",
20231201080335pdf_1-14 Desember 2023.pdf,44,H. ASAN,SAMPIT,SMQ,92.60,"15,837.99","15,880.68",
20231201080335pdf_1-14 Desember 2023.pdf,45,ADISUMARMO,SOLO,SOC,92.80,"15,882.51","15,925.32",
20231201080335pdf_1-14 Desember 2023.pdf,46,SORONG DARATAN,SORONG,SOQ,94.30,"16,149.63","16,193.16",
20231201080335pdf_1-14 Desember 2023.pdf,47,ACHMAD YANI,SEMARANG,SRG,92.60,"15,826.86","15,869.52",
20231201080335pdf_1-14 Desember 2023.pdf,48,JUANDA,SURABAYA,SUB,90.30,"15,426.18","15,467.76",
20231201080335pdf_1-14 Desember 2023.pdf,49,RADEN INTEN II,BANDAR LAMPUNG,TKG,90.50,"15,637.65","15,679.80",
20231201080335pdf_1-14 Desember 2023.pdf,50,KIJANG,TANJUNG PINANG,TNJ,92.30,"15,804.60","15,847.20",
20231201080335pdf_1-14 Desember 2023.pdf,51,JUWATA,TARAKAN,TRK,92.60,"15,837.99","15,880.68",
20231201080335pdf_1-14 Desember 2023.pdf,52,BABULLAH,TERNATE,TTE,94.30,"16,149.63","16,193.16",
20231201080335pdf_1-14 Desember 2023.pdf,53,HASANUDDIN,UJUNG PANDANG,UPG,93.20,"15,915.90","15,958.80",
20231201080335pdf_1-14 Desember 2023.pdf,54,MAU HAU,WAINGAPU,WGP,92.00,"15,748.95","15,791.40",
20231201080335pdf_1-14 Desember 2023.pdf,55,ISWAHYUDI,MADIUN,WIAR (ICAO),92.00,"15,760.08","15,802.56",
20231201080335pdf_1-14 Desember 2023.pdf,56,DUMATUBUN,TUAL,LUV,95.00,"16,272.06","16,315.92",
20231201080335pdf_1-14 Desember 2023.pdf,57,SILANGIT,SIBORONG-BORONG,DTB,91.80,"15,715.56","15,757.92",
20231201080335pdf_1-14 Desember 2023.pdf,58,KALIMARAU,BERAU,BEJ,92.60,"15,837.99","15,880.68",
20231201080335pdf_1-14 Desember 2023.pdf,59,KOMODO,LABUAN BAJO,LBJ,93.00,"15,915.90","15,958.80",
20231201080335pdf_1-14 Desember 2023.pdf,60,KUALANAMU,DELI SERDANG,KNO,91.00,"15,526.35","15,568.20",
20231201080335pdf_1-14 Desember 2023.pdf,61,TAMPA PADANG,MAMUJU,MJU,94.30,"16,127.37","16,170.84",
20231201080335pdf_1-14 Desember 2023.pdf,62,F.L. TOBING,PINANGSORI,FLZ,91.90,"15,726.69","15,769.08",
20231201080335pdf_1-14 Desember 2023.pdf,63,MOZES KILANGIN,TIMIKA,TIM,94.30,"16,149.63","16,193.16",
20231201080335pdf_1-14 Desember 2023.pdf,64,H.A.S. HANANDJOEDDIN,TANJUNG PANDAN,TJQ,92.60,"15,882.51","15,925.32",
20231201080335pdf_1-14 Desember 2023.pdf,65,BLIMBINGSARI,BANYUWANGI,BWX,92.00,"15,748.95","15,791.40",
20231201080335pdf_1-14 Desember 2023.pdf,66,TAMBOLAKA,SUMBA BARAT,TMC,94.80,"16,272.06","16,315.92",
20231201080335pdf_1-14 Desember 2023.pdf,67,BINAKA,GUNUNGSITOLI,GNS,91.90,"15,726.69","15,769.08",
20231201080335pdf_1-14 Desember 2023.pdf,68,KULONPROGO,YOGYAKARTA,YIA,92.80,"15,882.51","15,925.32",
20231201080335pdf_1-14 Desember 2023.pdf,69,KUABANG,HALMAHERA UTARA,KAZ,94.90,"16,272.06","16,315.92",
20231201080335pdf_1-14 Desember 2023.pdf,70,JENDERAL BESAR SOEDIRMAN,PURBALINGGA,PWL,92.80,"15,882.51","15,925.32",
20231201080335pdf_1-14 Desember 2023.pdf,71,MATHILDA BATLAYERI,SAUMLAKI,SXK,94.50,"16,272.06","16,315.92",
20231201080335pdf_1-14 Desember 2023.pdf,72,BUDIARTO,CURUG,BTO,92.20,-,#VALUE!,
20240116074249pdf_15-31 Desember 2023.pdf,1,APT PRANOTO,SAMARINDA,AAP,92.40,"15,715.56","15,757.92",
20240116074249pdf_15-31 Desember 2023.pdf,2,PATTIMURA,AMBON,AMQ,94.20,"16,160.76","16,204.32",
20240116074249pdf_15-31 Desember 2023.pdf,3,SYAMSUDDIN NOOR,BANJARMASIN,BDJ,92.40,"15,715.56","15,757.92",
20240116074249pdf_15-31 Desember 2023.pdf,4,HUSEIN SASTRANEGARA,BANDUNG,BDO,92.00,"15,659.91","15,702.12",
20240116074249pdf_15-31 Desember 2023.pdf,5,FRANS KAISIEPO,BIAK,BIK,94.20,"16,027.20","16,070.40",
20240116074249pdf_15-31 Desember 2023.pdf,6,FATMAWATI SOEKARNOPUTRI,BENGKULU,BKS,91.80,"15,648.78","15,690.96",
20240116074249pdf_15-31 Desember 2023.pdf,7,M. SALAHUDDIN,BIMA,BMU,91.90,"15,637.65","15,679.80",
20240116074249pdf_15-31 Desember 2023.pdf,8,SEPINGGAN,BALIKPAPAN,BPN,91.40,"15,548.61","15,590.52",
20240116074249pdf_15-31 Desember 2023.pdf,9,HANG NADIM,BATAM,BTH,91.70,"14,062.06","14,104.12",
20240116074249pdf_15-31 Desember 2023.pdf,10,SULTAN ISKANDAR MUDA,BANDA ACEH,BTJ,91.80,"15,604.26","15,646.32",
20240116074249pdf_15-31 Desember 2023.pdf,11,SOEKARNO HATTA,CENGKARENG,CGK,80.40,"13,656.51","13,693.32",
20240116074249pdf_15-31 Desember 2023.pdf,12,TUNGGUL WULUNG,CILACAP,CXP,92.70,"15,771.21","15,813.72",
20240116074249pdf_15-31 Desember 2023.pdf,13,SULTAN THAHA,JAMBI,DJB,91.80,"15,648.78","15,690.96",
20240116074249pdf_15-31 Desember 2023.pdf,14,SENTANI,JAYAPURA,DJJ,94.50,"16,027.20","16,070.40",
20240116074249pdf_15-31 Desember 2023.pdf,15,NGURAH RAI,DENPASAR,DPS,90.60,"15,370.53","15,411.96",
20240116074249pdf_15-31 Desember 2023.pdf,16,PINANG KAMPAI,DUMAI,DUM,91.80,"15,604.26","15,646.32",
20240116074249pdf_15-31 Desember 2023.pdf,17,H. AROEBOESMAN,ENDE,ENE,91.90,"15,637.65","15,679.80",
20240116074249pdf_15-31 Desember 2023.pdf,18,JALALUDDIN,GORONTALO,GTO,93.80,"15,971.55","16,014.60",
20240116074249pdf_15-31 Desember 2023.pdf,19,HALIM PERDANAKUSUMA,JAKARTA,HLP,87.50,"14,880.81","14,920.92",
20240116074249pdf_15-31 Desember 2023.pdf,20,ADISUCIPTO,YOGYAKARTA,JOG,92.80,"15,771.21","15,813.72",
20240116074249pdf_15-31 Desember 2023.pdf,21,WOLTER MONGINSIDI,KENDARI,KDI,93.80,"15,971.55","16,014.60",
20240116074249pdf_15-31 Desember 2023.pdf,22,UTAROM,KAIMANA,KNG,94.20,"16,027.20","16,070.40",
20240116074249pdf_15-31 Desember 2023.pdf,23,ELTARI,KUPANG,KOE,89.60,"15,203.58","15,244.56",
20240116074249pdf_15-31 Desember 2023.pdf,24,LOMBOK INTERNATIONAL,MATARAM,LOP,91.80,"15,615.39","15,657.48",
20240116074249pdf_15-31 Desember 2023.pdf,25,BUBUNG,LUWUK,LUW,93.80,"15,971.55","16,014.60",
20240116074249pdf_15-31 Desember 2023.pdf,26,SAM RATULANGI,MANADO,MDC,93.80,"15,971.55","16,014.60",
20240116074249pdf_15-31 Desember 2023.pdf,27,POLONIA,MEDAN,MES,91.80,"15,604.26","15,646.32",
20240116074249pdf_15-31 Desember 2023.pdf,28,MOPAH,MERAUKE,MKQ,94.20,"16,027.20","16,070.40",
20240116074249pdf_15-31 Desember 2023.pdf,29,RENDANI,MANOKWARI,MKW,94.20,"16,027.20","16,070.40",
20240116074249pdf_15-31 Desember 2023.pdf,30,KERTAJATI,MAJALENGKA,KJT,86.90,"14,769.51","14,809.32",
20240116074249pdf_15-31 Desember 2023.pdf,31,ABDURACHMAN SALEH,MALANG,MLG,92.00,"15,648.78","15,690.96",
20240116074249pdf_15-31 Desember 2023.pdf,32,WAI OTI,MAUMERE,MOF,91.90,"15,637.65","15,679.80",
20240116074249pdf_15-31 Desember 2023.pdf,33,DOUW ATURURE,NABIRE,NBX,94.20,"16,160.76","16,204.32",
20240116074249pdf_15-31 Desember 2023.pdf,34,RANAI,NATUNA,NTX,91.80,"15,604.26","15,646.32",
20240116074249pdf_15-31 Desember 2023.pdf,35,PONDOK CABE,JAKARTA,PCB,92.40,"15,726.69","15,769.08",
20240116074249pdf_15-31 Desember 2023.pdf,36,MINANGKABAU,PADANG,PDG,91.80,"15,615.39","15,657.48",
20240116074249pdf_15-31 Desember 2023.pdf,37,DEPATI AMIR,PANGKAL PINANG,PGK,91.70,"15,604.26","15,646.32",
20240116074249pdf_15-31 Desember 2023.pdf,38,ISKANDAR,PANGKALAN BUN,PKN,92.40,"15,715.56","15,757.92",
20240116074249pdf_15-31 Desember 2023.pdf,39,SULTAN SYARIF KASIM II,PEKANBARU,PKU,91.80,"15,604.26","15,646.32",
20240116074249pdf_15-31 Desember 2023.pdf,40,TJILIK RIWUT,PALANGKARAYA,PKY,92.40,"15,715.56","15,757.92",
20240116074249pdf_15-31 Desember 2023.pdf,41,SULTAN MAHMUD BADARUDDIN II,PALEMBANG,PLM,"91.70","15,604.26","15,646.32",
20240116074249pdf_15-31 Desember 2023.pdf,42,MUTIARA,PALU,PLW,93.80,"15,971.55","16,014.60",
20240116074249pdf_15-31 Desember 2023.pdf,43,SUPADIO,PONTIANAK,PNK,92.40,"15,715.56","15,757.92",
20240116074249pdf_15-31 Desember 2023.pdf,44,H. ASAN,SAMPIT,SMQ,92.40,"15,715.56","15,757.92",
20240116074249pdf_15-31 Desember 2023.pdf,45,ADISUMARMO,SOLO,SOC,92.70,"15,771.21","15,813.72",
20240116074249pdf_15-31 Desember 2023.pdf,46,SORONG DARATAN,SORONG,SOQ,94.20,"16,027.20","16,070.40",
20240116074249pdf_15-31 Desember 2023.pdf,47,ACHMAD YANI,SEMARANG,SRG,92.40,"15,715.56","15,757.92",
20240116074249pdf_15-31 Desember 2023.pdf,48,JUANDA,SURABAYA,SUB,90.20,"15,303.75","15,345.00",
20240116074249pdf_15-31 Desember 2023.pdf,49,RADEN INTEN II,BANDAR LAMPUNG,TKG,90.40,"15,515.22","15,557.04",
20240116074249pdf_15-31 Desember 2023.pdf,50,KIJANG,TANJUNG PINANG,TNJ,92.20,"15,693.30","15,735.60",
20240116074249pdf_15-31 Desember 2023.pdf,51,JUWATA,TARAKAN,TRK,92.40,"15,715.56","15,757.92",
20240116074249pdf_15-31 Desember 2023.pdf,52,BABULLAH,TERNATE,TTE,94.20,"16,160.76","16,204.32",
20240116074249pdf_15-31 Desember 2023.pdf,53,HASANUDDIN,UJUNG PANDANG,UPG,93.10,"15,804.60","15,847.20",
20240116074249pdf_15-31 Desember 2023.pdf,54,MAU HAU,WAINGAPU,WGP,91.90,"15,637.65","15,679.80",
20240116074249pdf_15-31 Desember 2023.pdf,55,ISWAHYUDI,MADIUN,WIAR (ICAO),91.80,"15,648.78","15,690.96",
20240116074249pdf_15-31 Desember 2023.pdf,56,DUMATUBUN,TUAL,LUV,94.90,"16,160.76","16,204.32",
20240116074249pdf_15-31 Desember 2023.pdf,57,SILANGIT,SIBORONG-BORONG,DTB,91.70,"15,604.26","15,646.32",
20240116074249pdf_15-31 Desember 2023.pdf,58,KALIMARAU,BERAU,BEJ,92.40,"15,715.56","15,757.92",
20240116074249pdf_15-31 Desember 2023.pdf,59,KOMODO,LABUAN BAJO,LBJ,92.80,"15,793.47","15,836.04",
20240116074249pdf_15-31 Desember 2023.pdf,60,KUALANAMU,DELI SERDANG,KNO,90.80,"15,415.05","15,456.60",
20240116074249pdf_15-31 Desember 2023.pdf,61,TAMPA PADANG,MAMUJU,MJU,94.20,"16,016.07","16,059.24",
20240116074249pdf_15-31 Desember 2023.pdf,62,F.L. TOBING,PINANGSORI,FLZ,91.80,"15,604.26","15,646.32",
20240116074249pdf_15-31 Desember 2023.pdf,63,MOZES KILANGIN,TIMIKA,TIM,94.20,"16,027.20","16,070.40",
20240116074249pdf_15-31 Desember 2023.pdf,64,H.A.S. HANANDJOEDDIN,TANJUNG PANDAN,TJQ,92.50,"15,771.21","15,813.72",
20240116074249pdf_15-31 Desember 2023.pdf,65,BLIMBINGSARI,BANYUWANGI,BWX,91.90,"15,637.65","15,679.80",
20240116074249pdf_15-31 Desember 2023.pdf,66,TAMBOLAKA,SUMBA BARAT,TMC,94.70,"16,160.76","16,204.32",
20240116074249pdf_15-31 Desember 2023.pdf,67,BINAKA,GUNUNGSITOLI,GNS,91.80,"15,604.26","15,646.32",
20240116074249pdf_15-31 Desember 2023.pdf,68,KULONPROGO,YOGYAKARTA,YIA,92.70,"15,771.21","15,813.72",
20240116074249pdf_15-31 Desember 2023.pdf,69,KUABANG,HALMAHERA UTARA,KAZ,94.80,"16,160.76","16,204.32",
20240116074249pdf_15-31 Desember 2023.pdf,70,JENDERAL BESAR SOEDIRMAN,PURBALINGGA,PWL,92.70,"15,771.21","15,813.72",
20240116074249pdf_15-31 Desember 2023.pdf,71,MATHILDA BATLAYERI,SAUMLAKI,SXK,94.40,"16,160.76","16,204.32",
20240116074249pdf_15-31 Desember 2023.pdf,72,BUDIARTO,CURUG,BTO,92.10,-,#VALUE!,