Year,Month,No,Location,City,IATA_Code,International_Flight_Price_USCents_Liter,Domestic_Flight_Price_Into_Plane_Rp_Liter,Domestic_Flight_Price_One_Time_Customer_Rp_Liter,Source
2023,01,1,APT PRANOTO,SAMARINDA,AAP,102.05,17518.62,17565.84,20221231172557pdf_1-14 Januari 2023.pdf + 20230115085437pdf_15-31 Januari 2023.pdf
2023,01,2,PATTIMURA,AMBON,AMQ,102.75,17663.31,17710.92,20221231172557pdf_1-14 Januari 2023.pdf + 20230115085437pdf_15-31 Januari 2023.pdf
2023,01,3,SYAMSUDDIN NOOR,BANJARMASIN,BDJ,102.05,17518.62,17565.84,20221231172557pdf_1-14 Januari 2023.pdf + 20230115085437pdf_15-31 Januari 2023.pdf
2023,01,4,HUSEIN SASTRANEGARA,BANDUNG,BDO,101.05,17362.80,17409.60,20221231172557pdf_1-14 Januari 2023.pdf + 20230115085437pdf_15-31 Januari 2023.pdf
2023,01,5,FRANS KAISIEPO,BIAK,BIK,102.75,17663.31,17710.92,20221231172557pdf_1-14 Januari 2023.pdf + 20230115085437pdf_15-31 Januari 2023.pdf
2023,01,6,FATMAWATI SOEKARNOPUTRI,BENGKULU,BKS,99.85,17184.72,17231.04,20221231172557pdf_1-14 Januari 2023.pdf + 20230115085437pdf_15-31 Januari 2023.pdf
2023,01,7,M. SALAHUDDIN,BIMA,BMU,101.77,17495.64,17542.80,20221231172557pdf_1-14 Januari 2023.pdf + 20230115085437pdf_15-31 Januari 2023.pdf
2023,01,8,SEPINGGAN,BALIKPAPAN,BPN,100.40,17240.37,17286.84,20221231172557pdf_1-14 Januari 2023.pdf + 20230115085437pdf_15-31 Januari 2023.pdf
2023,01,9,HANG NADIM,BATAM,BTH,99.05,15325.84,15371.68,20221231172557pdf_1-14 Januari 2023.pdf + 20230115085437pdf_15-31 Januari 2023.pdf
2023,01,10,SULTAN ISKANDAR MUDA,BANDA ACEH,BTJ,99.75,17117.94,17164.08,20221231172557pdf_1-14 Januari 2023.pdf + 20230115085437pdf_15-31 Januari 2023.pdf
2023,01,11,SOEKARNO HATTA,CENGKARENG,CGK,88.25,15136.80,15177.60,20221231172557pdf_1-14 Januari 2023.pdf + 20230115085437pdf_15-31 Januari 2023.pdf
2023,01,12,TUNGGUL WULUNG,CILACAP,CXP,101.35,17396.19,17443.08,20221231172557pdf_1-14 Januari 2023.pdf + 20230115085437pdf_15-31 Januari 2023.pdf
2023,01,13,SULTAN THAHA,JAMBI,DJB,100.05,17229.24,17275.68,20221231172557pdf_1-14 Januari 2023.pdf + 20230115085437pdf_15-31 Januari 2023.pdf
2023,01,14,SENTANI,JAYAPURA,DJJ,102.85,17618.79,17666.28,20221231172557pdf_1-14 Januari 2023.pdf + 20230115085437pdf_15-31 Januari 2023.pdf
2023,01,15,NGURAH RAI,DENPASAR,DPS,101.05,17318.28,17364.96,20221231172557pdf_1-14 Januari 2023.pdf + 20230115085437pdf_15-31 Januari 2023.pdf
2023,01,16,PINANG KAMPAI,DUMAI,DUM,99.75,17117.94,17164.08,20221231172557pdf_1-14 Januari 2023.pdf + 20230115085437pdf_15-31 Januari 2023.pdf
2023,01,17,H. AROEBOESMAN,ENDE,ENE,101.77,17495.64,17542.80,20221231172557pdf_1-14 Januari 2023.pdf + 20230115085437pdf_15-31 Januari 2023.pdf
2023,01,18,JALALUDDIN,GORONTALO,GTO,102.40,17596.53,17643.96,20221231172557pdf_1-14 Januari 2023.pdf + 20230115085437pdf_15-31 Januari 2023.pdf
2023,01,19,HALIM PERDANAKUSUMA,JAKARTA,HLP,95.35,16361.10,16405.20,20221231172557pdf_1-14 Januari 2023.pdf + 20230115085437pdf_15-31 Januari 2023.pdf
2023,01,20,ADISUCIPTO,YOGYAKARTA,JOG,101.05,17351.67,17398.44,20221231172557pdf_1-14 Januari 2023.pdf + 20230115085437pdf_15-31 Januari 2023.pdf
2023,01,21,WOLTER MONGINSIDI,KENDARI,KDI,102.40,17596.53,17643.96,20221231172557pdf_1-14 Januari 2023.pdf + 20230115085437pdf_15-31 Januari 2023.pdf
2023,01,22,UTAROM,KAIMANA,KNG,102.75,17663.31,17710.92,20221231172557pdf_1-14 Januari 2023.pdf + 20230115085437pdf_15-31 Januari 2023.pdf
2023,01,23,ELTARI,KUPANG,KOE,98.65,16906.47,16952.04,20221231172557pdf_1-14 Januari 2023.pdf + 20230115085437pdf_15-31 Januari 2023.pdf
2023,01,24,LOMBOK INTERNATIONAL,MATARAM,LOP,101.35,17407.32,17454.24,20221231172557pdf_1-14 Januari 2023.pdf + 20230115085437pdf_15-31 Januari 2023.pdf
2023,01,25,BUBUNG,LUWUK,LUW,102.40,17596.53,17643.96,20221231172557pdf_1-14 Januari 2023.pdf + 20230115085437pdf_15-31 Januari 2023.pdf
2023,01,26,SAM RATULANGI,MANADO,MDC,102.40,17596.53,17643.96,20221231172557pdf_1-14 Januari 2023.pdf + 20230115085437pdf_15-31 Januari 2023.pdf
2023,01,27,POLONIA,MEDAN,MES,99.75,17117.94,17164.08,20221231172557pdf_1-14 Januari 2023.pdf + 20230115085437pdf_15-31 Januari 2023.pdf
2023,01,28,MOPAH,MERAUKE,MKQ,102.75,17663.31,17710.92,20221231172557pdf_1-14 Januari 2023.pdf + 20230115085437pdf_15-31 Januari 2023.pdf
2023,01,29,RENDANI,MANOKWARI,MKW,102.75,17663.31,17710.92,20221231172557pdf_1-14 Januari 2023.pdf + 20230115085437pdf_15-31 Januari 2023.pdf
2023,01,30,KERTAJATI,MAJALENGKA,KJT,94.65,16249.80,16293.60,20221231172557pdf_1-14 Januari 2023.pdf + 20230115085437pdf_15-31 Januari 2023.pdf
2023,01,31,ABDURACHMAN SALEH,MALANG,MLG,101.15,17373.93,17420.76,20221231172557pdf_1-14 Januari 2023.pdf + 20230115085437pdf_15-31 Januari 2023.pdf
2023,01,32,WAI OTI,MAUMERE,MOF,101.77,17495.64,17542.80,20221231172557pdf_1-14 Januari 2023.pdf + 20230115085437pdf_15-31 Januari 2023.pdf
2023,01,33,PANIAI,NABIRE,NBX,102.75,17663.31,17710.92,20221231172557pdf_1-14 Januari 2023.pdf + 20230115085437pdf_15-31 Januari 2023.pdf
2023,01,34,RANAI,NATUNA,NTX,99.75,17117.94,17164.08,20221231172557pdf_1-14 Januari 2023.pdf + 20230115085437pdf_15-31 Januari 2023.pdf
2023,01,35,PONDOK CABE,JAKARTA,PCB,101.45,17429.58,17476.56,20221231172557pdf_1-14 Januari 2023.pdf + 20230115085437pdf_15-31 Januari 2023.pdf
2023,01,36,MINANGKABAU,PADANG,PDG,99.75,17006.64,17052.48,20221231172557pdf_1-14 Januari 2023.pdf + 20230115085437pdf_15-31 Januari 2023.pdf
2023,01,37,DEPATI AMIR,PANGKAL PINANG,PGK,99.35,17062.29,17108.28,20221231172557pdf_1-14 Januari 2023.pdf + 20230115085437pdf_15-31 Januari 2023.pdf
2023,01,38,ISKANDAR,PANGKALAN BUN,PKN,102.05,17518.62,17565.84,20221231172557pdf_1-14 Januari 2023.pdf + 20230115085437pdf_15-31 Januari 2023.pdf
2023,01,39,SULTAN SYARIF KASIM II,PEKANBARU,PKU,99.75,17117.94,17164.08,20221231172557pdf_1-14 Januari 2023.pdf + 20230115085437pdf_15-31 Januari 2023.pdf
2023,01,40,TJILIK RIWUT,PALANGKARAYA,PKY,102.05,17518.62,17565.84,20221231172557pdf_1-14 Januari 2023.pdf + 20230115085437pdf_15-31 Januari 2023.pdf
2023,01,41,SULTAN MAHMUD BADARUDDIN II,PALEMBANG,PLM,99.35,17062.29,17108.28,20221231172557pdf_1-14 Januari 2023.pdf + 20230115085437pdf_15-31 Januari 2023.pdf
2023,01,42,MUTIARA,PALU,PLW,102.40,17596.53,17643.96,20221231172557pdf_1-14 Januari 2023.pdf + 20230115085437pdf_15-31 Januari 2023.pdf
2023,01,43,SUPADIO,PONTIANAK,PNK,102.05,17518.62,17565.84,20221231172557pdf_1-14 Januari 2023.pdf + 20230115085437pdf_15-31 Januari 2023.pdf
2023,01,44,H. ASAN,SAMPIT,SMQ,102.05,17518.62,17565.84,20221231172557pdf_1-14 Januari 2023.pdf + 20230115085437pdf_15-31 Januari 2023.pdf
2023,01,45,ADISUMARMO,SOLO,SOC,101.35,17396.19,17443.08,20221231172557pdf_1-14 Januari 2023.pdf + 20230115085437pdf_15-31 Januari 2023.pdf
2023,01,46,SORONG DARATAN,SORONG,SOQ,102.75,17663.31,17710.92,20221231172557pdf_1-14 Januari 2023.pdf + 20230115085437pdf_15-31 Januari 2023.pdf
2023,01,47,ACHMAD YANI,SEMARANG,SRG,100.45,17240.37,17286.84,20221231172557pdf_1-14 Januari 2023.pdf + 20230115085437pdf_15-31 Januari 2023.pdf
2023,01,48,JUANDA,SURABAYA,SUB,98.55,16884.21,16929.72,20221231172557pdf_1-14 Januari 2023.pdf + 20230115085437pdf_15-31 Januari 2023.pdf
2023,01,49,RADEN INTEN II,BANDAR LAMPUNG,TKG,98.45,17062.29,17108.28,20221231172557pdf_1-14 Januari 2023.pdf + 20230115085437pdf_15-31 Januari 2023.pdf
2023,01,50,KIJANG,TANJUNG PINANG,TNJ,100.35,17240.37,17286.84,20221231172557pdf_1-14 Januari 2023.pdf + 20230115085437pdf_15-31 Januari 2023.pdf
2023,01,51,JUWATA,TARAKAN,TRK,102.05,17518.62,17565.84,20221231172557pdf_1-14 Januari 2023.pdf + 20230115085437pdf_15-31 Januari 2023.pdf
2023,01,52,BABULLAH,TERNATE,TTE,102.75,17663.31,17710.92,20221231172557pdf_1-14 Januari 2023.pdf + 20230115085437pdf_15-31 Januari 2023.pdf
2023,01,53,HASANUDDIN,UJUNG PANDANG,UPG,101.95,17474.10,17521.20,20221231172557pdf_1-14 Januari 2023.pdf + 20230115085437pdf_15-31 Januari 2023.pdf
2023,01,54,MAU HAU,WAINGAPU,WGP,101.77,17495.64,17542.80,20221231172557pdf_1-14 Januari 2023.pdf + 20230115085437pdf_15-31 Januari 2023.pdf
2023,01,55,ISWAHYUDI,MADIUN,WIAR (ICAO),101.35,17440.71,17487.72,20221231172557pdf_1-14 Januari 2023.pdf + 20230115085437pdf_15-31 Januari 2023.pdf
2023,01,56,DUMATUBUN,TUAL,LUV,102.60,17641.05,17688.60,20221231172557pdf_1-14 Januari 2023.pdf + 20230115085437pdf_15-31 Januari 2023.pdf
2023,01,57,SILANGIT,SIBORONG-BORONG,DTB,99.25,17051.16,17097.12,20221231172557pdf_1-14 Januari 2023.pdf + 20230115085437pdf_15-31 Januari 2023.pdf
2023,01,58,KALIMARAU,BERAU,BEJ,102.05,17518.62,17565.84,20221231172557pdf_1-14 Januari 2023.pdf + 20230115085437pdf_15-31 Januari 2023.pdf
2023,01,59,KOMODO,LABUAN BAJO,LBJ,101.85,17507.49,17554.68,20221231172557pdf_1-14 Januari 2023.pdf + 20230115085437pdf_15-31 Januari 2023.pdf
2023,01,60,KUALANAMU,DELI SERDANG,KNO,99.45,17040.03,17085.96,20221231172557pdf_1-14 Januari 2023.pdf + 20230115085437pdf_15-31 Januari 2023.pdf
2023,01,61,TAMPA PADANG,MAMUJU,MJU,102.75,17641.05,17688.60,20221231172557pdf_1-14 Januari 2023.pdf + 20230115085437pdf_15-31 Januari 2023.pdf
2023,01,62,F.L. TOBING,PINANGSORI,FLZ,99.75,17117.94,17164.08,20221231172557pdf_1-14 Januari 2023.pdf + 20230115085437pdf_15-31 Januari 2023.pdf
2023,01,63,MOZES KILANGIN,TIMIKA,TIM,102.75,17663.31,17710.92,20221231172557pdf_1-14 Januari 2023.pdf + 20230115085437pdf_15-31 Januari 2023.pdf
2023,01,64,H.A.S. HANANDJOEDDIN,TANJUNG PANDAN,TJQ,99.95,17206.98,17253.36,20221231172557pdf_1-14 Januari 2023.pdf + 20230115085437pdf_15-31 Januari 2023.pdf
2023,01,65,BLIMBINGSARI,BANYUWANGI,BWX,101.77,17495.64,17542.80,20221231172557pdf_1-14 Januari 2023.pdf + 20230115085437pdf_15-31 Januari 2023.pdf
2023,01,66,TAMBOLAKA,SUMBA BARAT,TMC,101.45,17462.97,17510.04,20221231172557pdf_1-14 Januari 2023.pdf + 20230115085437pdf_15-31 Januari 2023.pdf
2023,01,67,BINAKA,GUNUNGSITOLI,GNS,99.75,17117.94,17164.08,20221231172557pdf_1-14 Januari 2023.pdf + 20230115085437pdf_15-31 Januari 2023.pdf
2023,01,68,KULONPROGO,YOGYAKARTA,YIA,101.05,17362.80,17409.60,20221231172557pdf_1-14 Januari 2023.pdf + 20230115085437pdf_15-31 Januari 2023.pdf
2023,01,69,KUABANG,HALMAHERA UTARA,KAZ,102.50,17641.05,17688.60,20221231172557pdf_1-14 Januari 2023.pdf + 20230115085437pdf_15-31 Januari 2023.pdf
2023,01,70,JENDERAL BESAR SOEDIRMAN,PURBALINGGA,PWL,101.35,17396.19,17443.08,20221231172557pdf_1-14 Januari 2023.pdf + 20230115085437pdf_15-31 Januari 2023.pdf
2023,01,71,MATHILDA BATLAYERI,SAUMLAKI,SXK,102.25,17663.31,17710.92,20221231172557pdf_1-14 Januari 2023.pdf + 20230115085437pdf_15-31 Januari 2023.pdf
2023,01,72,BUDIARTO,CURUG,BTO,101.35,17451.84,17498.88,20221231172557pdf_1-14 Januari 2023.pdf + 20230115085437pdf_15-31 Januari 2023.pdf
2023,02,2,PATTIMURA,AMBON,AMQ,105.80,17635.49,17683.02,20230201082329pdf_1-14 Februari 2023.csv + 20230215022333pdf_15-28 Februari 2023.csv
2023,02,3,SYAMSUDDIN NOOR,BANJARMASIN,BDJ,104.00,17312.72,17359.38,20230201082329pdf_1-14 Februari 2023.csv + 20230215022333pdf_15-28 Februari 2023.csv
2023,02,4,HUSEIN SASTRANEGARA,BANDUNG,BDO,102.35,17045.59,17091.54,20230201082329pdf_1-14 Februari 2023.csv + 20230215022333pdf_15-28 Februari 2023.csv
2023,02,5,FRANS KAISIEPO,BIAK,BIK,105.80,17635.49,17683.02,20230201082329pdf_1-14 Februari 2023.csv + 20230215022333pdf_15-28 Februari 2023.csv
2023,02,6,FATMAWATI SOEKARNOPUTRI,BENGKULU,BKS,101.65,16956.56,17002.26,20230201082329pdf_1-14 Februari 2023.csv + 20230215022333pdf_15-28 Februari 2023.csv
2023,02,7,M. SALAHUDDIN,BIMA,BMU,104.05,17334.98,17381.70,20230201082329pdf_1-14 Februari 2023.csv + 20230215022333pdf_15-28 Februari 2023.csv
2023,02,8,SEPINGGAN,BALIKPAPAN,BPN,102.35,17034.47,17080.38,20230201082329pdf_1-14 Februari 2023.csv + 20230215022333pdf_15-28 Februari 2023.csv
2023,02,9,HANG NADIM,BATAM,BTH,100.80,15120.22,15165.45,20230201082329pdf_1-14 Februari 2023.csv + 20230215022333pdf_15-28 Februari 2023.csv
2023,02,10,SULTAN ISKANDAR MUDA,BANDA ACEH,BTJ,101.45,16889.77,16935.30,20230201082329pdf_1-14 Februari 2023.csv + 20230215022333pdf_15-28 Februari 2023.csv
2023,02,11,SOEKARNO HATTA,CENGKARENG,CGK,89.10,14819.60,14859.54,20230201082329pdf_1-14 Februari 2023.csv + 20230215022333pdf_15-28 Februari 2023.csv
2023,02,12,TUNGGUL WULUNG,CILACAP,CXP,103.25,17190.28,17236.62,20230201082329pdf_1-14 Februari 2023.csv + 20230215022333pdf_15-28 Februari 2023.csv
2023,02,13,SULTAN THAHA,JAMBI,DJB,101.85,17001.08,17046.90,20230201082329pdf_1-14 Februari 2023.csv + 20230215022333pdf_15-28 Februari 2023.csv
2023,02,14,SENTANI,JAYAPURA,DJJ,105.90,17590.97,17638.38,20230201082329pdf_1-14 Februari 2023.csv + 20230215022333pdf_15-28 Februari 2023.csv
2023,02,15,NGURAH RAI,DENPASAR,DPS,102.95,17112.38,17158.50,20230201082329pdf_1-14 Februari 2023.csv + 20230215022333pdf_15-28 Februari 2023.csv
2023,02,16,PINANG KAMPAI,DUMAI,DUM,101.45,16889.77,16935.30,20230201082329pdf_1-14 Februari 2023.csv + 20230215022333pdf_15-28 Februari 2023.csv
2023,02,17,H. AROEBOESMAN,ENDE,ENE,104.05,17334.98,17381.70,20230201082329pdf_1-14 Februari 2023.csv + 20230215022333pdf_15-28 Februari 2023.csv
2023,02,18,JALALUDDIN,GORONTALO,GTO,104.55,17412.89,17459.82,20230201082329pdf_1-14 Februari 2023.csv + 20230215022333pdf_15-28 Februari 2023.csv
2023,02,19,HALIM PERDANAKUSUMA,JAKARTA,HLP,96.40,16043.90,16087.14,20230201082329pdf_1-14 Februari 2023.csv + 20230215022333pdf_15-28 Februari 2023.csv
2023,02,20,ADISUCIPTO,YOGYAKARTA,JOG,103.05,17145.76,17191.98,20230201082329pdf_1-14 Februari 2023.csv + 20230215022333pdf_15-28 Februari 2023.csv
2023,02,21,WOLTER MONGINSIDI,KENDARI,KDI,104.55,17412.89,17459.82,20230201082329pdf_1-14 Februari 2023.csv + 20230215022333pdf_15-28 Februari 2023.csv
2023,02,22,UTAROM,KAIMANA,KNG,105.80,17635.49,17683.02,20230201082329pdf_1-14 Februari 2023.csv + 20230215022333pdf_15-28 Februari 2023.csv
2023,02,23,ELTARI,KUPANG,KOE,100.55,16700.56,16745.58,20230201082329pdf_1-14 Februari 2023.csv + 20230215022333pdf_15-28 Februari 2023.csv
2023,02,24,LOMBOK INTERNATIONAL,MATARAM,LOP,103.25,17201.42,17247.78,20230201082329pdf_1-14 Februari 2023.csv + 20230215022333pdf_15-28 Februari 2023.csv
2023,02,25,BUBUNG,LUWUK,LUW,104.55,17412.89,17459.82,20230201082329pdf_1-14 Februari 2023.csv + 20230215022333pdf_15-28 Februari 2023.csv
2023,02,26,SAM RATULANGI,MANADO,MDC,104.55,17412.89,17459.82,20230201082329pdf_1-14 Februari 2023.csv + 20230215022333pdf_15-28 Februari 2023.csv
2023,02,27,POLONIA,MEDAN,MES,101.45,16889.77,16935.30,20230201082329pdf_1-14 Februari 2023.csv + 20230215022333pdf_15-28 Februari 2023.csv
2023,02,28,MOPAH,MERAUKE,MKQ,105.80,17635.49,17683.02,20230201082329pdf_1-14 Februari 2023.csv + 20230215022333pdf_15-28 Februari 2023.csv
2023,02,29,RENDANI,MANOKWARI,MKW,105.80,17635.49,17683.02,20230201082329pdf_1-14 Februari 2023.csv + 20230215022333pdf_15-28 Februari 2023.csv
2023,02,30,KERTAJATI,MAJALENGKA,KJT,95.75,15932.60,15975.54,20230201082329pdf_1-14 Februari 2023.csv + 20230215022333pdf_15-28 Februari 2023.csv
2023,02,31,ABDURACHMAN SALEH,MALANG,MLG,103.05,17168.02,17214.30,20230201082329pdf_1-14 Februari 2023.csv + 20230215022333pdf_15-28 Februari 2023.csv
2023,02,32,WAI OTI,MAUMERE,MOF,104.05,17334.98,17381.70,20230201082329pdf_1-14 Februari 2023.csv + 20230215022333pdf_15-28 Februari 2023.csv
2023,02,33,PANIAI,NABIRE,NBX,105.80,17635.49,17683.02,20230201082329pdf_1-14 Februari 2023.csv + 20230215022333pdf_15-28 Februari 2023.csv
2023,02,34,RANAI,NATUNA,NTX,101.45,16889.77,16935.30,20230201082329pdf_1-14 Februari 2023.csv + 20230215022333pdf_15-28 Februari 2023.csv
2023,02,35,PONDOK CABE,JAKARTA,PCB,103.25,17201.42,17247.78,20230201082329pdf_1-14 Februari 2023.csv + 20230215022333pdf_15-28 Februari 2023.csv
2023,02,36,MINANGKABAU,PADANG,PDG,101.45,16778.48,16823.70,20230201082329pdf_1-14 Februari 2023.csv + 20230215022333pdf_15-28 Februari 2023.csv
2023,02,37,DEPATI AMIR,PANGKAL PINANG,PGK,101.05,16834.12,16879.50,20230201082329pdf_1-14 Februari 2023.csv + 20230215022333pdf_15-28 Februari 2023.csv
2023,02,38,ISKANDAR,PANGKALAN BUN,PKN,104.00,17312.72,17359.38,20230201082329pdf_1-14 Februari 2023.csv + 20230215022333pdf_15-28 Februari 2023.csv
2023,02,39,SULTAN SYARIF KASIM II,PEKANBARU,PKU,101.45,16889.77,16935.30,20230201082329pdf_1-14 Februari 2023.csv + 20230215022333pdf_15-28 Februari 2023.csv
2023,02,40,TJILIK RIWUT,PALANGKARAYA,PKY,104.00,17312.72,17359.38,20230201082329pdf_1-14 Februari 2023.csv + 20230215022333pdf_15-28 Februari 2023.csv
2023,02,41,SULTAN MAHMUD BADARUDDIN II,PALEMBANG,PLM,101.05,16834.12,16879.50,20230201082329pdf_1-14 Februari 2023.csv + 20230215022333pdf_15-28 Februari 2023.csv
2023,02,42,MUTIARA,PALU,PLW,104.55,17412.89,17459.82,20230201082329pdf_1-14 Februari 2023.csv + 20230215022333pdf_15-28 Februari 2023.csv
2023,02,43,SUPADIO,PONTIANAK,PNK,104.00,17312.72,17359.38,20230201082329pdf_1-14 Februari 2023.csv + 20230215022333pdf_15-28 Februari 2023.csv
2023,02,44,H. ASAN,SAMPIT,SMQ,104.00,17312.72,17359.38,20230201082329pdf_1-14 Februari 2023.csv + 20230215022333pdf_15-28 Februari 2023.csv
2023,02,45,ADISUMARMO,SOLO,SOC,103.25,17190.28,17236.62,20230201082329pdf_1-14 Februari 2023.csv + 20230215022333pdf_15-28 Februari 2023.csv
2023,02,46,SORONG DARATAN,SORONG,SOQ,105.80,17635.49,17683.02,20230201082329pdf_1-14 Februari 2023.csv + 20230215022333pdf_15-28 Februari 2023.csv
2023,02,47,ACHMAD YANI,SEMARANG,SRG,102.35,17034.47,17080.38,20230201082329pdf_1-14 Februari 2023.csv + 20230215022333pdf_15-28 Februari 2023.csv
2023,02,48,JUANDA,SURABAYA,SUB,100.35,16678.31,16723.26,20230201082329pdf_1-14 Februari 2023.csv + 20230215022333pdf_15-28 Februari 2023.csv
2023,02,49,RADEN INTEN II,BANDAR LAMPUNG,TKG,100.25,16834.12,16879.50,20230201082329pdf_1-14 Februari 2023.csv + 20230215022333pdf_15-28 Februari 2023.csv
2023,02,50,KIJANG,TANJUNG PINANG,TNJ,102.05,17012.20,17058.06,20230201082329pdf_1-14 Februari 2023.csv + 20230215022333pdf_15-28 Februari 2023.csv
2023,02,51,JUWATA,TARAKAN,TRK,104.00,17312.72,17359.38,20230201082329pdf_1-14 Februari 2023.csv + 20230215022333pdf_15-28 Februari 2023.csv
2023,02,52,BABULLAH,TERNATE,TTE,105.80,17635.49,17683.02,20230201082329pdf_1-14 Februari 2023.csv + 20230215022333pdf_15-28 Februari 2023.csv
2023,02,53,HASANUDDIN,UJUNG PANDANG,UPG,104.05,17290.45,17337.06,20230201082329pdf_1-14 Februari 2023.csv + 20230215022333pdf_15-28 Februari 2023.csv
2023,02,54,MAU HAU,WAINGAPU,WGP,104.05,17334.98,17381.70,20230201082329pdf_1-14 Februari 2023.csv + 20230215022333pdf_15-28 Februari 2023.csv
2023,02,55,ISWAHYUDI,MADIUN,WIAR (ICAO),103.35,17234.81,17281.26,20230201082329pdf_1-14 Februari 2023.csv + 20230215022333pdf_15-28 Februari 2023.csv
2023,02,56,DUMATUBUN,TUAL,LUV,105.65,17613.23,17660.70,20230201082329pdf_1-14 Februari 2023.csv + 20230215022333pdf_15-28 Februari 2023.csv
2023,02,57,SILANGIT,SIBORONG-BORONG,DTB,101.05,16822.99,16868.34,20230201082329pdf_1-14 Februari 2023.csv + 20230215022333pdf_15-28 Februari 2023.csv
2023,02,58,KALIMARAU,BERAU,BEJ,104.00,17312.72,17359.38,20230201082329pdf_1-14 Februari 2023.csv + 20230215022333pdf_15-28 Februari 2023.csv
2023,02,59,KOMODO,LABUAN BAJO,LBJ,103.85,17301.58,17348.22,20230201082329pdf_1-14 Februari 2023.csv + 20230215022333pdf_15-28 Februari 2023.csv
2023,02,60,KUALANAMU,DELI SERDANG,KNO,101.25,16811.86,16857.18,20230201082329pdf_1-14 Februari 2023.csv + 20230215022333pdf_15-28 Februari 2023.csv
2023,02,61,TAMPA PADANG,MAMUJU,MJU,104.90,17457.41,17504.46,20230201082329pdf_1-14 Februari 2023.csv + 20230215022333pdf_15-28 Februari 2023.csv
2023,02,62,F.L. TOBING,PINANGSORI,FLZ,101.45,16889.77,16935.30,20230201082329pdf_1-14 Februari 2023.csv + 20230215022333pdf_15-28 Februari 2023.csv
2023,02,63,MOZES KILANGIN,TIMIKA,TIM,105.80,17635.49,17683.02,20230201082329pdf_1-14 Februari 2023.csv + 20230215022333pdf_15-28 Februari 2023.csv
2023,02,64,H.A.S. HANANDJOEDDIN,TANJUNG PANDAN,TJQ,101.75,16978.81,17024.58,20230201082329pdf_1-14 Februari 2023.csv + 20230215022333pdf_15-28 Februari 2023.csv
2023,02,65,BLIMBINGSARI,BANYUWANGI,BWX,104.05,17334.98,17381.70,20230201082329pdf_1-14 Februari 2023.csv + 20230215022333pdf_15-28 Februari 2023.csv
2023,02,66,TAMBOLAKA,SUMBA BARAT,TMC,103.40,17257.06,17303.58,20230201082329pdf_1-14 Februari 2023.csv + 20230215022333pdf_15-28 Februari 2023.csv
2023,02,67,BINAKA,GUNUNGSITOLI,GNS,101.45,16889.77,16935.30,20230201082329pdf_1-14 Februari 2023.csv + 20230215022333pdf_15-28 Februari 2023.csv
2023,02,68,KULONPROGO,YOGYAKARTA,YIA,103.05,17156.90,17203.14,20230201082329pdf_1-14 Februari 2023.csv + 20230215022333pdf_15-28 Februari 2023.csv
2023,02,69,KUABANG,HALMAHERA UTARA,KAZ,105.55,17613.23,17660.70,20230201082329pdf_1-14 Februari 2023.csv + 20230215022333pdf_15-28 Februari 2023.csv
2023,02,70,JENDERAL BESAR SOEDIRMAN,PURBALINGGA,PWL,103.25,17190.28,17236.62,20230201082329pdf_1-14 Februari 2023.csv + 20230215022333pdf_15-28 Februari 2023.csv
2023,02,71,MATHILDA BATLAYERI,SAUMLAKI,SXK,105.30,17635.49,17683.02,20230201082329pdf_1-14 Februari 2023.csv + 20230215022333pdf_15-28 Februari 2023.csv
2023,02,72,BUDIARTO,CURUG,BTO,103.15,17223.67,17270.10,20230201082329pdf_1-14 Februari 2023.csv + 20230215022333pdf_15-28 Februari 2023.csv
2023,03,1,APT PRANOTO,SAMARINDA,AAP,97.70,16405.62,16449.84,20230315022527pdf_15-31 Maret 2023.pdf
2023,03,2,PATTIMURA,AMBON,AMQ,99.45,16654.79,16699.68,20230301022720pdf_1-14 Maret 2023.csv + 20230315022527pdf_15-31 Maret 2023.pdf
2023,03,3,SYAMSUDDIN NOOR,BANJARMASIN,BDJ,97.70,16350.33,16394.40,20230301022720pdf_1-14 Maret 2023.csv + 20230315022527pdf_15-31 Maret 2023.pdf
2023,03,4,HUSEIN SASTRANEGARA,BANDUNG,BDO,95.13,15916.98,15959.88,20230301022720pdf_1-14 Maret 2023.csv + 20230315022527pdf_15-31 Maret 2023.pdf
2023,03,5,FRANS KAISIEPO,BIAK,BIK,99.45,16654.79,16699.68,20230301022720pdf_1-14 Maret 2023.csv + 20230315022527pdf_15-31 Maret 2023.pdf
2023,03,6,FATMAWATI SOEKARNOPUTRI,BENGKULU,BKS,95.35,15994.17,16037.28,20230301022720pdf_1-14 Maret 2023.csv + 20230315022527pdf_15-31 Maret 2023.pdf
2023,03,7,M. SALAHUDDIN,BIMA,BMU,97.91,16384.80,16428.96,20230301022720pdf_1-14 Maret 2023.csv + 20230315022527pdf_15-31 Maret 2023.pdf
2023,03,8,SEPINGGAN,BALIKPAPAN,BPN,96.05,16072.08,16115.40,20230301022720pdf_1-14 Maret 2023.csv + 20230315022527pdf_15-31 Maret 2023.pdf
2023,03,9,HANG NADIM,BATAM,BTH,94.55,14252.95,14295.58,20230301022720pdf_1-14 Maret 2023.csv + 20230315022527pdf_15-31 Maret 2023.pdf
2023,03,10,SULTAN ISKANDAR MUDA,BANDA ACEH,BTJ,95.25,15927.39,15970.32,20230301022720pdf_1-14 Maret 2023.csv + 20230315022527pdf_15-31 Maret 2023.pdf
2023,03,11,SOEKARNO HATTA,CENGKARENG,CGK,81.98,13690.98,13727.88,20230301022720pdf_1-14 Maret 2023.csv + 20230315022527pdf_15-31 Maret 2023.pdf
2023,03,12,TUNGGUL WULUNG,CILACAP,CXP,97.00,16227.90,16271.64,20230301022720pdf_1-14 Maret 2023.csv + 20230315022527pdf_15-31 Maret 2023.pdf
2023,03,13,SULTAN THAHA,JAMBI,DJB,95.65,16038.69,16081.92,20230301022720pdf_1-14 Maret 2023.csv + 20230315022527pdf_15-31 Maret 2023.pdf
2023,03,14,SENTANI,JAYAPURA,DJJ,99.55,16610.27,16655.04,20230301022720pdf_1-14 Maret 2023.csv + 20230315022527pdf_15-31 Maret 2023.pdf
2023,03,15,NGURAH RAI,DENPASAR,DPS,96.71,16162.20,16205.76,20230301022720pdf_1-14 Maret 2023.csv + 20230315022527pdf_15-31 Maret 2023.pdf
2023,03,16,PINANG KAMPAI,DUMAI,DUM,95.25,15927.39,15970.32,20230301022720pdf_1-14 Maret 2023.csv + 20230315022527pdf_15-31 Maret 2023.pdf
2023,03,17,H. AROEBOESMAN,ENDE,ENE,97.91,16384.80,16428.96,20230301022720pdf_1-14 Maret 2023.csv + 20230315022527pdf_15-31 Maret 2023.pdf
2023,03,18,JALALUDDIN,GORONTALO,GTO,98.31,16462.71,16507.08,20230301022720pdf_1-14 Maret 2023.csv + 20230315022527pdf_15-31 Maret 2023.pdf
2023,03,19,HALIM PERDANAKUSUMA,JAKARTA,HLP,89.18,14915.28,14955.48,20230301022720pdf_1-14 Maret 2023.csv + 20230315022527pdf_15-31 Maret 2023.pdf
2023,03,20,ADISUCIPTO,YOGYAKARTA,JOG,96.75,16183.38,16227.00,20230301022720pdf_1-14 Maret 2023.csv + 20230315022527pdf_15-31 Maret 2023.pdf
2023,03,21,WOLTER MONGINSIDI,KENDARI,KDI,98.31,16462.71,16507.08,20230301022720pdf_1-14 Maret 2023.csv + 20230315022527pdf_15-31 Maret 2023.pdf
2023,03,22,UTAROM,KAIMANA,KNG,99.45,16654.79,16699.68,20230301022720pdf_1-14 Maret 2023.csv + 20230315022527pdf_15-31 Maret 2023.pdf
2023,03,23,ELTARI,KUPANG,KOE,94.36,15750.39,15792.84,20230301022720pdf_1-14 Maret 2023.csv + 20230315022527pdf_15-31 Maret 2023.pdf
2023,03,24,LOMBOK INTERNATIONAL,MATARAM,LOP,97.11,16251.24,16295.04,20230301022720pdf_1-14 Maret 2023.csv + 20230315022527pdf_15-31 Maret 2023.pdf
2023,03,25,BUBUNG,LUWUK,LUW,98.31,16462.71,16507.08,20230301022720pdf_1-14 Maret 2023.csv + 20230315022527pdf_15-31 Maret 2023.pdf
2023,03,26,SAM RATULANGI,MANADO,MDC,98.31,16462.71,16507.08,20230301022720pdf_1-14 Maret 2023.csv + 20230315022527pdf_15-31 Maret 2023.pdf
2023,03,27,POLONIA,MEDAN,MES,95.25,15927.39,15970.32,20230301022720pdf_1-14 Maret 2023.csv + 20230315022527pdf_15-31 Maret 2023.pdf
2023,03,28,MOPAH,MERAUKE,MKQ,99.45,16654.79,16699.68,20230301022720pdf_1-14 Maret 2023.csv + 20230315022527pdf_15-31 Maret 2023.pdf
2023,03,29,RENDANI,MANOKWARI,MKW,99.45,16654.79,16699.68,20230301022720pdf_1-14 Maret 2023.csv + 20230315022527pdf_15-31 Maret 2023.pdf
2023,03,30,KERTAJATI,MAJALENGKA,KJT,88.53,14803.98,14843.88,20230301022720pdf_1-14 Maret 2023.csv + 20230315022527pdf_15-31 Maret 2023.pdf
2023,03,31,ABDURACHMAN SALEH,MALANG,MLG,96.91,16217.85,16261.56,20230301022720pdf_1-14 Maret 2023.csv + 20230315022527pdf_15-31 Maret 2023.pdf
2023,03,32,WAI OTI,MAUMERE,MOF,97.91,16384.80,16428.96,20230301022720pdf_1-14 Maret 2023.csv + 20230315022527pdf_15-31 Maret 2023.pdf
2023,03,33,PANIAI,NABIRE,NBX,99.45,16654.79,16699.68,20230301022720pdf_1-14 Maret 2023.csv + 20230315022527pdf_15-31 Maret 2023.pdf
2023,03,34,RANAI,NATUNA,NTX,95.25,15927.39,15970.32,20230301022720pdf_1-14 Maret 2023.csv + 20230315022527pdf_15-31 Maret 2023.pdf
2023,03,35,PONDOK CABE,JAKARTA,PCB,97.11,16251.24,16295.04,20230301022720pdf_1-14 Maret 2023.csv + 20230315022527pdf_15-31 Maret 2023.pdf
2023,03,36,MINANGKABAU,PADANG,PDG,95.25,15816.09,15858.72,20230301022720pdf_1-14 Maret 2023.csv + 20230315022527pdf_15-31 Maret 2023.pdf
2023,03,37,DEPATI AMIR,PANGKAL PINANG,PGK,94.85,15871.74,15914.52,20230301022720pdf_1-14 Maret 2023.csv + 20230315022527pdf_15-31 Maret 2023.pdf
2023,03,38,ISKANDAR,PANGKALAN BUN,PKN,97.70,16350.33,16394.40,20230301022720pdf_1-14 Maret 2023.csv + 20230315022527pdf_15-31 Maret 2023.pdf
2023,03,39,SULTAN SYARIF KASIM II,PEKANBARU,PKU,95.25,15927.39,15970.32,20230301022720pdf_1-14 Maret 2023.csv + 20230315022527pdf_15-31 Maret 2023.pdf
2023,03,40,TJILIK RIWUT,PALANGKARAYA,PKY,97.70,16350.33,16394.40,20230301022720pdf_1-14 Maret 2023.csv + 20230315022527pdf_15-31 Maret 2023.pdf
2023,03,41,SULTAN MAHMUD BADARUDDIN II,PALEMBANG,PLM,94.85,15871.74,15914.52,20230301022720pdf_1-14 Maret 2023.csv + 20230315022527pdf_15-31 Maret 2023.pdf
2023,03,42,MUTIARA,PALU,PLW,98.31,16462.71,16507.08,20230301022720pdf_1-14 Maret 2023.csv + 20230315022527pdf_15-31 Maret 2023.pdf
2023,03,43,SUPADIO,PONTIANAK,PNK,97.70,16350.33,16394.40,20230301022720pdf_1-14 Maret 2023.csv + 20230315022527pdf_15-31 Maret 2023.pdf
2023,03,44,H. ASAN,SAMPIT,SMQ,97.70,16350.33,16394.40,20230301022720pdf_1-14 Maret 2023.csv + 20230315022527pdf_15-31 Maret 2023.pdf
2023,03,45,ADISUMARMO,SOLO,SOC,97.00,16227.90,16271.64,20230301022720pdf_1-14 Maret 2023.csv + 20230315022527pdf_15-31 Maret 2023.pdf
2023,03,46,SORONG DARATAN,SORONG,SOQ,99.45,16654.79,16699.68,20230301022720pdf_1-14 Maret 2023.csv + 20230315022527pdf_15-31 Maret 2023.pdf
2023,03,47,ACHMAD YANI,SEMARANG,SRG,96.15,16072.08,16115.40,20230301022720pdf_1-14 Maret 2023.csv + 20230315022527pdf_15-31 Maret 2023.pdf
2023,03,48,JUANDA,SURABAYA,SUB,94.21,15728.13,15770.52,20230301022720pdf_1-14 Maret 2023.csv + 20230315022527pdf_15-31 Maret 2023.pdf
2023,03,49,RADEN INTEN II,BANDAR LAMPUNG,TKG,93.95,15871.74,15914.52,20230301022720pdf_1-14 Maret 2023.csv + 20230315022527pdf_15-31 Maret 2023.pdf
2023,03,50,KIJANG,TANJUNG PINANG,TNJ,95.85,16049.82,16093.08,20230301022720pdf_1-14 Maret 2023.csv + 20230315022527pdf_15-31 Maret 2023.pdf
2023,03,51,JUWATA,TARAKAN,TRK,97.70,16350.33,16394.40,20230301022720pdf_1-14 Maret 2023.csv + 20230315022527pdf_15-31 Maret 2023.pdf
2023,03,52,BABULLAH,TERNATE,TTE,99.45,16654.79,16699.68,20230301022720pdf_1-14 Maret 2023.csv + 20230315022527pdf_15-31 Maret 2023.pdf
2023,03,53,HASANUDDIN,UJUNG PANDANG,UPG,97.81,16340.28,16384.32,20230301022720pdf_1-14 Maret 2023.csv + 20230315022527pdf_15-31 Maret 2023.pdf
2023,03,54,MAU HAU,WAINGAPU,WGP,97.91,16384.80,16428.96,20230301022720pdf_1-14 Maret 2023.csv + 20230315022527pdf_15-31 Maret 2023.pdf
2023,03,55,ISWAHYUDI,MADIUN,WIAR (ICAO),97.11,16284.63,16328.52,20230301022720pdf_1-14 Maret 2023.csv + 20230315022527pdf_15-31 Maret 2023.pdf
2023,03,56,DUMATUBUN,TUAL,LUV,99.25,16632.53,16677.36,20230301022720pdf_1-14 Maret 2023.csv + 20230315022527pdf_15-31 Maret 2023.pdf
2023,03,57,SILANGIT,SIBORONG-BORONG,DTB,94.75,15860.61,15903.36,20230301022720pdf_1-14 Maret 2023.csv + 20230315022527pdf_15-31 Maret 2023.pdf
2023,03,58,KALIMARAU,BERAU,BEJ,97.70,16350.33,16394.40,20230301022720pdf_1-14 Maret 2023.csv + 20230315022527pdf_15-31 Maret 2023.pdf
2023,03,59,KOMODO,LABUAN BAJO,LBJ,97.66,16351.41,16395.48,20230301022720pdf_1-14 Maret 2023.csv + 20230315022527pdf_15-31 Maret 2023.pdf
2023,03,60,KUALANAMU,DELI SERDANG,KNO,94.95,15849.48,15892.20,20230301022720pdf_1-14 Maret 2023.csv + 20230315022527pdf_15-31 Maret 2023.pdf
2023,03,61,TAMPA PADANG,MAMUJU,MJU,98.71,16507.23,16551.72,20230301022720pdf_1-14 Maret 2023.csv + 20230315022527pdf_15-31 Maret 2023.pdf
2023,03,62,F.L. TOBING,PINANGSORI,FLZ,95.25,15927.39,15970.32,20230301022720pdf_1-14 Maret 2023.csv + 20230315022527pdf_15-31 Maret 2023.pdf
2023,03,63,MOZES KILANGIN,TIMIKA,TIM,99.45,16654.79,16699.68,20230301022720pdf_1-14 Maret 2023.csv + 20230315022527pdf_15-31 Maret 2023.pdf
2023,03,64,H.A.S. HANANDJOEDDIN,TANJUNG PANDAN,TJQ,95.45,16016.43,16059.60,20230301022720pdf_1-14 Maret 2023.csv + 20230315022527pdf_15-31 Maret 2023.pdf
2023,03,65,BLIMBINGSARI,BANYUWANGI,BWX,97.91,16384.80,16428.96,20230301022720pdf_1-14 Maret 2023.csv + 20230315022527pdf_15-31 Maret 2023.pdf
2023,03,66,TAMBOLAKA,SUMBA BARAT,TMC,97.21,16306.89,16350.84,20230301022720pdf_1-14 Maret 2023.csv + 20230315022527pdf_15-31 Maret 2023.pdf
2023,03,67,BINAKA,GUNUNGSITOLI,GNS,95.25,15927.39,15970.32,20230301022720pdf_1-14 Maret 2023.csv + 20230315022527pdf_15-31 Maret 2023.pdf
2023,03,68,KULONPROGO,YOGYAKARTA,YIA,96.75,16194.51,16238.16,20230301022720pdf_1-14 Maret 2023.csv + 20230315022527pdf_15-31 Maret 2023.pdf
2023,03,69,KUABANG,HALMAHERA UTARA,KAZ,99.15,16632.53,16677.36,20230301022720pdf_1-14 Maret 2023.csv + 20230315022527pdf_15-31 Maret 2023.pdf
2023,03,70,JENDERAL BESAR SOEDIRMAN,PURBALINGGA,PWL,97.00,16227.90,16271.64,20230301022720pdf_1-14 Maret 2023.csv + 20230315022527pdf_15-31 Maret 2023.pdf
2023,03,71,MATHILDA BATLAYERI,SAUMLAKI,SXK,98.89,16654.79,16699.68,20230301022720pdf_1-14 Maret 2023.csv + 20230315022527pdf_15-31 Maret 2023.pdf
2023,03,72,BUDIARTO,CURUG,BTO,96.85,16273.50,16317.36,20230301022720pdf_1-14 Maret 2023.csv + 20230315022527pdf_15-31 Maret 2023.pdf
2023,04,1,APT PRANOTO,SAMARINDA,AAP,94.54,15793.47,15836.04,20230401025656pdf_1-14 April 2023.pdf + 20230415000123pdf_15-30 April 2023.pdf
2023,04,2,PATTIMURA,AMBON,AMQ,95.89,16026.46,16069.66,20230401025656pdf_1-14 April 2023.pdf + 20230415000123pdf_15-30 April 2023.pdf
2023,04,3,SYAMSUDDIN NOOR,BANJARMASIN,BDJ,94.54,15793.47,15836.04,20230401025656pdf_1-14 April 2023.pdf + 20230415000123pdf_15-30 April 2023.pdf
2023,04,4,HUSEIN SASTRANEGARA,BANDUNG,BDO,91.43,15270.36,15311.52,20230401025656pdf_1-14 April 2023.pdf + 20230415000123pdf_15-30 April 2023.pdf
2023,04,5,FRANS KAISIEPO,BIAK,BIK,95.89,16026.46,16069.66,20230401025656pdf_1-14 April 2023.pdf + 20230415000123pdf_15-30 April 2023.pdf
2023,04,6,FATMAWATI SOEKARNOPUTRI,BENGKULU,BKS,92.29,15459.57,15501.24,20230401025656pdf_1-14 April 2023.pdf + 20230415000123pdf_15-30 April 2023.pdf
2023,04,7,M. SALAHUDDIN,BIMA,BMU,94.74,15837.99,15880.68,20230401025656pdf_1-14 April 2023.pdf + 20230415000123pdf_15-30 April 2023.pdf
2023,04,8,SEPINGGAN,BALIKPAPAN,BPN,92.89,15515.22,15557.04,20230401025656pdf_1-14 April 2023.pdf + 20230415000123pdf_15-30 April 2023.pdf
2023,04,9,HANG NADIM,BATAM,BTH,91.53,13771.19,13812.38,20230401025656pdf_1-14 April 2023.pdf + 20230415000123pdf_15-30 April 2023.pdf
2023,04,10,SULTAN ISKANDAR MUDA,BANDA ACEH,BTJ,92.19,15392.79,15434.28,20230401025656pdf_1-14 April 2023.pdf + 20230415000123pdf_15-30 April 2023.pdf
2023,04,11,SOEKARNO HATTA,CENGKARENG,CGK,78.27,13044.36,13079.52,20230401025656pdf_1-14 April 2023.pdf + 20230415000123pdf_15-30 April 2023.pdf
2023,04,12,TUNGGUL WULUNG,CILACAP,CXP,93.84,15671.04,15713.28,20230401025656pdf_1-14 April 2023.pdf + 20230415000123pdf_15-30 April 2023.pdf
2023,04,13,SULTAN THAHA,JAMBI,DJB,92.59,15504.09,15545.88,20230401025656pdf_1-14 April 2023.pdf + 20230415000123pdf_15-30 April 2023.pdf
2023,04,14,SENTANI,JAYAPURA,DJJ,95.94,15993.81,16036.92,20230401025656pdf_1-14 April 2023.pdf + 20230415000123pdf_15-30 April 2023.pdf
2023,04,15,NGURAH RAI,DENPASAR,DPS,93.69,15615.39,15657.48,20230401025656pdf_1-14 April 2023.pdf + 20230415000123pdf_15-30 April 2023.pdf
2023,04,16,PINANG KAMPAI,DUMAI,DUM,92.19,15392.79,15434.28,20230401025656pdf_1-14 April 2023.pdf + 20230415000123pdf_15-30 April 2023.pdf
2023,04,17,H. AROEBOESMAN,ENDE,ENE,94.74,15837.99,15880.68,20230401025656pdf_1-14 April 2023.pdf + 20230415000123pdf_15-30 April 2023.pdf
2023,04,18,JALALUDDIN,GORONTALO,GTO,95.14,15904.77,15947.64,20230401025656pdf_1-14 April 2023.pdf + 20230415000123pdf_15-30 April 2023.pdf
2023,04,19,HALIM PERDANAKUSUMA,JAKARTA,HLP,85.48,14268.66,14307.12,20230401025656pdf_1-14 April 2023.pdf + 20230415000123pdf_15-30 April 2023.pdf
2023,04,20,ADISUCIPTO,YOGYAKARTA,JOG,93.59,15626.52,15668.64,20230401025656pdf_1-14 April 2023.pdf + 20230415000123pdf_15-30 April 2023.pdf
2023,04,21,WOLTER MONGINSIDI,KENDARI,KDI,95.14,15904.77,15947.64,20230401025656pdf_1-14 April 2023.pdf + 20230415000123pdf_15-30 April 2023.pdf
2023,04,22,UTAROM,KAIMANA,KNG,95.89,16026.46,16069.66,20230401025656pdf_1-14 April 2023.pdf + 20230415000123pdf_15-30 April 2023.pdf
2023,04,23,ELTARI,KUPANG,KOE,91.39,15225.84,15266.88,20230401025656pdf_1-14 April 2023.pdf + 20230415000123pdf_15-30 April 2023.pdf
2023,04,24,LOMBOK INTERNATIONAL,MATARAM,LOP,93.99,15704.43,15746.76,20230401025656pdf_1-14 April 2023.pdf + 20230415000123pdf_15-30 April 2023.pdf
2023,04,25,BUBUNG,LUWUK,LUW,95.14,15904.77,15947.64,20230401025656pdf_1-14 April 2023.pdf + 20230415000123pdf_15-30 April 2023.pdf
2023,04,26,SAM RATULANGI,MANADO,MDC,95.14,15904.77,15947.64,20230401025656pdf_1-14 April 2023.pdf + 20230415000123pdf_15-30 April 2023.pdf
2023,04,27,POLONIA,MEDAN,MES,92.19,15392.79,15434.28,20230401025656pdf_1-14 April 2023.pdf + 20230415000123pdf_15-30 April 2023.pdf
2023,04,28,MOPAH,MERAUKE,MKQ,95.89,16026.46,16069.66,20230401025656pdf_1-14 April 2023.pdf + 20230415000123pdf_15-30 April 2023.pdf
2023,04,29,RENDANI,MANOKWARI,MKW,95.89,16026.46,16069.66,20230401025656pdf_1-14 April 2023.pdf + 20230415000123pdf_15-30 April 2023.pdf
2023,04,30,KERTAJATI,MAJALENGKA,KJT,84.88,14157.36,14195.52,20230401025656pdf_1-14 April 2023.pdf + 20230415000123pdf_15-30 April 2023.pdf
2023,04,31,ABDURACHMAN SALEH,MALANG,MLG,93.89,15693.30,15735.60,20230401025656pdf_1-14 April 2023.pdf + 20230415000123pdf_15-30 April 2023.pdf
2023,04,32,WAI OTI,MAUMERE,MOF,94.74,15837.99,15880.68,20230401025656pdf_1-14 April 2023.pdf + 20230415000123pdf_15-30 April 2023.pdf
2023,04,33,PANIAI,NABIRE,NBX,95.89,16026.46,16069.66,20230401025656pdf_1-14 April 2023.pdf + 20230415000123pdf_15-30 April 2023.pdf
2023,04,34,RANAI,NATUNA,NTX,92.19,15392.79,15434.28,20230401025656pdf_1-14 April 2023.pdf + 20230415000123pdf_15-30 April 2023.pdf
2023,04,35,PONDOK CABE,JAKARTA,PCB,94.09,15726.69,15769.08,20230401025656pdf_1-14 April 2023.pdf + 20230415000123pdf_15-30 April 2023.pdf
2023,04,36,MINANGKABAU,PADANG,PDG,92.19,15281.49,15322.68,20230401025656pdf_1-14 April 2023.pdf + 20230415000123pdf_15-30 April 2023.pdf
2023,04,37,DEPATI AMIR,PANGKAL PINANG,PGK,91.79,15331.20,15372.53,20230401025656pdf_1-14 April 2023.pdf + 20230415000123pdf_15-30 April 2023.pdf
2023,04,38,ISKANDAR,PANGKALAN BUN,PKN,94.54,15793.47,15836.04,20230401025656pdf_1-14 April 2023.pdf + 20230415000123pdf_15-30 April 2023.pdf
2023,04,39,SULTAN SYARIF KASIM II,PEKANBARU,PKU,92.19,15392.79,15434.28,20230401025656pdf_1-14 April 2023.pdf + 20230415000123pdf_15-30 April 2023.pdf
2023,04,40,TJILIK RIWUT,PALANGKARAYA,PKY,94.54,15793.47,15836.04,20230401025656pdf_1-14 April 2023.pdf + 20230415000123pdf_15-30 April 2023.pdf
2023,04,41,SULTAN MAHMUD BADARUDDIN II,PALEMBANG,PLM,91.79,15331.20,15372.53,20230401025656pdf_1-14 April 2023.pdf + 20230415000123pdf_15-30 April 2023.pdf
2023,04,42,MUTIARA,PALU,PLW,95.14,15904.77,15947.64,20230401025656pdf_1-14 April 2023.pdf + 20230415000123pdf_15-30 April 2023.pdf
2023,04,43,SUPADIO,PONTIANAK,PNK,94.54,15793.47,15836.04,20230401025656pdf_1-14 April 2023.pdf + 20230415000123pdf_15-30 April 2023.pdf
2023,04,44,H. ASAN,SAMPIT,SMQ,94.54,15793.47,15836.04,20230401025656pdf_1-14 April 2023.pdf + 20230415000123pdf_15-30 April 2023.pdf
2023,04,45,ADISUMARMO,SOLO,SOC,93.84,15671.04,15713.28,20230401025656pdf_1-14 April 2023.pdf + 20230415000123pdf_15-30 April 2023.pdf
2023,04,46,SORONG DARATAN,SORONG,SOQ,95.89,16026.46,16069.66,20230401025656pdf_1-14 April 2023.pdf + 20230415000123pdf_15-30 April 2023.pdf
2023,04,47,ACHMAD YANI,SEMARANG,SRG,92.99,15515.22,15557.04,20230401025656pdf_1-14 April 2023.pdf + 20230415000123pdf_15-30 April 2023.pdf
2023,04,48,JUANDA,SURABAYA,SUB,91.09,15181.32,15222.24,20230401025656pdf_1-14 April 2023.pdf + 20230415000123pdf_15-30 April 2023.pdf
2023,04,49,RADEN INTEN II,BANDAR LAMPUNG,TKG,90.99,15337.14,15378.48,20230401025656pdf_1-14 April 2023.pdf + 20230415000123pdf_15-30 April 2023.pdf
2023,04,50,KIJANG,TANJUNG PINANG,TNJ,92.79,15515.22,15557.04,20230401025656pdf_1-14 April 2023.pdf + 20230415000123pdf_15-30 April 2023.pdf
2023,04,51,JUWATA,TARAKAN,TRK,94.54,15793.47,15836.04,20230401025656pdf_1-14 April 2023.pdf + 20230415000123pdf_15-30 April 2023.pdf
2023,04,52,BABULLAH,TERNATE,TTE,95.89,16026.46,16069.66,20230401025656pdf_1-14 April 2023.pdf + 20230415000123pdf_15-30 April 2023.pdf
2023,04,53,HASANUDDIN,UJUNG PANDANG,UPG,94.69,15782.34,15824.88,20230401025656pdf_1-14 April 2023.pdf + 20230415000123pdf_15-30 April 2023.pdf
2023,04,54,MAU HAU,WAINGAPU,WGP,94.74,15837.99,15880.68,20230401025656pdf_1-14 April 2023.pdf + 20230415000123pdf_15-30 April 2023.pdf
2023,04,55,ISWAHYUDI,MADIUN,WIAR (ICAO),94.14,15760.08,15802.56,20230401025656pdf_1-14 April 2023.pdf + 20230415000123pdf_15-30 April 2023.pdf
2023,04,56,DUMATUBUN,TUAL,LUV,95.74,16016.07,16059.24,20230401025656pdf_1-14 April 2023.pdf + 20230415000123pdf_15-30 April 2023.pdf
2023,04,57,SILANGIT,SIBORONG-BORONG,DTB,91.73,15326.01,15367.32,20230401025656pdf_1-14 April 2023.pdf + 20230415000123pdf_15-30 April 2023.pdf
2023,04,58,KALIMARAU,BERAU,BEJ,94.54,15793.47,15836.04,20230401025656pdf_1-14 April 2023.pdf + 20230415000123pdf_15-30 April 2023.pdf
2023,04,59,KOMODO,LABUAN BAJO,LBJ,94.54,15804.60,15847.20,20230401025656pdf_1-14 April 2023.pdf + 20230415000123pdf_15-30 April 2023.pdf
2023,04,60,KUALANAMU,DELI SERDANG,KNO,91.89,15314.88,15356.16,20230401025656pdf_1-14 April 2023.pdf + 20230415000123pdf_15-30 April 2023.pdf
2023,04,61,TAMPA PADANG,MAMUJU,MJU,95.54,15949.29,15992.28,20230401025656pdf_1-14 April 2023.pdf + 20230415000123pdf_15-30 April 2023.pdf
2023,04,62,F.L. TOBING,PINANGSORI,FLZ,92.19,15392.79,15434.28,20230401025656pdf_1-14 April 2023.pdf + 20230415000123pdf_15-30 April 2023.pdf
2023,04,63,MOZES KILANGIN,TIMIKA,TIM,95.89,16026.46,16069.66,20230401025656pdf_1-14 April 2023.pdf + 20230415000123pdf_15-30 April 2023.pdf
2023,04,64,H.A.S. HANANDJOEDDIN,TANJUNG PANDAN,TJQ,92.49,15481.83,15523.56,20230401025656pdf_1-14 April 2023.pdf + 20230415000123pdf_15-30 April 2023.pdf
2023,04,65,BLIMBINGSARI,BANYUWANGI,BWX,94.74,15837.99,15880.68,20230401025656pdf_1-14 April 2023.pdf + 20230415000123pdf_15-30 April 2023.pdf
2023,04,66,TAMBOLAKA,SUMBA BARAT,TMC,94.24,15782.34,15824.88,20230401025656pdf_1-14 April 2023.pdf + 20230415000123pdf_15-30 April 2023.pdf
2023,04,67,BINAKA,GUNUNGSITOLI,GNS,92.19,15392.79,15434.28,20230401025656pdf_1-14 April 2023.pdf + 20230415000123pdf_15-30 April 2023.pdf
2023,04,68,KULONPROGO,YOGYAKARTA,YIA,93.59,15637.65,15679.80,20230401025656pdf_1-14 April 2023.pdf + 20230415000123pdf_15-30 April 2023.pdf
2023,04,69,KUABANG,HALMAHERA UTARA,KAZ,95.64,16016.07,16059.24,20230401025656pdf_1-14 April 2023.pdf + 20230415000123pdf_15-30 April 2023.pdf
2023,04,70,JENDERAL BESAR SOEDIRMAN,PURBALINGGA,PWL,93.84,15671.04,15713.28,20230401025656pdf_1-14 April 2023.pdf + 20230415000123pdf_15-30 April 2023.pdf
2023,04,71,MATHILDA BATLAYERI,SAUMLAKI,SXK,95.39,16032.39,16075.61,20230401025656pdf_1-14 April 2023.pdf + 20230415000123pdf_15-30 April 2023.pdf
2023,04,72,BUDIARTO,CURUG,BTO,93.84,15748.95,15791.40,20230401025656pdf_1-14 April 2023.pdf + 20230415000123pdf_15-30 April 2023.pdf
2023,05,1,APT PRANOTO,SAMARINDA,AAP,5158.86,6914.62,6933.26,20230502084550pdf_1-14 Mei 2023.pdf + 20230515015637pdf_15-31 Mei 2023.pdf
2023,05,2,PATTIMURA,AMBON,AMQ,5214.15,6995.14,7014.00,20230502084550pdf_1-14 Mei 2023.pdf + 20230515015637pdf_15-31 Mei 2023.pdf
2023,05,3,SYAMSUDDIN NOOR,BANJARMASIN,BDJ,5158.86,6914.62,6933.26,20230502084550pdf_1-14 Mei 2023.pdf + 20230515015637pdf_15-31 Mei 2023.pdf
2023,05,4,HUSEIN SASTRANEGARA,BANDUNG,BDO,4959.81,6652.93,6670.86,20230502084550pdf_1-14 Mei 2023.pdf + 20230515015637pdf_15-31 Mei 2023.pdf
2023,05,5,FRANS KAISIEPO,BIAK,BIK,5214.15,6995.14,7014.00,20230502084550pdf_1-14 Mei 2023.pdf + 20230515015637pdf_15-31 Mei 2023.pdf
2023,05,6,FATMAWATI SOEKARNOPUTRI,BENGKULU,BKS,5042.75,6778.74,6797.01,20230502084550pdf_1-14 Mei 2023.pdf + 20230515015637pdf_15-31 Mei 2023.pdf
2023,05,7,M. SALAHUDDIN,BIMA,BMU,5169.92,6934.75,6953.44,20230502084550pdf_1-14 Mei 2023.pdf + 20230515015637pdf_15-31 Mei 2023.pdf
2023,05,8,SEPINGGAN,BALIKPAPAN,BPN,5064.86,6788.81,6807.11,20230502084550pdf_1-14 Mei 2023.pdf + 20230515015637pdf_15-31 Mei 2023.pdf
2023,05,9,HANG NADIM,BATAM,BTH,4998.52,6036.22,6054.28,20230502084550pdf_1-14 Mei 2023.pdf + 20230515015637pdf_15-31 Mei 2023.pdf
2023,05,10,SULTAN ISKANDAR MUDA,BANDA ACEH,BTJ,5031.69,6748.55,6766.74,20230502084550pdf_1-14 Mei 2023.pdf + 20230515015637pdf_15-31 Mei 2023.pdf
2023,05,11,SOEKARNO HATTA,CENGKARENG,CGK,4207.91,5646.42,5661.64,20230502084550pdf_1-14 Mei 2023.pdf + 20230515015637pdf_15-31 Mei 2023.pdf
2023,05,12,TUNGGUL WULUNG,CILACAP,CXP,5114.63,6859.26,6877.75,20230502084550pdf_1-14 Mei 2023.pdf + 20230515015637pdf_15-31 Mei 2023.pdf
2023,05,13,SULTAN THAHA,JAMBI,DJB,5059.34,6798.87,6817.20,20230502084550pdf_1-14 Mei 2023.pdf + 20230515015637pdf_15-31 Mei 2023.pdf
2023,05,14,SENTANI,JAYAPURA,DJJ,5225.21,6985.08,7003.90,20230502084550pdf_1-14 Mei 2023.pdf + 20230515015637pdf_15-31 Mei 2023.pdf
2023,05,15,NGURAH RAI,DENPASAR,DPS,5109.05,6834.10,6852.52,20230502084550pdf_1-14 Mei 2023.pdf + 20230515015637pdf_15-31 Mei 2023.pdf
2023,05,16,PINANG KAMPAI,DUMAI,DUM,5031.69,6748.55,6766.74,20230502084550pdf_1-14 Mei 2023.pdf + 20230515015637pdf_15-31 Mei 2023.pdf
2023,05,17,H. AROEBOESMAN,ENDE,ENE,5169.92,6934.75,6953.44,20230502084550pdf_1-14 Mei 2023.pdf + 20230515015637pdf_15-31 Mei 2023.pdf
2023,05,18,JALALUDDIN,GORONTALO,GTO,5203.05,6975.01,6993.81,20230502084550pdf_1-14 Mei 2023.pdf + 20230515015637pdf_15-31 Mei 2023.pdf
2023,05,19,HALIM PERDANAKUSUMA,JAKARTA,HLP,4622.59,6200.00,6216.71,20230502084550pdf_1-14 Mei 2023.pdf + 20230515015637pdf_15-31 Mei 2023.pdf
2023,05,20,ADISUCIPTO,YOGYAKARTA,JOG,5103.57,6839.13,6857.57,20230502084550pdf_1-14 Mei 2023.pdf + 20230515015637pdf_15-31 Mei 2023.pdf
2023,05,21,WOLTER MONGINSIDI,KENDARI,KDI,5203.05,6975.01,6993.81,20230502084550pdf_1-14 Mei 2023.pdf + 20230515015637pdf_15-31 Mei 2023.pdf
2023,05,22,UTAROM,KAIMANA,KNG,5214.15,6995.14,7014.00,20230502084550pdf_1-14 Mei 2023.pdf + 20230515015637pdf_15-31 Mei 2023.pdf
2023,05,23,ELTARI,KUPANG,KOE,4976.40,6657.96,6675.91,20230502084550pdf_1-14 Mei 2023.pdf + 20230515015637pdf_15-31 Mei 2023.pdf
2023,05,24,LOMBOK INTERNATIONAL,MATARAM,LOP,5125.68,6874.36,6892.89,20230502084550pdf_1-14 Mei 2023.pdf + 20230515015637pdf_15-31 Mei 2023.pdf
2023,05,25,BUBUNG,LUWUK,LUW,5203.05,6975.01,6993.81,20230502084550pdf_1-14 Mei 2023.pdf + 20230515015637pdf_15-31 Mei 2023.pdf
2023,05,26,SAM RATULANGI,MANADO,MDC,5203.05,6975.01,6993.81,20230502084550pdf_1-14 Mei 2023.pdf + 20230515015637pdf_15-31 Mei 2023.pdf
2023,05,27,POLONIA,MEDAN,MES,5031.69,6748.55,6766.74,20230502084550pdf_1-14 Mei 2023.pdf + 20230515015637pdf_15-31 Mei 2023.pdf
2023,05,28,MOPAH,MERAUKE,MKQ,5214.15,6995.14,7014.00,20230502084550pdf_1-14 Mei 2023.pdf + 20230515015637pdf_15-31 Mei 2023.pdf
2023,05,29,RENDANI,MANOKWARI,MKW,5214.15,6995.14,7014.00,20230502084550pdf_1-14 Mei 2023.pdf + 20230515015637pdf_15-31 Mei 2023.pdf
2023,05,30,KERTAJATI,MAJALENGKA,KJT,4583.88,6149.67,6166.25,20230502084550pdf_1-14 Mei 2023.pdf + 20230515015637pdf_15-31 Mei 2023.pdf
2023,05,31,ABDURACHMAN SALEH,MALANG,MLG,5120.15,6869.33,6887.84,20230502084550pdf_1-14 Mei 2023.pdf + 20230515015637pdf_15-31 Mei 2023.pdf
2023,05,32,WAI OTI,MAUMERE,MOF,5169.92,6934.75,6953.44,20230502084550pdf_1-14 Mei 2023.pdf + 20230515015637pdf_15-31 Mei 2023.pdf
2023,05,33,PANIAI,NABIRE,NBX,5214.15,6995.14,7014.00,20230502084550pdf_1-14 Mei 2023.pdf + 20230515015637pdf_15-31 Mei 2023.pdf
2023,05,34,RANAI,NATUNA,NTX,5031.69,6748.55,6766.74,20230502084550pdf_1-14 Mei 2023.pdf + 20230515015637pdf_15-31 Mei 2023.pdf
2023,05,35,PONDOK CABE,JAKARTA,PCB,5131.21,6884.43,6902.98,20230502084550pdf_1-14 Mei 2023.pdf + 20230515015637pdf_15-31 Mei 2023.pdf
2023,05,36,MINANGKABAU,PADANG,PDG,5031.69,6698.22,6716.28,20230502084550pdf_1-14 Mei 2023.pdf + 20230515015637pdf_15-31 Mei 2023.pdf
2023,05,37,DEPATI AMIR,PANGKAL PINANG,PGK,5009.57,6718.35,6736.46,20230502084550pdf_1-14 Mei 2023.pdf + 20230515015637pdf_15-31 Mei 2023.pdf
2023,05,38,ISKANDAR,PANGKALAN BUN,PKN,5158.86,6914.62,6933.26,20230502084550pdf_1-14 Mei 2023.pdf + 20230515015637pdf_15-31 Mei 2023.pdf
2023,05,39,SULTAN SYARIF KASIM II,PEKANBARU,PKU,5031.69,6748.55,6766.74,20230502084550pdf_1-14 Mei 2023.pdf + 20230515015637pdf_15-31 Mei 2023.pdf
2023,05,40,TJILIK RIWUT,PALANGKARAYA,PKY,5158.86,6914.62,6933.26,20230502084550pdf_1-14 Mei 2023.pdf + 20230515015637pdf_15-31 Mei 2023.pdf
2023,05,41,SULTAN MAHMUD BADARUDDIN II,PALEMBANG,PLM,5009.57,6718.35,6736.46,20230502084550pdf_1-14 Mei 2023.pdf + 20230515015637pdf_15-31 Mei 2023.pdf
2023,05,42,MUTIARA,PALU,PLW,5203.05,6975.01,6993.81,20230502084550pdf_1-14 Mei 2023.pdf + 20230515015637pdf_15-31 Mei 2023.pdf
2023,05,43,SUPADIO,PONTIANAK,PNK,5158.86,6914.62,6933.26,20230502084550pdf_1-14 Mei 2023.pdf + 20230515015637pdf_15-31 Mei 2023.pdf
2023,05,44,H. ASAN,SAMPIT,SMQ,5158.86,6914.62,6933.26,20230502084550pdf_1-14 Mei 2023.pdf + 20230515015637pdf_15-31 Mei 2023.pdf
2023,05,45,ADISUMARMO,SOLO,SOC,5114.63,6859.26,6877.75,20230502084550pdf_1-14 Mei 2023.pdf + 20230515015637pdf_15-31 Mei 2023.pdf
2023,05,46,SORONG DARATAN,SORONG,SOQ,5214.15,6995.14,7014.00,20230502084550pdf_1-14 Mei 2023.pdf + 20230515015637pdf_15-31 Mei 2023.pdf
2023,05,47,ACHMAD YANI,SEMARANG,SRG,5064.86,6788.81,6807.11,20230502084550pdf_1-14 Mei 2023.pdf + 20230515015637pdf_15-31 Mei 2023.pdf
2023,05,48,JUANDA,SURABAYA,SUB,4959.81,6637.83,6655.72,20230502084550pdf_1-14 Mei 2023.pdf + 20230515015637pdf_15-31 Mei 2023.pdf
2023,05,49,RADEN INTEN II,BANDAR LAMPUNG,TKG,4965.34,6723.38,6741.51,20230502084550pdf_1-14 Mei 2023.pdf + 20230515015637pdf_15-31 Mei 2023.pdf
2023,05,50,KIJANG,TANJUNG PINANG,TNJ,5070.39,6803.90,6822.24,20230502084550pdf_1-14 Mei 2023.pdf + 20230515015637pdf_15-31 Mei 2023.pdf
2023,05,51,JUWATA,TARAKAN,TRK,5158.86,6914.62,6933.26,20230502084550pdf_1-14 Mei 2023.pdf + 20230515015637pdf_15-31 Mei 2023.pdf
2023,05,52,BABULLAH,TERNATE,TTE,5214.15,6995.14,7014.00,20230502084550pdf_1-14 Mei 2023.pdf + 20230515015637pdf_15-31 Mei 2023.pdf
2023,05,53,HASANUDDIN,UJUNG PANDANG,UPG,5175.45,6919.65,6938.30,20230502084550pdf_1-14 Mei 2023.pdf + 20230515015637pdf_15-31 Mei 2023.pdf
2023,05,54,MAU HAU,WAINGAPU,WGP,5169.92,6934.75,6953.44,20230502084550pdf_1-14 Mei 2023.pdf + 20230515015637pdf_15-31 Mei 2023.pdf
2023,05,55,ISWAHYUDI,MADIUN,WIAR (ICAO),5136.74,6899.52,6918.12,20230502084550pdf_1-14 Mei 2023.pdf + 20230515015637pdf_15-31 Mei 2023.pdf
2023,05,56,DUMATUBUN,TUAL,LUV,5214.15,6995.14,7014.00,20230502084550pdf_1-14 Mei 2023.pdf + 20230515015637pdf_15-31 Mei 2023.pdf
2023,05,57,SILANGIT,SIBORONG-BORONG,DTB,5009.57,6718.35,6736.46,20230502084550pdf_1-14 Mei 2023.pdf + 20230515015637pdf_15-31 Mei 2023.pdf
2023,05,58,KALIMARAU,BERAU,BEJ,5158.86,6914.62,6933.26,20230502084550pdf_1-14 Mei 2023.pdf + 20230515015637pdf_15-31 Mei 2023.pdf
2023,05,59,KOMODO,LABUAN BAJO,LBJ,5158.86,6919.65,6938.30,20230502084550pdf_1-14 Mei 2023.pdf + 20230515015637pdf_15-31 Mei 2023.pdf
2023,05,60,KUALANAMU,DELI SERDANG,KNO,5020.63,6713.32,6731.41,20230502084550pdf_1-14 Mei 2023.pdf + 20230515015637pdf_15-31 Mei 2023.pdf
2023,05,61,TAMPA PADANG,MAMUJU,MJU,5219.68,6995.14,7014.00,20230502084550pdf_1-14 Mei 2023.pdf + 20230515015637pdf_15-31 Mei 2023.pdf
2023,05,62,F.L. TOBING,PINANGSORI,FLZ,5031.69,6748.55,6766.74,20230502084550pdf_1-14 Mei 2023.pdf + 20230515015637pdf_15-31 Mei 2023.pdf
2023,05,63,MOZES KILANGIN,TIMIKA,TIM,5214.15,6995.14,7014.00,20230502084550pdf_1-14 Mei 2023.pdf + 20230515015637pdf_15-31 Mei 2023.pdf
2023,05,64,H.A.S. HANANDJOEDDIN,TANJUNG PANDAN,TJQ,5048.28,6788.81,6807.11,20230502084550pdf_1-14 Mei 2023.pdf + 20230515015637pdf_15-31 Mei 2023.pdf
2023,05,65,BLIMBINGSARI,BANYUWANGI,BWX,5169.92,6934.75,6953.44,20230502084550pdf_1-14 Mei 2023.pdf + 20230515015637pdf_15-31 Mei 2023.pdf
2023,05,66,TAMBOLAKA,SUMBA BARAT,TMC,5142.23,6909.59,6928.21,20230502084550pdf_1-14 Mei 2023.pdf + 20230515015637pdf_15-31 Mei 2023.pdf
2023,05,67,BINAKA,GUNUNGSITOLI,GNS,5031.69,6748.55,6766.74,20230502084550pdf_1-14 Mei 2023.pdf + 20230515015637pdf_15-31 Mei 2023.pdf
2023,05,68,KULONPROGO,YOGYAKARTA,YIA,5103.57,6844.17,6862.61,20230502084550pdf_1-14 Mei 2023.pdf + 20230515015637pdf_15-31 Mei 2023.pdf
2023,05,69,KUABANG,HALMAHERA UTARA,KAZ,5208.62,6995.14,7014.00,20230502084550pdf_1-14 Mei 2023.pdf + 20230515015637pdf_15-31 Mei 2023.pdf
2023,05,70,JENDERAL BESAR SOEDIRMAN,PURBALINGGA,PWL,5114.63,6859.26,6877.75,20230502084550pdf_1-14 Mei 2023.pdf + 20230515015637pdf_15-31 Mei 2023.pdf
2023,05,71,MATHILDA BATLAYERI,SAUMLAKI,SXK,5186.50,7000.17,7019.04,20230502084550pdf_1-14 Mei 2023.pdf + 20230515015637pdf_15-31 Mei 2023.pdf
2023,05,72,BUDIARTO,CURUG,BTO,5114.63,6894.49,6913.07,20230502084550pdf_1-14 Mei 2023.pdf + 20230515015637pdf_15-31 Mei 2023.pdf
2023,06,1,APT PRANOTO,SAMARINDA,AAP,89.07,14535.78,14574.96,20230601071059pdf_1-14 Juni 2023.pdf + 20230615023759pdf_15-30 Juni 2023.pdf
2023,06,2,PATTIMURA,AMBON,AMQ,89.53,14624.82,14664.24,20230601071059pdf_1-14 Juni 2023.pdf + 20230615023759pdf_15-30 Juni 2023.pdf
2023,06,3,SYAMSUDDIN NOOR,BANJARMASIN,BDJ,89.07,14535.78,14574.96,20230601071059pdf_1-14 Juni 2023.pdf + 20230615023759pdf_15-30 Juni 2023.pdf
2023,06,4,HUSEIN SASTRANEGARA,BANDUNG,BDO,85.63,13979.28,14016.96,20230601071059pdf_1-14 Juni 2023.pdf + 20230615023759pdf_15-30 Juni 2023.pdf
2023,06,5,FRANS KAISIEPO,BIAK,BIK,89.53,14624.82,14664.24,20230601071059pdf_1-14 Juni 2023.pdf + 20230615023759pdf_15-30 Juni 2023.pdf
2023,06,6,FATMAWATI SOEKARNOPUTRI,BENGKULU,BKS,87.67,14346.57,14385.24,20230601071059pdf_1-14 Juni 2023.pdf + 20230615023759pdf_15-30 Juni 2023.pdf
2023,06,7,M. SALAHUDDIN,BIMA,BMU,89.43,14602.56,14641.92,20230601071059pdf_1-14 Juni 2023.pdf + 20230615023759pdf_15-30 Juni 2023.pdf
2023,06,8,SEPINGGAN,BALIKPAPAN,BPN,87.43,14257.53,14295.96,20230601071059pdf_1-14 Juni 2023.pdf + 20230615023759pdf_15-30 Juni 2023.pdf
2023,06,9,HANG NADIM,BATAM,BTH,86.83,12768.19,12806.38,20230601071059pdf_1-14 Juni 2023.pdf + 20230615023759pdf_15-30 Juni 2023.pdf
2023,06,10,SULTAN ISKANDAR MUDA,BANDA ACEH,BTJ,87.53,14279.79,14318.28,20230601071059pdf_1-14 Juni 2023.pdf + 20230615023759pdf_15-30 Juni 2023.pdf
2023,06,11,SOEKARNO HATTA,CENGKARENG,CGK,72.18,11753.28,11784.96,20230601071059pdf_1-14 Juni 2023.pdf + 20230615023759pdf_15-30 Juni 2023.pdf
2023,06,12,TUNGGUL WULUNG,CILACAP,CXP,88.63,14469.00,14508.00,20230601071059pdf_1-14 Juni 2023.pdf + 20230615023759pdf_15-30 Juni 2023.pdf
2023,06,13,SULTAN THAHA,JAMBI,DJB,87.93,14391.09,14429.88,20230601071059pdf_1-14 Juni 2023.pdf + 20230615023759pdf_15-30 Juni 2023.pdf
2023,06,14,SENTANI,JAYAPURA,DJJ,89.73,14602.56,14641.92,20230601071059pdf_1-14 Juni 2023.pdf + 20230615023759pdf_15-30 Juni 2023.pdf
2023,06,15,NGURAH RAI,DENPASAR,DPS,88.53,14413.35,14452.20,20230601071059pdf_1-14 Juni 2023.pdf + 20230615023759pdf_15-30 Juni 2023.pdf
2023,06,16,PINANG KAMPAI,DUMAI,DUM,87.53,14279.79,14318.28,20230601071059pdf_1-14 Juni 2023.pdf + 20230615023759pdf_15-30 Juni 2023.pdf
2023,06,17,H. AROEBOESMAN,ENDE,ENE,89.43,14602.56,14641.92,20230601071059pdf_1-14 Juni 2023.pdf + 20230615023759pdf_15-30 Juni 2023.pdf
2023,06,18,JALALUDDIN,GORONTALO,GTO,89.53,14624.82,14664.24,20230601071059pdf_1-14 Juni 2023.pdf + 20230615023759pdf_15-30 Juni 2023.pdf
2023,06,19,HALIM PERDANAKUSUMA,JAKARTA,HLP,79.63,12977.58,13012.56,20230601071059pdf_1-14 Juni 2023.pdf + 20230615023759pdf_15-30 Juni 2023.pdf
2023,06,20,ADISUCIPTO,YOGYAKARTA,JOG,88.43,14424.48,14463.36,20230601071059pdf_1-14 Juni 2023.pdf + 20230615023759pdf_15-30 Juni 2023.pdf
2023,06,21,WOLTER MONGINSIDI,KENDARI,KDI,89.53,14624.82,14664.24,20230601071059pdf_1-14 Juni 2023.pdf + 20230615023759pdf_15-30 Juni 2023.pdf
2023,06,22,UTAROM,KAIMANA,KNG,89.53,14624.82,14664.24,20230601071059pdf_1-14 Juni 2023.pdf + 20230615023759pdf_15-30 Juni 2023.pdf
2023,06,23,ELTARI,KUPANG,KOE,86.13,14023.80,14061.60,20230601071059pdf_1-14 Juni 2023.pdf + 20230615023759pdf_15-30 Juni 2023.pdf
2023,06,24,LOMBOK INTERNATIONAL,MATARAM,LOP,88.83,14502.39,14541.48,20230601071059pdf_1-14 Juni 2023.pdf + 20230615023759pdf_15-30 Juni 2023.pdf
2023,06,25,BUBUNG,LUWUK,LUW,89.53,14624.82,14664.24,20230601071059pdf_1-14 Juni 2023.pdf + 20230615023759pdf_15-30 Juni 2023.pdf
2023,06,26,SAM RATULANGI,MANADO,MDC,89.53,14624.82,14664.24,20230601071059pdf_1-14 Juni 2023.pdf + 20230615023759pdf_15-30 Juni 2023.pdf
2023,06,27,POLONIA,MEDAN,MES,87.53,14279.79,14318.28,20230601071059pdf_1-14 Juni 2023.pdf + 20230615023759pdf_15-30 Juni 2023.pdf
2023,06,28,MOPAH,MERAUKE,MKQ,89.53,14624.82,14664.24,20230601071059pdf_1-14 Juni 2023.pdf + 20230615023759pdf_15-30 Juni 2023.pdf
2023,06,29,RENDANI,MANOKWARI,MKW,89.53,14624.82,14664.24,20230601071059pdf_1-14 Juni 2023.pdf + 20230615023759pdf_15-30 Juni 2023.pdf
2023,06,30,KERTAJATI,MAJALENGKA,KJT,78.93,12866.28,12900.96,20230601071059pdf_1-14 Juni 2023.pdf + 20230615023759pdf_15-30 Juni 2023.pdf
2023,06,31,ABDURACHMAN SALEH,MALANG,MLG,88.73,14491.26,14530.32,20230601071059pdf_1-14 Juni 2023.pdf + 20230615023759pdf_15-30 Juni 2023.pdf
2023,06,32,WAI OTI,MAUMERE,MOF,89.43,14602.56,14641.92,20230601071059pdf_1-14 Juni 2023.pdf + 20230615023759pdf_15-30 Juni 2023.pdf
2023,06,33,PANIAI,NABIRE,NBX,89.53,14624.82,14664.24,20230601071059pdf_1-14 Juni 2023.pdf + 20230615023759pdf_15-30 Juni 2023.pdf
2023,06,34,RANAI,NATUNA,NTX,87.53,14279.79,14318.28,20230601071059pdf_1-14 Juni 2023.pdf + 20230615023759pdf_15-30 Juni 2023.pdf
2023,06,35,PONDOK CABE,JAKARTA,PCB,88.93,14524.65,14563.80,20230601071059pdf_1-14 Juni 2023.pdf + 20230615023759pdf_15-30 Juni 2023.pdf
2023,06,36,MINANGKABAU,PADANG,PDG,87.53,14168.49,14206.68,20230601071059pdf_1-14 Juni 2023.pdf + 20230615023759pdf_15-30 Juni 2023.pdf
2023,06,37,DEPATI AMIR,PANGKAL PINANG,PGK,87.03,14213.01,14251.32,20230601071059pdf_1-14 Juni 2023.pdf + 20230615023759pdf_15-30 Juni 2023.pdf
2023,06,38,ISKANDAR,PANGKALAN BUN,PKN,89.07,14535.78,14574.96,20230601071059pdf_1-14 Juni 2023.pdf + 20230615023759pdf_15-30 Juni 2023.pdf
2023,06,39,SULTAN SYARIF KASIM II,PEKANBARU,PKU,87.53,14279.79,14318.28,20230601071059pdf_1-14 Juni 2023.pdf + 20230615023759pdf_15-30 Juni 2023.pdf
2023,06,40,TJILIK RIWUT,PALANGKARAYA,PKY,89.07,14535.78,14574.96,20230601071059pdf_1-14 Juni 2023.pdf + 20230615023759pdf_15-30 Juni 2023.pdf
2023,06,41,SULTAN MAHMUD BADARUDDIN II,PALEMBANG,PLM,87.03,14213.01,14251.32,20230601071059pdf_1-14 Juni 2023.pdf + 20230615023759pdf_15-30 Juni 2023.pdf
2023,06,42,MUTIARA,PALU,PLW,89.53,14624.82,14664.24,20230601071059pdf_1-14 Juni 2023.pdf + 20230615023759pdf_15-30 Juni 2023.pdf
2023,06,43,SUPADIO,PONTIANAK,PNK,89.07,14535.78,14574.96,20230601071059pdf_1-14 Juni 2023.pdf + 20230615023759pdf_15-30 Juni 2023.pdf
2023,06,44,H. ASAN,SAMPIT,SMQ,89.07,14535.78,14574.96,20230601071059pdf_1-14 Juni 2023.pdf + 20230615023759pdf_15-30 Juni 2023.pdf
2023,06,45,ADISUMARMO,SOLO,SOC,88.63,14469.00,14508.00,20230601071059pdf_1-14 Juni 2023.pdf + 20230615023759pdf_15-30 Juni 2023.pdf
2023,06,46,SORONG DARATAN,SORONG,SOQ,89.53,14624.82,14664.24,20230601071059pdf_1-14 Juni 2023.pdf + 20230615023759pdf_15-30 Juni 2023.pdf
2023,06,47,ACHMAD YANI,SEMARANG,SRG,87.77,14313.18,14351.76,20230601071059pdf_1-14 Juni 2023.pdf + 20230615023759pdf_15-30 Juni 2023.pdf
2023,06,48,JUANDA,SURABAYA,SUB,85.83,13979.28,14016.96,20230601071059pdf_1-14 Juni 2023.pdf + 20230615023759pdf_15-30 Juni 2023.pdf
2023,06,49,RADEN INTEN II,BANDAR LAMPUNG,TKG,86.23,14224.14,14262.48,20230601071059pdf_1-14 Juni 2023.pdf + 20230615023759pdf_15-30 Juni 2023.pdf
2023,06,50,KIJANG,TANJUNG PINANG,TNJ,88.13,14402.22,14441.04,20230601071059pdf_1-14 Juni 2023.pdf + 20230615023759pdf_15-30 Juni 2023.pdf
2023,06,51,JUWATA,TARAKAN,TRK,89.07,14535.78,14574.96,20230601071059pdf_1-14 Juni 2023.pdf + 20230615023759pdf_15-30 Juni 2023.pdf
2023,06,52,BABULLAH,TERNATE,TTE,89.53,14624.82,14664.24,20230601071059pdf_1-14 Juni 2023.pdf + 20230615023759pdf_15-30 Juni 2023.pdf
2023,06,53,HASANUDDIN,UJUNG PANDANG,UPG,89.33,14546.91,14586.12,20230601071059pdf_1-14 Juni 2023.pdf + 20230615023759pdf_15-30 Juni 2023.pdf
2023,06,54,MAU HAU,WAINGAPU,WGP,89.43,14602.56,14641.92,20230601071059pdf_1-14 Juni 2023.pdf + 20230615023759pdf_15-30 Juni 2023.pdf
2023,06,55,ISWAHYUDI,MADIUN,WIAR (ICAO),89.03,14558.04,14597.28,20230601071059pdf_1-14 Juni 2023.pdf + 20230615023759pdf_15-30 Juni 2023.pdf
2023,06,56,DUMATUBUN,TUAL,LUV,89.53,14624.82,14664.24,20230601071059pdf_1-14 Juni 2023.pdf + 20230615023759pdf_15-30 Juni 2023.pdf
2023,06,57,SILANGIT,SIBORONG-BORONG,DTB,87.03,14213.01,14251.32,20230601071059pdf_1-14 Juni 2023.pdf + 20230615023759pdf_15-30 Juni 2023.pdf
2023,06,58,KALIMARAU,BERAU,BEJ,89.07,14535.78,14574.96,20230601071059pdf_1-14 Juni 2023.pdf + 20230615023759pdf_15-30 Juni 2023.pdf
2023,06,59,KOMODO,LABUAN BAJO,LBJ,89.43,14602.56,14641.92,20230601071059pdf_1-14 Juni 2023.pdf + 20230615023759pdf_15-30 Juni 2023.pdf
2023,06,60,KUALANAMU,DELI SERDANG,KNO,87.23,14201.88,14240.16,20230601071059pdf_1-14 Juni 2023.pdf + 20230615023759pdf_15-30 Juni 2023.pdf
2023,06,61,TAMPA PADANG,MAMUJU,MJU,89.63,14624.82,14664.24,20230601071059pdf_1-14 Juni 2023.pdf + 20230615023759pdf_15-30 Juni 2023.pdf
2023,06,62,F.L. TOBING,PINANGSORI,FLZ,87.53,14279.79,14318.28,20230601071059pdf_1-14 Juni 2023.pdf + 20230615023759pdf_15-30 Juni 2023.pdf
2023,06,63,MOZES KILANGIN,TIMIKA,TIM,89.53,14624.82,14664.24,20230601071059pdf_1-14 Juni 2023.pdf + 20230615023759pdf_15-30 Juni 2023.pdf
2023,06,64,H.A.S. HANANDJOEDDIN,TANJUNG PANDAN,TJQ,87.83,14368.83,14407.56,20230601071059pdf_1-14 Juni 2023.pdf + 20230615023759pdf_15-30 Juni 2023.pdf
2023,06,65,BLIMBINGSARI,BANYUWANGI,BWX,89.43,14602.56,14641.92,20230601071059pdf_1-14 Juni 2023.pdf + 20230615023759pdf_15-30 Juni 2023.pdf
2023,06,66,TAMBOLAKA,SUMBA BARAT,TMC,89.07,14580.30,14619.60,20230601071059pdf_1-14 Juni 2023.pdf + 20230615023759pdf_15-30 Juni 2023.pdf
2023,06,67,BINAKA,GUNUNGSITOLI,GNS,87.53,14279.79,14318.28,20230601071059pdf_1-14 Juni 2023.pdf + 20230615023759pdf_15-30 Juni 2023.pdf
2023,06,68,KULONPROGO,YOGYAKARTA,YIA,88.43,14435.61,14474.52,20230601071059pdf_1-14 Juni 2023.pdf + 20230615023759pdf_15-30 Juni 2023.pdf
2023,06,69,KUABANG,HALMAHERA UTARA,KAZ,89.43,14624.82,14664.24,20230601071059pdf_1-14 Juni 2023.pdf + 20230615023759pdf_15-30 Juni 2023.pdf
2023,06,70,JENDERAL BESAR SOEDIRMAN,PURBALINGGA,PWL,88.63,14469.00,14508.00,20230601071059pdf_1-14 Juni 2023.pdf + 20230615023759pdf_15-30 Juni 2023.pdf
2023,06,71,MATHILDA BATLAYERI,SAUMLAKI,SXK,89.03,14624.82,14664.24,20230601071059pdf_1-14 Juni 2023.pdf + 20230615023759pdf_15-30 Juni 2023.pdf
2023,06,72,BUDIARTO,CURUG,BTO,88.63,14546.91,14586.12,20230601071059pdf_1-14 Juni 2023.pdf + 20230615023759pdf_15-30 Juni 2023.pdf
2023,07,1,APT PRANOTO,SAMARINDA,AAP,89.29,14677.60,14717.16,20230630085810pdf_1-14 Juli 2023.pdf + 20230714233750pdf_15-31 Juli 2023.pdf
2023,07,2,PATTIMURA,AMBON,AMQ,89.47,14713.86,14753.52,20230630085810pdf_1-14 Juli 2023.pdf + 20230714233750pdf_15-31 Juli 2023.pdf
2023,07,3,SYAMSUDDIN NOOR,BANJARMASIN,BDJ,89.29,14677.60,14717.16,20230630085810pdf_1-14 Juli 2023.pdf + 20230714233750pdf_15-31 Juli 2023.pdf
2023,07,4,HUSEIN SASTRANEGARA,BANDUNG,BDO,86.65,14245.68,14284.08,20230630085810pdf_1-14 Juli 2023.pdf + 20230714233750pdf_15-31 Juli 2023.pdf
2023,07,5,FRANS KAISIEPO,BIAK,BIK,89.47,14713.86,14753.52,20230630085810pdf_1-14 Juli 2023.pdf + 20230714233750pdf_15-31 Juli 2023.pdf
2023,07,6,FATMAWATI SOEKARNOPUTRI,BENGKULU,BKS,88.04,14510.65,14549.76,20230630085810pdf_1-14 Juli 2023.pdf + 20230714233750pdf_15-31 Juli 2023.pdf
2023,07,7,M. SALAHUDDIN,BIMA,BMU,89.47,14713.86,14753.52,20230630085810pdf_1-14 Juli 2023.pdf + 20230714233750pdf_15-31 Juli 2023.pdf
2023,07,8,SEPINGGAN,BALIKPAPAN,BPN,87.64,14399.35,14438.16,20230630085810pdf_1-14 Juli 2023.pdf + 20230714233750pdf_15-31 Juli 2023.pdf
2023,07,9,HANG NADIM,BATAM,BTH,87.24,12916.05,12954.68,20230630085810pdf_1-14 Juli 2023.pdf + 20230714233750pdf_15-31 Juli 2023.pdf
2023,07,10,SULTAN ISKANDAR MUDA,BANDA ACEH,BTJ,87.89,14443.87,14482.80,20230630085810pdf_1-14 Juli 2023.pdf + 20230714233750pdf_15-31 Juli 2023.pdf
2023,07,11,SOEKARNO HATTA,CENGKARENG,CGK,73.31,12019.68,12052.08,20230630085810pdf_1-14 Juli 2023.pdf + 20230714233750pdf_15-31 Juli 2023.pdf
2023,07,12,TUNGGUL WULUNG,CILACAP,CXP,89.04,14633.08,14672.52,20230630085810pdf_1-14 Juli 2023.pdf + 20230714233750pdf_15-31 Juli 2023.pdf
2023,07,13,SULTAN THAHA,JAMBI,DJB,88.29,14555.17,14594.40,20230630085810pdf_1-14 Juli 2023.pdf + 20230714233750pdf_15-31 Juli 2023.pdf
2023,07,14,SENTANI,JAYAPURA,DJJ,89.67,14691.60,14731.20,20230630085810pdf_1-14 Juli 2023.pdf + 20230714233750pdf_15-31 Juli 2023.pdf
2023,07,15,NGURAH RAI,DENPASAR,DPS,88.74,14555.17,14594.40,20230630085810pdf_1-14 Juli 2023.pdf + 20230714233750pdf_15-31 Juli 2023.pdf
2023,07,16,PINANG KAMPAI,DUMAI,DUM,87.89,14443.87,14482.80,20230630085810pdf_1-14 Juli 2023.pdf + 20230714233750pdf_15-31 Juli 2023.pdf
2023,07,17,H. AROEBOESMAN,ENDE,ENE,89.47,14713.86,14753.52,20230630085810pdf_1-14 Juli 2023.pdf + 20230714233750pdf_15-31 Juli 2023.pdf
2023,07,18,JALALUDDIN,GORONTALO,GTO,89.47,14713.86,14753.52,20230630085810pdf_1-14 Juli 2023.pdf + 20230714233750pdf_15-31 Juli 2023.pdf
2023,07,19,HALIM PERDANAKUSUMA,JAKARTA,HLP,80.65,13243.98,13279.68,20230630085810pdf_1-14 Juli 2023.pdf + 20230714233750pdf_15-31 Juli 2023.pdf
2023,07,20,ADISUCIPTO,YOGYAKARTA,JOG,88.79,14588.56,14627.88,20230630085810pdf_1-14 Juli 2023.pdf + 20230714233750pdf_15-31 Juli 2023.pdf
2023,07,21,WOLTER MONGINSIDI,KENDARI,KDI,89.47,14713.86,14753.52,20230630085810pdf_1-14 Juli 2023.pdf + 20230714233750pdf_15-31 Juli 2023.pdf
2023,07,22,UTAROM,KAIMANA,KNG,89.47,14713.86,14753.52,20230630085810pdf_1-14 Juli 2023.pdf + 20230714233750pdf_15-31 Juli 2023.pdf
2023,07,23,ELTARI,KUPANG,KOE,86.44,14165.62,14203.80,20230630085810pdf_1-14 Juli 2023.pdf + 20230714233750pdf_15-31 Juli 2023.pdf
2023,07,24,LOMBOK INTERNATIONAL,MATARAM,LOP,89.09,14644.21,14683.68,20230630085810pdf_1-14 Juli 2023.pdf + 20230714233750pdf_15-31 Juli 2023.pdf
2023,07,25,BUBUNG,LUWUK,LUW,89.47,14713.86,14753.52,20230630085810pdf_1-14 Juli 2023.pdf + 20230714233750pdf_15-31 Juli 2023.pdf
2023,07,26,SAM RATULANGI,MANADO,MDC,89.47,14713.86,14753.52,20230630085810pdf_1-14 Juli 2023.pdf + 20230714233750pdf_15-31 Juli 2023.pdf
2023,07,27,POLONIA,MEDAN,MES,87.89,14443.87,14482.80,20230630085810pdf_1-14 Juli 2023.pdf + 20230714233750pdf_15-31 Juli 2023.pdf
2023,07,28,MOPAH,MERAUKE,MKQ,89.47,14713.86,14753.52,20230630085810pdf_1-14 Juli 2023.pdf + 20230714233750pdf_15-31 Juli 2023.pdf
2023,07,29,RENDANI,MANOKWARI,MKW,89.47,14713.86,14753.52,20230630085810pdf_1-14 Juli 2023.pdf + 20230714233750pdf_15-31 Juli 2023.pdf
2023,07,30,KERTAJATI,MAJALENGKA,KJT,79.95,13132.68,13168.08,20230630085810pdf_1-14 Juli 2023.pdf + 20230714233750pdf_15-31 Juli 2023.pdf
2023,07,31,ABDURACHMAN SALEH,MALANG,MLG,88.99,14633.08,14672.52,20230630085810pdf_1-14 Juli 2023.pdf + 20230714233750pdf_15-31 Juli 2023.pdf
2023,07,32,WAI OTI,MAUMERE,MOF,89.47,14713.86,14753.52,20230630085810pdf_1-14 Juli 2023.pdf + 20230714233750pdf_15-31 Juli 2023.pdf
2023,07,33,PANIAI,NABIRE,NBX,89.47,14713.86,14753.52,20230630085810pdf_1-14 Juli 2023.pdf + 20230714233750pdf_15-31 Juli 2023.pdf
2023,07,34,RANAI,NATUNA,NTX,87.89,14443.87,14482.80,20230630085810pdf_1-14 Juli 2023.pdf + 20230714233750pdf_15-31 Juli 2023.pdf
2023,07,35,PONDOK CABE,JAKARTA,PCB,89.18,14659.29,14698.80,20230630085810pdf_1-14 Juli 2023.pdf + 20230714233750pdf_15-31 Juli 2023.pdf
2023,07,36,MINANGKABAU,PADANG,PDG,87.89,14332.57,14371.20,20230630085810pdf_1-14 Juli 2023.pdf + 20230714233750pdf_15-31 Juli 2023.pdf
2023,07,37,DEPATI AMIR,PANGKAL PINANG,PGK,87.44,14377.09,14415.84,20230630085810pdf_1-14 Juli 2023.pdf + 20230714233750pdf_15-31 Juli 2023.pdf
2023,07,38,ISKANDAR,PANGKALAN BUN,PKN,89.29,14677.60,14717.16,20230630085810pdf_1-14 Juli 2023.pdf + 20230714233750pdf_15-31 Juli 2023.pdf
2023,07,39,SULTAN SYARIF KASIM II,PEKANBARU,PKU,87.89,14443.87,14482.80,20230630085810pdf_1-14 Juli 2023.pdf + 20230714233750pdf_15-31 Juli 2023.pdf
2023,07,40,TJILIK RIWUT,PALANGKARAYA,PKY,89.29,14677.60,14717.16,20230630085810pdf_1-14 Juli 2023.pdf + 20230714233750pdf_15-31 Juli 2023.pdf
2023,07,41,SULTAN MAHMUD BADARUDDIN II,PALEMBANG,PLM,87.44,14377.09,14415.84,20230630085810pdf_1-14 Juli 2023.pdf + 20230714233750pdf_15-31 Juli 2023.pdf
2023,07,42,MUTIARA,PALU,PLW,89.47,14713.86,14753.52,20230630085810pdf_1-14 Juli 2023.pdf + 20230714233750pdf_15-31 Juli 2023.pdf
2023,07,43,SUPADIO,PONTIANAK,PNK,89.29,14677.60,14717.16,20230630085810pdf_1-14 Juli 2023.pdf + 20230714233750pdf_15-31 Juli 2023.pdf
2023,07,44,H. ASAN,SAMPIT,SMQ,89.29,14677.60,14717.16,20230630085810pdf_1-14 Juli 2023.pdf + 20230714233750pdf_15-31 Juli 2023.pdf
2023,07,45,ADISUMARMO,SOLO,SOC,89.04,14633.08,14672.52,20230630085810pdf_1-14 Juli 2023.pdf + 20230714233750pdf_15-31 Juli 2023.pdf
2023,07,46,SORONG DARATAN,SORONG,SOQ,89.47,14713.86,14753.52,20230630085810pdf_1-14 Juli 2023.pdf + 20230714233750pdf_15-31 Juli 2023.pdf
2023,07,47,ACHMAD YANI,SEMARANG,SRG,88.19,14477.26,14516.28,20230630085810pdf_1-14 Juli 2023.pdf + 20230714233750pdf_15-31 Juli 2023.pdf
2023,07,48,JUANDA,SURABAYA,SUB,86.09,14121.10,14159.16,20230630085810pdf_1-14 Juli 2023.pdf + 20230714233750pdf_15-31 Juli 2023.pdf
2023,07,49,RADEN INTEN II,BANDAR LAMPUNG,TKG,86.69,14388.22,14427.00,20230630085810pdf_1-14 Juli 2023.pdf + 20230714233750pdf_15-31 Juli 2023.pdf
2023,07,50,KIJANG,TANJUNG PINANG,TNJ,88.54,14566.30,14605.56,20230630085810pdf_1-14 Juli 2023.pdf + 20230714233750pdf_15-31 Juli 2023.pdf
2023,07,51,JUWATA,TARAKAN,TRK,89.29,14677.60,14717.16,20230630085810pdf_1-14 Juli 2023.pdf + 20230714233750pdf_15-31 Juli 2023.pdf
2023,07,52,BABULLAH,TERNATE,TTE,89.47,14713.86,14753.52,20230630085810pdf_1-14 Juli 2023.pdf + 20230714233750pdf_15-31 Juli 2023.pdf
2023,07,53,HASANUDDIN,UJUNG PANDANG,UPG,89.27,14635.95,14675.40,20230630085810pdf_1-14 Juli 2023.pdf + 20230714233750pdf_15-31 Juli 2023.pdf
2023,07,54,MAU HAU,WAINGAPU,WGP,89.47,14713.86,14753.52,20230630085810pdf_1-14 Juli 2023.pdf + 20230714233750pdf_15-31 Juli 2023.pdf
2023,07,55,ISWAHYUDI,MADIUN,WIAR (ICAO),89.24,14693.75,14733.36,20230630085810pdf_1-14 Juli 2023.pdf + 20230714233750pdf_15-31 Juli 2023.pdf
2023,07,56,DUMATUBUN,TUAL,LUV,89.47,14713.86,14753.52,20230630085810pdf_1-14 Juli 2023.pdf + 20230714233750pdf_15-31 Juli 2023.pdf
2023,07,57,SILANGIT,SIBORONG-BORONG,DTB,87.49,14377.09,14415.84,20230630085810pdf_1-14 Juli 2023.pdf + 20230714233750pdf_15-31 Juli 2023.pdf
2023,07,58,KALIMARAU,BERAU,BEJ,89.29,14677.60,14717.16,20230630085810pdf_1-14 Juli 2023.pdf + 20230714233750pdf_15-31 Juli 2023.pdf
2023,07,59,KOMODO,LABUAN BAJO,LBJ,89.47,14713.86,14753.52,20230630085810pdf_1-14 Juli 2023.pdf + 20230714233750pdf_15-31 Juli 2023.pdf
2023,07,60,KUALANAMU,DELI SERDANG,KNO,87.64,14365.96,14404.68,20230630085810pdf_1-14 Juli 2023.pdf + 20230714233750pdf_15-31 Juli 2023.pdf
2023,07,61,TAMPA PADANG,MAMUJU,MJU,89.57,14713.86,14753.52,20230630085810pdf_1-14 Juli 2023.pdf + 20230714233750pdf_15-31 Juli 2023.pdf
2023,07,62,F.L. TOBING,PINANGSORI,FLZ,87.89,14443.87,14482.80,20230630085810pdf_1-14 Juli 2023.pdf + 20230714233750pdf_15-31 Juli 2023.pdf
2023,07,63,MOZES KILANGIN,TIMIKA,TIM,89.47,14713.86,14753.52,20230630085810pdf_1-14 Juli 2023.pdf + 20230714233750pdf_15-31 Juli 2023.pdf
2023,07,64,H.A.S. HANANDJOEDDIN,TANJUNG PANDAN,TJQ,88.19,14532.91,14572.08,20230630085810pdf_1-14 Juli 2023.pdf + 20230714233750pdf_15-31 Juli 2023.pdf
2023,07,65,BLIMBINGSARI,BANYUWANGI,BWX,89.47,14713.86,14753.52,20230630085810pdf_1-14 Juli 2023.pdf + 20230714233750pdf_15-31 Juli 2023.pdf
2023,07,66,TAMBOLAKA,SUMBA BARAT,TMC,89.23,14703.81,14743.44,20230630085810pdf_1-14 Juli 2023.pdf + 20230714233750pdf_15-31 Juli 2023.pdf
2023,07,67,BINAKA,GUNUNGSITOLI,GNS,87.89,14443.87,14482.80,20230630085810pdf_1-14 Juli 2023.pdf + 20230714233750pdf_15-31 Juli 2023.pdf
2023,07,68,KULONPROGO,YOGYAKARTA,YIA,88.79,14599.69,14639.04,20230630085810pdf_1-14 Juli 2023.pdf + 20230714233750pdf_15-31 Juli 2023.pdf
2023,07,69,KUABANG,HALMAHERA UTARA,KAZ,89.37,14713.86,14753.52,20230630085810pdf_1-14 Juli 2023.pdf + 20230714233750pdf_15-31 Juli 2023.pdf
2023,07,70,JENDERAL BESAR SOEDIRMAN,PURBALINGGA,PWL,89.04,14633.08,14672.52,20230630085810pdf_1-14 Juli 2023.pdf + 20230714233750pdf_15-31 Juli 2023.pdf
2023,07,71,MATHILDA BATLAYERI,SAUMLAKI,SXK,88.97,14713.86,14753.52,20230630085810pdf_1-14 Juli 2023.pdf + 20230714233750pdf_15-31 Juli 2023.pdf
2023,07,72,BUDIARTO,CURUG,BTO,89.20,14681.55,14721.12,20230630085810pdf_1-14 Juli 2023.pdf + 20230714233750pdf_15-31 Juli 2023.pdf
2023,08,1,APT PRANOTO,SAMARINDA,AAP,93.21,15430.49,15472.08,20230801012421pdf_1-14 Agustus 2023.pdf + 20230815073312pdf_15-31 Agustus 2023.pdf
2023,08,2,PATTIMURA,AMBON,AMQ,93.16,15430.49,15472.08,20230801012421pdf_1-14 Agustus 2023.pdf + 20230815073312pdf_15-31 Agustus 2023.pdf
2023,08,3,SYAMSUDDIN NOOR,BANJARMASIN,BDJ,93.21,15430.49,15472.08,20230801012421pdf_1-14 Agustus 2023.pdf + 20230815073312pdf_15-31 Agustus 2023.pdf
2023,08,4,HUSEIN SASTRANEGARA,BANDUNG,BDO,92.02,15234.82,15275.88,20230801012421pdf_1-14 Agustus 2023.pdf + 20230815073312pdf_15-31 Agustus 2023.pdf
2023,08,5,FRANS KAISIEPO,BIAK,BIK,93.16,15430.49,15472.08,20230801012421pdf_1-14 Agustus 2023.pdf + 20230815073312pdf_15-31 Agustus 2023.pdf
2023,08,6,FATMAWATI SOEKARNOPUTRI,BENGKULU,BKS,92.48,15350.78,15392.16,20230801012421pdf_1-14 Agustus 2023.pdf + 20230815073312pdf_15-31 Agustus 2023.pdf
2023,08,7,M. SALAHUDDIN,BIMA,BMU,93.16,15430.49,15472.08,20230801012421pdf_1-14 Agustus 2023.pdf + 20230815073312pdf_15-31 Agustus 2023.pdf
2023,08,8,SEPINGGAN,BALIKPAPAN,BPN,92.09,15241.64,15282.72,20230801012421pdf_1-14 Agustus 2023.pdf + 20230815073312pdf_15-31 Agustus 2023.pdf
2023,08,9,HANG NADIM,BATAM,BTH,92.12,13739.16,13780.25,20230801012421pdf_1-14 Agustus 2023.pdf + 20230815073312pdf_15-31 Agustus 2023.pdf
2023,08,10,SULTAN ISKANDAR MUDA,BANDA ACEH,BTJ,92.66,15332.83,15374.16,20230801012421pdf_1-14 Agustus 2023.pdf + 20230815073312pdf_15-31 Agustus 2023.pdf
2023,08,11,SOEKARNO HATTA,CENGKARENG,CGK,80.53,13307.89,13343.76,20230801012421pdf_1-14 Agustus 2023.pdf + 20230815073312pdf_15-31 Agustus 2023.pdf
2023,08,12,TUNGGUL WULUNG,CILACAP,CXP,92.96,15387.05,15428.52,20230801012421pdf_1-14 Agustus 2023.pdf + 20230815073312pdf_15-31 Agustus 2023.pdf
2023,08,13,SULTAN THAHA,JAMBI,DJB,92.78,15395.30,15436.80,20230801012421pdf_1-14 Agustus 2023.pdf + 20230815073312pdf_15-31 Agustus 2023.pdf
2023,08,14,SENTANI,JAYAPURA,DJJ,93.36,15408.23,15449.76,20230801012421pdf_1-14 Agustus 2023.pdf + 20230815073312pdf_15-31 Agustus 2023.pdf
2023,08,15,NGURAH RAI,DENPASAR,DPS,92.78,15333.55,15374.88,20230801012421pdf_1-14 Agustus 2023.pdf + 20230815073312pdf_15-31 Agustus 2023.pdf
2023,08,16,PINANG KAMPAI,DUMAI,DUM,92.66,15332.83,15374.16,20230801012421pdf_1-14 Agustus 2023.pdf + 20230815073312pdf_15-31 Agustus 2023.pdf
2023,08,17,H. AROEBOESMAN,ENDE,ENE,93.16,15430.49,15472.08,20230801012421pdf_1-14 Agustus 2023.pdf + 20230815073312pdf_15-31 Agustus 2023.pdf
2023,08,18,JALALUDDIN,GORONTALO,GTO,93.16,15430.49,15472.08,20230801012421pdf_1-14 Agustus 2023.pdf + 20230815073312pdf_15-31 Agustus 2023.pdf
2023,08,19,HALIM PERDANAKUSUMA,JAKARTA,HLP,87.83,14532.19,14571.36,20230801012421pdf_1-14 Agustus 2023.pdf + 20230815073312pdf_15-31 Agustus 2023.pdf
2023,08,20,ADISUCIPTO,YOGYAKARTA,JOG,92.88,15366.94,15408.36,20230801012421pdf_1-14 Agustus 2023.pdf + 20230815073312pdf_15-31 Agustus 2023.pdf
2023,08,21,WOLTER MONGINSIDI,KENDARI,KDI,93.16,15430.49,15472.08,20230801012421pdf_1-14 Agustus 2023.pdf + 20230815073312pdf_15-31 Agustus 2023.pdf
2023,08,22,UTAROM,KAIMANA,KNG,93.16,15430.49,15472.08,20230801012421pdf_1-14 Agustus 2023.pdf + 20230815073312pdf_15-31 Agustus 2023.pdf
2023,08,23,ELTARI,KUPANG,KOE,90.63,14966.26,15006.60,20230801012421pdf_1-14 Agustus 2023.pdf + 20230815073312pdf_15-31 Agustus 2023.pdf
2023,08,24,LOMBOK INTERNATIONAL,MATARAM,LOP,93.07,15410.38,15451.92,20230801012421pdf_1-14 Agustus 2023.pdf + 20230815073312pdf_15-31 Agustus 2023.pdf
2023,08,25,BUBUNG,LUWUK,LUW,93.16,15430.49,15472.08,20230801012421pdf_1-14 Agustus 2023.pdf + 20230815073312pdf_15-31 Agustus 2023.pdf
2023,08,26,SAM RATULANGI,MANADO,MDC,93.16,15430.49,15472.08,20230801012421pdf_1-14 Agustus 2023.pdf + 20230815073312pdf_15-31 Agustus 2023.pdf
2023,08,27,POLONIA,MEDAN,MES,92.66,15332.83,15374.16,20230801012421pdf_1-14 Agustus 2023.pdf + 20230815073312pdf_15-31 Agustus 2023.pdf
2023,08,28,MOPAH,MERAUKE,MKQ,93.16,15430.49,15472.08,20230801012421pdf_1-14 Agustus 2023.pdf + 20230815073312pdf_15-31 Agustus 2023.pdf
2023,08,29,RENDANI,MANOKWARI,MKW,93.16,15430.49,15472.08,20230801012421pdf_1-14 Agustus 2023.pdf + 20230815073312pdf_15-31 Agustus 2023.pdf
2023,08,30,KERTAJATI,MAJALENGKA,KJT,87.13,14420.89,14459.76,20230801012421pdf_1-14 Agustus 2023.pdf + 20230815073312pdf_15-31 Agustus 2023.pdf
2023,08,31,ABDURACHMAN SALEH,MALANG,MLG,93.16,15430.49,15472.08,20230801012421pdf_1-14 Agustus 2023.pdf + 20230815073312pdf_15-31 Agustus 2023.pdf
2023,08,32,WAI OTI,MAUMERE,MOF,93.16,15430.49,15472.08,20230801012421pdf_1-14 Agustus 2023.pdf + 20230815073312pdf_15-31 Agustus 2023.pdf
2023,08,33,PANIAI,NABIRE,NBX,93.16,15430.49,15472.08,20230801012421pdf_1-14 Agustus 2023.pdf + 20230815073312pdf_15-31 Agustus 2023.pdf
2023,08,34,RANAI,NATUNA,NTX,92.66,15332.83,15374.16,20230801012421pdf_1-14 Agustus 2023.pdf + 20230815073312pdf_15-31 Agustus 2023.pdf
2023,08,35,PONDOK CABE,JAKARTA,PCB,93.16,15430.49,15472.08,20230801012421pdf_1-14 Agustus 2023.pdf + 20230815073312pdf_15-31 Agustus 2023.pdf
2023,08,36,MINANGKABAU,PADANG,PDG,92.66,15258.15,15299.28,20230801012421pdf_1-14 Agustus 2023.pdf + 20230815073312pdf_15-31 Agustus 2023.pdf
2023,08,37,DEPATI AMIR,PANGKAL PINANG,PGK,92.27,15278.26,15319.44,20230801012421pdf_1-14 Agustus 2023.pdf + 20230815073312pdf_15-31 Agustus 2023.pdf
2023,08,38,ISKANDAR,PANGKALAN BUN,PKN,93.21,15430.49,15472.08,20230801012421pdf_1-14 Agustus 2023.pdf + 20230815073312pdf_15-31 Agustus 2023.pdf
2023,08,39,SULTAN SYARIF KASIM II,PEKANBARU,PKU,92.66,15332.83,15374.16,20230801012421pdf_1-14 Agustus 2023.pdf + 20230815073312pdf_15-31 Agustus 2023.pdf
2023,08,40,TJILIK RIWUT,PALANGKARAYA,PKY,93.21,15430.49,15472.08,20230801012421pdf_1-14 Agustus 2023.pdf + 20230815073312pdf_15-31 Agustus 2023.pdf
2023,08,41,SULTAN MAHMUD BADARUDDIN II,PALEMBANG,PLM,92.27,15278.26,15319.44,20230801012421pdf_1-14 Agustus 2023.pdf + 20230815073312pdf_15-31 Agustus 2023.pdf
2023,08,42,MUTIARA,PALU,PLW,93.16,15430.49,15472.08,20230801012421pdf_1-14 Agustus 2023.pdf + 20230815073312pdf_15-31 Agustus 2023.pdf
2023,08,43,SUPADIO,PONTIANAK,PNK,93.21,15430.49,15472.08,20230801012421pdf_1-14 Agustus 2023.pdf + 20230815073312pdf_15-31 Agustus 2023.pdf
2023,08,44,H. ASAN,SAMPIT,SMQ,93.21,15430.49,15472.08,20230801012421pdf_1-14 Agustus 2023.pdf + 20230815073312pdf_15-31 Agustus 2023.pdf
2023,08,45,ADISUMARMO,SOLO,SOC,92.96,15387.05,15428.52,20230801012421pdf_1-14 Agustus 2023.pdf + 20230815073312pdf_15-31 Agustus 2023.pdf
2023,08,46,SORONG DARATAN,SORONG,SOQ,93.16,15430.49,15472.08,20230801012421pdf_1-14 Agustus 2023.pdf + 20230815073312pdf_15-31 Agustus 2023.pdf
2023,08,47,ACHMAD YANI,SEMARANG,SRG,92.39,15280.05,15321.24,20230801012421pdf_1-14 Agustus 2023.pdf + 20230815073312pdf_15-31 Agustus 2023.pdf
2023,08,48,JUANDA,SURABAYA,SUB,91.57,15126.03,15166.80,20230801012421pdf_1-14 Agustus 2023.pdf + 20230815073312pdf_15-31 Agustus 2023.pdf
2023,08,49,RADEN INTEN II,BANDAR LAMPUNG,TKG,91.08,15228.35,15269.40,20230801012421pdf_1-14 Agustus 2023.pdf + 20230815073312pdf_15-31 Agustus 2023.pdf
2023,08,50,KIJANG,TANJUNG PINANG,TNJ,92.87,15388.12,15429.60,20230801012421pdf_1-14 Agustus 2023.pdf + 20230815073312pdf_15-31 Agustus 2023.pdf
2023,08,51,JUWATA,TARAKAN,TRK,93.21,15430.49,15472.08,20230801012421pdf_1-14 Agustus 2023.pdf + 20230815073312pdf_15-31 Agustus 2023.pdf
2023,08,52,BABULLAH,TERNATE,TTE,93.16,15430.49,15472.08,20230801012421pdf_1-14 Agustus 2023.pdf + 20230815073312pdf_15-31 Agustus 2023.pdf
2023,08,53,HASANUDDIN,UJUNG PANDANG,UPG,93.16,15385.97,15427.44,20230801012421pdf_1-14 Agustus 2023.pdf + 20230815073312pdf_15-31 Agustus 2023.pdf
2023,08,54,MAU HAU,WAINGAPU,WGP,93.16,15430.49,15472.08,20230801012421pdf_1-14 Agustus 2023.pdf + 20230815073312pdf_15-31 Agustus 2023.pdf
2023,08,55,ISWAHYUDI,MADIUN,WIAR (ICAO),93.01,15430.49,15472.08,20230801012421pdf_1-14 Agustus 2023.pdf + 20230815073312pdf_15-31 Agustus 2023.pdf
2023,08,56,DUMATUBUN,TUAL,LUV,93.11,15430.49,15472.08,20230801012421pdf_1-14 Agustus 2023.pdf + 20230815073312pdf_15-31 Agustus 2023.pdf
2023,08,57,SILANGIT,SIBORONG-BORONG,DTB,92.21,15266.05,15307.20,20230801012421pdf_1-14 Agustus 2023.pdf + 20230815073312pdf_15-31 Agustus 2023.pdf
2023,08,58,KALIMARAU,BERAU,BEJ,93.21,15430.49,15472.08,20230801012421pdf_1-14 Agustus 2023.pdf + 20230815073312pdf_15-31 Agustus 2023.pdf
2023,08,59,KOMODO,LABUAN BAJO,LBJ,93.07,15415.41,15456.96,20230801012421pdf_1-14 Agustus 2023.pdf + 20230815073312pdf_15-31 Agustus 2023.pdf
2023,08,60,KUALANAMU,DELI SERDANG,KNO,92.36,15254.92,15296.04,20230801012421pdf_1-14 Agustus 2023.pdf + 20230815073312pdf_15-31 Agustus 2023.pdf
2023,08,61,TAMPA PADANG,MAMUJU,MJU,93.26,15430.49,15472.08,20230801012421pdf_1-14 Agustus 2023.pdf + 20230815073312pdf_15-31 Agustus 2023.pdf
2023,08,62,F.L. TOBING,PINANGSORI,FLZ,92.66,15332.83,15374.16,20230801012421pdf_1-14 Agustus 2023.pdf + 20230815073312pdf_15-31 Agustus 2023.pdf
2023,08,63,MOZES KILANGIN,TIMIKA,TIM,93.16,15430.49,15472.08,20230801012421pdf_1-14 Agustus 2023.pdf + 20230815073312pdf_15-31 Agustus 2023.pdf
2023,08,64,H.A.S. HANANDJOEDDIN,TANJUNG PANDAN,TJQ,92.64,15373.04,15414.48,20230801012421pdf_1-14 Agustus 2023.pdf + 20230815073312pdf_15-31 Agustus 2023.pdf
2023,08,65,BLIMBINGSARI,BANYUWANGI,BWX,93.16,15430.49,15472.08,20230801012421pdf_1-14 Agustus 2023.pdf + 20230815073312pdf_15-31 Agustus 2023.pdf
2023,08,66,TAMBOLAKA,SUMBA BARAT,TMC,92.96,15430.49,15472.08,20230801012421pdf_1-14 Agustus 2023.pdf + 20230815073312pdf_15-31 Agustus 2023.pdf
2023,08,67,BINAKA,GUNUNGSITOLI,GNS,92.66,15332.83,15374.16,20230801012421pdf_1-14 Agustus 2023.pdf + 20230815073312pdf_15-31 Agustus 2023.pdf
2023,08,68,KULONPROGO,YOGYAKARTA,YIA,92.88,15378.07,15419.52,20230801012421pdf_1-14 Agustus 2023.pdf + 20230815073312pdf_15-31 Agustus 2023.pdf
2023,08,69,KUABANG,HALMAHERA UTARA,KAZ,93.01,15430.49,15472.08,20230801012421pdf_1-14 Agustus 2023.pdf + 20230815073312pdf_15-31 Agustus 2023.pdf
2023,08,70,JENDERAL BESAR SOEDIRMAN,PURBALINGGA,PWL,92.96,15387.05,15428.52,20230801012421pdf_1-14 Agustus 2023.pdf + 20230815073312pdf_15-31 Agustus 2023.pdf
2023,08,71,MATHILDA BATLAYERI,SAUMLAKI,SXK,92.61,15430.49,15472.08,20230801012421pdf_1-14 Agustus 2023.pdf + 20230815073312pdf_15-31 Agustus 2023.pdf
2023,08,72,BUDIARTO,CURUG,BTO,93.21,6946.56,6965.28,20230801012421pdf_1-14 Agustus 2023.pdf + 20230815073312pdf_15-31 Agustus 2023.pdf
2023,09,1,APT PRANOTO,SAMARINDA,AAP,99.11,16638.61,16683.46,20230901035336pdf_1-14 September 2023.pdf + 20230914090524pdf_15-30 September 2023.pdf
2023,09,2,PATTIMURA,AMBON,AMQ,100.91,16950.25,16995.94,20230901035336pdf_1-14 September 2023.pdf + 20230914090524pdf_15-30 September 2023.pdf
2023,09,3,SYAMSUDDIN NOOR,BANJARMASIN,BDJ,99.11,16638.61,16683.46,20230901035336pdf_1-14 September 2023.pdf + 20230914090524pdf_15-30 September 2023.pdf
2023,09,4,HUSEIN SASTRANEGARA,BANDUNG,BDO,99.71,16755.10,16800.26,20230901035336pdf_1-14 September 2023.pdf + 20230914090524pdf_15-30 September 2023.pdf
2023,09,5,FRANS KAISIEPO,BIAK,BIK,100.91,16950.25,16995.94,20230901035336pdf_1-14 September 2023.pdf + 20230914090524pdf_15-30 September 2023.pdf
2023,09,6,FATMAWATI SOEKARNOPUTRI,BENGKULU,BKS,98.51,16577.02,16621.70,20230901035336pdf_1-14 September 2023.pdf + 20230914090524pdf_15-30 September 2023.pdf
2023,09,7,M. SALAHUDDIN,BIMA,BMU,98.61,16554.76,16599.38,20230901035336pdf_1-14 September 2023.pdf + 20230914090524pdf_15-30 September 2023.pdf
2023,09,8,SEPINGGAN,BALIKPAPAN,BPN,98.11,16471.66,16516.06,20230901035336pdf_1-14 September 2023.pdf + 20230914090524pdf_15-30 September 2023.pdf
2023,09,9,HANG NADIM,BATAM,BTH,98.46,14888.53,14933.06,20230901035336pdf_1-14 September 2023.pdf + 20230914090524pdf_15-30 September 2023.pdf
2023,09,10,SULTAN ISKANDAR MUDA,BANDA ACEH,BTJ,98.46,16527.31,16571.86,20230901035336pdf_1-14 September 2023.pdf + 20230914090524pdf_15-30 September 2023.pdf
2023,09,11,SOEKARNO HATTA,CENGKARENG,CGK,87.96,14751.70,14791.46,20230901035336pdf_1-14 September 2023.pdf + 20230914090524pdf_15-30 September 2023.pdf
2023,09,12,TUNGGUL WULUNG,CILACAP,CXP,99.41,16688.32,16733.30,20230901035336pdf_1-14 September 2023.pdf + 20230914090524pdf_15-30 September 2023.pdf
2023,09,13,SULTAN THAHA,JAMBI,DJB,98.51,16577.02,16621.70,20230901035336pdf_1-14 September 2023.pdf + 20230914090524pdf_15-30 September 2023.pdf
2023,09,14,SENTANI,JAYAPURA,DJJ,101.21,16950.25,16995.94,20230901035336pdf_1-14 September 2023.pdf + 20230914090524pdf_15-30 September 2023.pdf
2023,09,15,NGURAH RAI,DENPASAR,DPS,98.26,16465.72,16510.10,20230901035336pdf_1-14 September 2023.pdf + 20230914090524pdf_15-30 September 2023.pdf
2023,09,16,PINANG KAMPAI,DUMAI,DUM,98.46,16527.31,16571.86,20230901035336pdf_1-14 September 2023.pdf + 20230914090524pdf_15-30 September 2023.pdf
2023,09,17,H. AROEBOESMAN,ENDE,ENE,98.61,16554.76,16599.38,20230901035336pdf_1-14 September 2023.pdf + 20230914090524pdf_15-30 September 2023.pdf
2023,09,18,JALALUDDIN,GORONTALO,GTO,100.56,16894.60,16940.14,20230901035336pdf_1-14 September 2023.pdf + 20230914090524pdf_15-30 September 2023.pdf
2023,09,19,HALIM PERDANAKUSUMA,JAKARTA,HLP,95.16,15976.00,16019.06,20230901035336pdf_1-14 September 2023.pdf + 20230914090524pdf_15-30 September 2023.pdf
2023,09,20,ADISUCIPTO,YOGYAKARTA,JOG,99.46,16688.32,16733.30,20230901035336pdf_1-14 September 2023.pdf + 20230914090524pdf_15-30 September 2023.pdf
2023,09,21,WOLTER MONGINSIDI,KENDARI,KDI,100.56,16894.60,16940.14,20230901035336pdf_1-14 September 2023.pdf + 20230914090524pdf_15-30 September 2023.pdf
2023,09,22,UTAROM,KAIMANA,KNG,100.91,16950.25,16995.94,20230901035336pdf_1-14 September 2023.pdf + 20230914090524pdf_15-30 September 2023.pdf
2023,09,23,ELTARI,KUPANG,KOE,96.31,16120.69,16164.14,20230901035336pdf_1-14 September 2023.pdf + 20230914090524pdf_15-30 September 2023.pdf
2023,09,24,LOMBOK INTERNATIONAL,MATARAM,LOP,98.46,16532.50,16577.06,20230901035336pdf_1-14 September 2023.pdf + 20230914090524pdf_15-30 September 2023.pdf
2023,09,25,BUBUNG,LUWUK,LUW,100.56,16894.60,16940.14,20230901035336pdf_1-14 September 2023.pdf + 20230914090524pdf_15-30 September 2023.pdf
2023,09,26,SAM RATULANGI,MANADO,MDC,100.56,16894.60,16940.14,20230901035336pdf_1-14 September 2023.pdf + 20230914090524pdf_15-30 September 2023.pdf
2023,09,27,POLONIA,MEDAN,MES,98.46,16527.31,16571.86,20230901035336pdf_1-14 September 2023.pdf + 20230914090524pdf_15-30 September 2023.pdf
2023,09,28,MOPAH,MERAUKE,MKQ,100.91,16950.25,16995.94,20230901035336pdf_1-14 September 2023.pdf + 20230914090524pdf_15-30 September 2023.pdf
2023,09,29,RENDANI,MANOKWARI,MKW,100.91,16950.25,16995.94,20230901035336pdf_1-14 September 2023.pdf + 20230914090524pdf_15-30 September 2023.pdf
2023,09,30,KERTAJATI,MAJALENGKA,KJT,94.51,15864.70,15907.46,20230901035336pdf_1-14 September 2023.pdf + 20230914090524pdf_15-30 September 2023.pdf
2023,09,31,ABDURACHMAN SALEH,MALANG,MLG,98.66,16565.89,16610.54,20230901035336pdf_1-14 September 2023.pdf + 20230914090524pdf_15-30 September 2023.pdf
2023,09,32,WAI OTI,MAUMERE,MOF,98.61,16554.76,16599.38,20230901035336pdf_1-14 September 2023.pdf + 20230914090524pdf_15-30 September 2023.pdf
2023,09,33,PANIAI,NABIRE,NBX,100.91,16950.25,16995.94,20230901035336pdf_1-14 September 2023.pdf + 20230914090524pdf_15-30 September 2023.pdf
2023,09,34,RANAI,NATUNA,NTX,98.46,16527.31,16571.86,20230901035336pdf_1-14 September 2023.pdf + 20230914090524pdf_15-30 September 2023.pdf
2023,09,35,PONDOK CABE,JAKARTA,PCB,100.11,16816.69,16862.02,20230901035336pdf_1-14 September 2023.pdf + 20230914090524pdf_15-30 September 2023.pdf
2023,09,36,MINANGKABAU,PADANG,PDG,98.46,16532.50,16577.06,20230901035336pdf_1-14 September 2023.pdf + 20230914090524pdf_15-30 September 2023.pdf
2023,09,37,DEPATI AMIR,PANGKAL PINANG,PGK,98.41,16527.31,16571.86,20230901035336pdf_1-14 September 2023.pdf + 20230914090524pdf_15-30 September 2023.pdf
2023,09,38,ISKANDAR,PANGKALAN BUN,PKN,99.11,16638.61,16683.46,20230901035336pdf_1-14 September 2023.pdf + 20230914090524pdf_15-30 September 2023.pdf
2023,09,39,SULTAN SYARIF KASIM II,PEKANBARU,PKU,98.46,16527.31,16571.86,20230901035336pdf_1-14 September 2023.pdf + 20230914090524pdf_15-30 September 2023.pdf
2023,09,40,TJILIK RIWUT,PALANGKARAYA,PKY,99.11,16638.61,16683.46,20230901035336pdf_1-14 September 2023.pdf + 20230914090524pdf_15-30 September 2023.pdf
2023,09,41,SULTAN MAHMUD BADARUDDIN II,PALEMBANG,PLM,98.41,16527.31,16571.86,20230901035336pdf_1-14 September 2023.pdf + 20230914090524pdf_15-30 September 2023.pdf
2023,09,42,MUTIARA,PALU,PLW,100.56,16894.60,16940.14,20230901035336pdf_1-14 September 2023.pdf + 20230914090524pdf_15-30 September 2023.pdf
2023,09,43,SUPADIO,PONTIANAK,PNK,99.11,16638.61,16683.46,20230901035336pdf_1-14 September 2023.pdf + 20230914090524pdf_15-30 September 2023.pdf
2023,09,44,H. ASAN,SAMPIT,SMQ,99.11,16638.61,16683.46,20230901035336pdf_1-14 September 2023.pdf + 20230914090524pdf_15-30 September 2023.pdf
2023,09,45,ADISUMARMO,SOLO,SOC,99.41,16688.32,16733.30,20230901035336pdf_1-14 September 2023.pdf + 20230914090524pdf_15-30 September 2023.pdf
2023,09,46,SORONG DARATAN,SORONG,SOQ,100.91,16950.25,16995.94,20230901035336pdf_1-14 September 2023.pdf + 20230914090524pdf_15-30 September 2023.pdf
2023,09,47,ACHMAD YANI,SEMARANG,SRG,99.16,16632.67,16677.50,20230901035336pdf_1-14 September 2023.pdf + 20230914090524pdf_15-30 September 2023.pdf
2023,09,48,JUANDA,SURABAYA,SUB,97.91,16398.94,16443.14,20230901035336pdf_1-14 September 2023.pdf + 20230914090524pdf_15-30 September 2023.pdf
2023,09,49,RADEN INTEN II,BANDAR LAMPUNG,TKG,97.06,16438.27,16482.58,20230901035336pdf_1-14 September 2023.pdf + 20230914090524pdf_15-30 September 2023.pdf
2023,09,50,KIJANG,TANJUNG PINANG,TNJ,98.91,16616.35,16661.14,20230901035336pdf_1-14 September 2023.pdf + 20230914090524pdf_15-30 September 2023.pdf
2023,09,51,JUWATA,TARAKAN,TRK,99.11,16638.61,16683.46,20230901035336pdf_1-14 September 2023.pdf + 20230914090524pdf_15-30 September 2023.pdf
2023,09,52,BABULLAH,TERNATE,TTE,100.91,16950.25,16995.94,20230901035336pdf_1-14 September 2023.pdf + 20230914090524pdf_15-30 September 2023.pdf
2023,09,53,HASANUDDIN,UJUNG PANDANG,UPG,100.81,16894.60,16940.14,20230901035336pdf_1-14 September 2023.pdf + 20230914090524pdf_15-30 September 2023.pdf
2023,09,54,MAU HAU,WAINGAPU,WGP,98.61,16554.76,16599.38,20230901035336pdf_1-14 September 2023.pdf + 20230914090524pdf_15-30 September 2023.pdf
2023,09,55,ISWAHYUDI,MADIUN,WIAR (ICAO),98.51,16565.89,16610.54,20230901035336pdf_1-14 September 2023.pdf + 20230914090524pdf_15-30 September 2023.pdf
2023,09,56,DUMATUBUN,TUAL,LUV,101.61,17077.87,17123.90,20230901035336pdf_1-14 September 2023.pdf + 20230914090524pdf_15-30 September 2023.pdf
2023,09,57,SILANGIT,SIBORONG-BORONG,DTB,98.41,16521.37,16565.90,20230901035336pdf_1-14 September 2023.pdf + 20230914090524pdf_15-30 September 2023.pdf
2023,09,58,KALIMARAU,BERAU,BEJ,99.11,16638.61,16683.46,20230901035336pdf_1-14 September 2023.pdf + 20230914090524pdf_15-30 September 2023.pdf
2023,09,59,KOMODO,LABUAN BAJO,LBJ,99.51,16721.71,16766.78,20230901035336pdf_1-14 September 2023.pdf + 20230914090524pdf_15-30 September 2023.pdf
2023,09,60,KUALANAMU,DELI SERDANG,KNO,98.51,16505.05,16549.54,20230901035336pdf_1-14 September 2023.pdf + 20230914090524pdf_15-30 September 2023.pdf
2023,09,61,TAMPA PADANG,MAMUJU,MJU,100.91,16933.18,16978.82,20230901035336pdf_1-14 September 2023.pdf + 20230914090524pdf_15-30 September 2023.pdf
2023,09,62,F.L. TOBING,PINANGSORI,FLZ,98.46,16527.31,16571.86,20230901035336pdf_1-14 September 2023.pdf + 20230914090524pdf_15-30 September 2023.pdf
2023,09,63,MOZES KILANGIN,TIMIKA,TIM,100.91,16950.25,16995.94,20230901035336pdf_1-14 September 2023.pdf + 20230914090524pdf_15-30 September 2023.pdf
2023,09,64,H.A.S. HANANDJOEDDIN,TANJUNG PANDAN,TJQ,99.21,16694.26,16739.26,20230901035336pdf_1-14 September 2023.pdf + 20230914090524pdf_15-30 September 2023.pdf
2023,09,65,BLIMBINGSARI,BANYUWANGI,BWX,98.61,16554.76,16599.38,20230901035336pdf_1-14 September 2023.pdf + 20230914090524pdf_15-30 September 2023.pdf
2023,09,66,TAMBOLAKA,SUMBA BARAT,TMC,101.46,17077.87,17123.90,20230901035336pdf_1-14 September 2023.pdf + 20230914090524pdf_15-30 September 2023.pdf
2023,09,67,BINAKA,GUNUNGSITOLI,GNS,98.46,16527.31,16571.86,20230901035336pdf_1-14 September 2023.pdf + 20230914090524pdf_15-30 September 2023.pdf
2023,09,68,KULONPROGO,YOGYAKARTA,YIA,99.36,16688.32,16733.30,20230901035336pdf_1-14 September 2023.pdf + 20230914090524pdf_15-30 September 2023.pdf
2023,09,69,KUABANG,HALMAHERA UTARA,KAZ,101.51,17077.87,17123.90,20230901035336pdf_1-14 September 2023.pdf + 20230914090524pdf_15-30 September 2023.pdf
2023,09,70,JENDERAL BESAR SOEDIRMAN,PURBALINGGA,PWL,99.41,16688.32,16733.30,20230901035336pdf_1-14 September 2023.pdf + 20230914090524pdf_15-30 September 2023.pdf
2023,09,71,MATHILDA BATLAYERI,SAUMLAKI,SXK,101.11,17077.87,17123.90,20230901035336pdf_1-14 September 2023.pdf + 20230914090524pdf_15-30 September 2023.pdf
2023,09,72,BUDIARTO,CURUG,BTO,99.81,,,20230901035336pdf_1-14 September 2023.pdf + 20230914090524pdf_15-30 September 2023.pdf
2023,10,1,APT PRANOTO,SAMARINDA,AAP,101.27,17194.05,17240.40,20230930080516pdf_1-14 Oktober 2023.pdf + 20231015013702pdf_15-31 Oktober 2023.pdf
2023,10,2,PATTIMURA,AMBON,AMQ,103.03,17505.69,17552.88,20230930080516pdf_1-14 Oktober 2023.pdf + 20231015013702pdf_15-31 Oktober 2023.pdf
2023,10,3,SYAMSUDDIN NOOR,BANJARMASIN,BDJ,101.27,17194.05,17240.40,20230930080516pdf_1-14 Oktober 2023.pdf + 20231015013702pdf_15-31 Oktober 2023.pdf
2023,10,4,HUSEIN SASTRANEGARA,BANDUNG,BDO,101.33,17207.70,17254.08,20230930080516pdf_1-14 Oktober 2023.pdf + 20231015013702pdf_15-31 Oktober 2023.pdf
2023,10,5,FRANS KAISIEPO,BIAK,BIK,103.03,17505.69,17552.88,20230930080516pdf_1-14 Oktober 2023.pdf + 20231015013702pdf_15-31 Oktober 2023.pdf
2023,10,6,FATMAWATI SOEKARNOPUTRI,BENGKULU,BKS,100.63,17127.27,17173.44,20230930080516pdf_1-14 Oktober 2023.pdf + 20231015013702pdf_15-31 Oktober 2023.pdf
2023,10,7,M. SALAHUDDIN,BIMA,BMU,100.73,17110.04,17156.16,20230930080516pdf_1-14 Oktober 2023.pdf + 20231015013702pdf_15-31 Oktober 2023.pdf
2023,10,8,SEPINGGAN,BALIKPAPAN,BPN,100.33,17027.10,17073.00,20230930080516pdf_1-14 Oktober 2023.pdf + 20231015013702pdf_15-31 Oktober 2023.pdf
2023,10,9,HANG NADIM,BATAM,BTH,100.63,15388.93,15434.96,20230930080516pdf_1-14 Oktober 2023.pdf + 20231015013702pdf_15-31 Oktober 2023.pdf
2023,10,10,SULTAN ISKANDAR MUDA,BANDA ACEH,BTJ,100.63,17082.75,17128.80,20230930080516pdf_1-14 Oktober 2023.pdf + 20231015013702pdf_15-31 Oktober 2023.pdf
2023,10,11,SOEKARNO HATTA,CENGKARENG,CGK,89.68,15204.30,15245.28,20230930080516pdf_1-14 Oktober 2023.pdf + 20231015013702pdf_15-31 Oktober 2023.pdf
2023,10,12,TUNGGUL WULUNG,CILACAP,CXP,101.57,17243.60,17290.08,20230930080516pdf_1-14 Oktober 2023.pdf + 20231015013702pdf_15-31 Oktober 2023.pdf
2023,10,13,SULTAN THAHA,JAMBI,DJB,100.63,17127.27,17173.44,20230930080516pdf_1-14 Oktober 2023.pdf + 20231015013702pdf_15-31 Oktober 2023.pdf
2023,10,14,SENTANI,JAYAPURA,DJJ,103.33,17505.69,17552.88,20230930080516pdf_1-14 Oktober 2023.pdf + 20231015013702pdf_15-31 Oktober 2023.pdf
2023,10,15,NGURAH RAI,DENPASAR,DPS,99.88,16929.45,16975.08,20230930080516pdf_1-14 Oktober 2023.pdf + 20231015013702pdf_15-31 Oktober 2023.pdf
2023,10,16,PINANG KAMPAI,DUMAI,DUM,100.63,17082.75,17128.80,20230930080516pdf_1-14 Oktober 2023.pdf + 20231015013702pdf_15-31 Oktober 2023.pdf
2023,10,17,H. AROEBOESMAN,ENDE,ENE,100.73,17110.04,17156.16,20230930080516pdf_1-14 Oktober 2023.pdf + 20231015013702pdf_15-31 Oktober 2023.pdf
2023,10,18,JALALUDDIN,GORONTALO,GTO,102.73,17443.94,17490.96,20230930080516pdf_1-14 Oktober 2023.pdf + 20231015013702pdf_15-31 Oktober 2023.pdf
2023,10,19,HALIM PERDANAKUSUMA,JAKARTA,HLP,96.78,16428.60,16472.88,20230930080516pdf_1-14 Oktober 2023.pdf + 20231015013702pdf_15-31 Oktober 2023.pdf
2023,10,20,ADISUCIPTO,YOGYAKARTA,JOG,101.63,17243.60,17290.08,20230930080516pdf_1-14 Oktober 2023.pdf + 20231015013702pdf_15-31 Oktober 2023.pdf
2023,10,21,WOLTER MONGINSIDI,KENDARI,KDI,102.73,17443.94,17490.96,20230930080516pdf_1-14 Oktober 2023.pdf + 20231015013702pdf_15-31 Oktober 2023.pdf
2023,10,22,UTAROM,KAIMANA,KNG,103.03,17505.69,17552.88,20230930080516pdf_1-14 Oktober 2023.pdf + 20231015013702pdf_15-31 Oktober 2023.pdf
2023,10,23,ELTARI,KUPANG,KOE,98.43,16675.97,16720.92,20230930080516pdf_1-14 Oktober 2023.pdf + 20231015013702pdf_15-31 Oktober 2023.pdf
2023,10,24,LOMBOK INTERNATIONAL,MATARAM,LOP,100.63,17087.78,17133.84,20230930080516pdf_1-14 Oktober 2023.pdf + 20231015013702pdf_15-31 Oktober 2023.pdf
2023,10,25,BUBUNG,LUWUK,LUW,102.73,17443.94,17490.96,20230930080516pdf_1-14 Oktober 2023.pdf + 20231015013702pdf_15-31 Oktober 2023.pdf
2023,10,26,SAM RATULANGI,MANADO,MDC,102.73,17443.94,17490.96,20230930080516pdf_1-14 Oktober 2023.pdf + 20231015013702pdf_15-31 Oktober 2023.pdf
2023,10,27,POLONIA,MEDAN,MES,100.63,17082.75,17128.80,20230930080516pdf_1-14 Oktober 2023.pdf + 20231015013702pdf_15-31 Oktober 2023.pdf
2023,10,28,MOPAH,MERAUKE,MKQ,103.03,17505.69,17552.88,20230930080516pdf_1-14 Oktober 2023.pdf + 20231015013702pdf_15-31 Oktober 2023.pdf
2023,10,29,RENDANI,MANOKWARI,MKW,103.03,17505.69,17552.88,20230930080516pdf_1-14 Oktober 2023.pdf + 20231015013702pdf_15-31 Oktober 2023.pdf
2023,10,30,KERTAJATI,MAJALENGKA,KJT,96.18,16317.30,16361.28,20230930080516pdf_1-14 Oktober 2023.pdf + 20231015013702pdf_15-31 Oktober 2023.pdf
2023,10,31,ABDURACHMAN SALEH,MALANG,MLG,100.83,17121.17,17167.32,20230930080516pdf_1-14 Oktober 2023.pdf + 20231015013702pdf_15-31 Oktober 2023.pdf
2023,10,32,WAI OTI,MAUMERE,MOF,100.73,17110.04,17156.16,20230930080516pdf_1-14 Oktober 2023.pdf + 20231015013702pdf_15-31 Oktober 2023.pdf
2023,10,33,PANIAI,NABIRE,NBX,103.03,17505.69,17552.88,20230930080516pdf_1-14 Oktober 2023.pdf + 20231015013702pdf_15-31 Oktober 2023.pdf
2023,10,34,RANAI,NATUNA,NTX,100.63,17082.75,17128.80,20230930080516pdf_1-14 Oktober 2023.pdf + 20231015013702pdf_15-31 Oktober 2023.pdf
2023,10,35,PONDOK CABE,JAKARTA,PCB,101.68,17274.48,17321.04,20230930080516pdf_1-14 Oktober 2023.pdf + 20231015013702pdf_15-31 Oktober 2023.pdf
2023,10,36,MINANGKABAU,PADANG,PDG,100.63,17082.75,17128.80,20230930080516pdf_1-14 Oktober 2023.pdf + 20231015013702pdf_15-31 Oktober 2023.pdf
2023,10,37,DEPATI AMIR,PANGKAL PINANG,PGK,100.57,17082.75,17128.80,20230930080516pdf_1-14 Oktober 2023.pdf + 20231015013702pdf_15-31 Oktober 2023.pdf
2023,10,38,ISKANDAR,PANGKALAN BUN,PKN,101.27,17194.05,17240.40,20230930080516pdf_1-14 Oktober 2023.pdf + 20231015013702pdf_15-31 Oktober 2023.pdf
2023,10,39,SULTAN SYARIF KASIM II,PEKANBARU,PKU,100.63,17082.75,17128.80,20230930080516pdf_1-14 Oktober 2023.pdf + 20231015013702pdf_15-31 Oktober 2023.pdf
2023,10,40,TJILIK RIWUT,PALANGKARAYA,PKY,101.27,17194.05,17240.40,20230930080516pdf_1-14 Oktober 2023.pdf + 20231015013702pdf_15-31 Oktober 2023.pdf
2023,10,41,SULTAN MAHMUD BADARUDDIN II,PALEMBANG,PLM,100.57,17082.75,17128.80,20230930080516pdf_1-14 Oktober 2023.pdf + 20231015013702pdf_15-31 Oktober 2023.pdf
2023,10,42,MUTIARA,PALU,PLW,102.73,17443.94,17490.96,20230930080516pdf_1-14 Oktober 2023.pdf + 20231015013702pdf_15-31 Oktober 2023.pdf
2023,10,43,SUPADIO,PONTIANAK,PNK,101.27,17194.05,17240.40,20230930080516pdf_1-14 Oktober 2023.pdf + 20231015013702pdf_15-31 Oktober 2023.pdf
2023,10,44,H. ASAN,SAMPIT,SMQ,101.27,17194.05,17240.40,20230930080516pdf_1-14 Oktober 2023.pdf + 20231015013702pdf_15-31 Oktober 2023.pdf
2023,10,45,ADISUMARMO,SOLO,SOC,101.57,17243.60,17290.08,20230930080516pdf_1-14 Oktober 2023.pdf + 20231015013702pdf_15-31 Oktober 2023.pdf
2023,10,46,SORONG DARATAN,SORONG,SOQ,103.03,17505.69,17552.88,20230930080516pdf_1-14 Oktober 2023.pdf + 20231015013702pdf_15-31 Oktober 2023.pdf
2023,10,47,ACHMAD YANI,SEMARANG,SRG,101.33,17187.95,17234.28,20230930080516pdf_1-14 Oktober 2023.pdf + 20231015013702pdf_15-31 Oktober 2023.pdf
2023,10,48,JUANDA,SURABAYA,SUB,99.48,16862.67,16908.12,20230930080516pdf_1-14 Oktober 2023.pdf + 20231015013702pdf_15-31 Oktober 2023.pdf
2023,10,49,RADEN INTEN II,BANDAR LAMPUNG,TKG,99.23,16993.71,17039.52,20230930080516pdf_1-14 Oktober 2023.pdf + 20231015013702pdf_15-31 Oktober 2023.pdf
2023,10,50,KIJANG,TANJUNG PINANG,TNJ,101.03,17165.69,17211.96,20230930080516pdf_1-14 Oktober 2023.pdf + 20231015013702pdf_15-31 Oktober 2023.pdf
2023,10,51,JUWATA,TARAKAN,TRK,101.27,17194.05,17240.40,20230930080516pdf_1-14 Oktober 2023.pdf + 20231015013702pdf_15-31 Oktober 2023.pdf
2023,10,52,BABULLAH,TERNATE,TTE,103.03,17505.69,17552.88,20230930080516pdf_1-14 Oktober 2023.pdf + 20231015013702pdf_15-31 Oktober 2023.pdf
2023,10,53,HASANUDDIN,UJUNG PANDANG,UPG,102.38,17352.39,17399.16,20230930080516pdf_1-14 Oktober 2023.pdf + 20231015013702pdf_15-31 Oktober 2023.pdf
2023,10,54,MAU HAU,WAINGAPU,WGP,100.73,17110.04,17156.16,20230930080516pdf_1-14 Oktober 2023.pdf + 20231015013702pdf_15-31 Oktober 2023.pdf
2023,10,55,ISWAHYUDI,MADIUN,WIAR (ICAO),100.63,17121.17,17167.32,20230930080516pdf_1-14 Oktober 2023.pdf + 20231015013702pdf_15-31 Oktober 2023.pdf
2023,10,56,DUMATUBUN,TUAL,LUV,103.73,17633.15,17680.68,20230930080516pdf_1-14 Oktober 2023.pdf + 20231015013702pdf_15-31 Oktober 2023.pdf
2023,10,57,SILANGIT,SIBORONG-BORONG,DTB,100.53,17071.62,17117.64,20230930080516pdf_1-14 Oktober 2023.pdf + 20231015013702pdf_15-31 Oktober 2023.pdf
2023,10,58,KALIMARAU,BERAU,BEJ,101.27,17194.05,17240.40,20230930080516pdf_1-14 Oktober 2023.pdf + 20231015013702pdf_15-31 Oktober 2023.pdf
2023,10,59,KOMODO,LABUAN BAJO,LBJ,101.67,17271.96,17318.52,20230930080516pdf_1-14 Oktober 2023.pdf + 20231015013702pdf_15-31 Oktober 2023.pdf
2023,10,60,KUALANAMU,DELI SERDANG,KNO,100.18,16962.84,17008.56,20230930080516pdf_1-14 Oktober 2023.pdf + 20231015013702pdf_15-31 Oktober 2023.pdf
2023,10,61,TAMPA PADANG,MAMUJU,MJU,103.03,17488.46,17535.60,20230930080516pdf_1-14 Oktober 2023.pdf + 20231015013702pdf_15-31 Oktober 2023.pdf
2023,10,62,F.L. TOBING,PINANGSORI,FLZ,100.63,17082.75,17128.80,20230930080516pdf_1-14 Oktober 2023.pdf + 20231015013702pdf_15-31 Oktober 2023.pdf
2023,10,63,MOZES KILANGIN,TIMIKA,TIM,103.03,17505.69,17552.88,20230930080516pdf_1-14 Oktober 2023.pdf + 20231015013702pdf_15-31 Oktober 2023.pdf
2023,10,64,H.A.S. HANANDJOEDDIN,TANJUNG PANDAN,TJQ,101.33,17243.60,17290.08,20230930080516pdf_1-14 Oktober 2023.pdf + 20231015013702pdf_15-31 Oktober 2023.pdf
2023,10,65,BLIMBINGSARI,BANYUWANGI,BWX,100.73,17110.04,17156.16,20230930080516pdf_1-14 Oktober 2023.pdf + 20231015013702pdf_15-31 Oktober 2023.pdf
2023,10,66,TAMBOLAKA,SUMBA BARAT,TMC,103.57,17633.15,17680.68,20230930080516pdf_1-14 Oktober 2023.pdf + 20231015013702pdf_15-31 Oktober 2023.pdf
2023,10,67,BINAKA,GUNUNGSITOLI,GNS,100.63,17082.75,17128.80,20230930080516pdf_1-14 Oktober 2023.pdf + 20231015013702pdf_15-31 Oktober 2023.pdf
2023,10,68,KULONPROGO,YOGYAKARTA,YIA,101.53,17243.60,17290.08,20230930080516pdf_1-14 Oktober 2023.pdf + 20231015013702pdf_15-31 Oktober 2023.pdf
2023,10,69,KUABANG,HALMAHERA UTARA,KAZ,103.63,17633.15,17680.68,20230930080516pdf_1-14 Oktober 2023.pdf + 20231015013702pdf_15-31 Oktober 2023.pdf
2023,10,70,JENDERAL BESAR SOEDIRMAN,PURBALINGGA,PWL,101.57,17243.60,17290.08,20230930080516pdf_1-14 Oktober 2023.pdf + 20231015013702pdf_15-31 Oktober 2023.pdf
2023,10,71,MATHILDA BATLAYERI,SAUMLAKI,SXK,103.23,17633.15,17680.68,20230930080516pdf_1-14 Oktober 2023.pdf + 20231015013702pdf_15-31 Oktober 2023.pdf
2023,10,72,BUDIARTO,CURUG,BTO,101.38,,,20230930080516pdf_1-14 Oktober 2023.pdf + 20231015013702pdf_15-31 Oktober 2023.pdf
2023,11,1,APT PRANOTO,SAMARINDA,AAP,96.44,16732.10,16777.20,20231101115709pdf_1-14 November 2023.pdf + 20231115082252pdf_15-30 November 2023.pdf
2023,11,2,PATTIMURA,AMBON,AMQ,98.19,17043.74,17089.68,20231101115709pdf_1-14 November 2023.pdf + 20231115082252pdf_15-30 November 2023.pdf
2023,11,3,SYAMSUDDIN NOOR,BANJARMASIN,BDJ,96.44,16732.10,16777.20,20231101115709pdf_1-14 November 2023.pdf + 20231115082252pdf_15-30 November 2023.pdf
2023,11,4,HUSEIN SASTRANEGARA,BANDUNG,BDO,96.04,16665.32,16710.24,20231101115709pdf_1-14 November 2023.pdf + 20231115082252pdf_15-30 November 2023.pdf
2023,11,5,FRANS KAISIEPO,BIAK,BIK,98.19,17043.74,17089.68,20231101115709pdf_1-14 November 2023.pdf + 20231115082252pdf_15-30 November 2023.pdf
2023,11,6,FATMAWATI SOEKARNOPUTRI,BENGKULU,BKS,95.84,16665.32,16710.24,20231101115709pdf_1-14 November 2023.pdf + 20231115082252pdf_15-30 November 2023.pdf
2023,11,7,M. SALAHUDDIN,BIMA,BMU,95.94,16648.25,16693.13,20231101115709pdf_1-14 November 2023.pdf + 20231115082252pdf_15-30 November 2023.pdf
2023,11,8,SEPINGGAN,BALIKPAPAN,BPN,95.54,16565.15,16609.80,20231101115709pdf_1-14 November 2023.pdf + 20231115082252pdf_15-30 November 2023.pdf
2023,11,9,HANG NADIM,BATAM,BTH,95.84,14972.78,15017.57,20231101115709pdf_1-14 November 2023.pdf + 20231115082252pdf_15-30 November 2023.pdf
2023,11,10,SULTAN ISKANDAR MUDA,BANDA ACEH,BTJ,95.84,16620.80,16665.60,20231101115709pdf_1-14 November 2023.pdf + 20231115082252pdf_15-30 November 2023.pdf
2023,11,11,SOEKARNO HATTA,CENGKARENG,CGK,84.64,14661.92,14701.44,20231101115709pdf_1-14 November 2023.pdf + 20231115082252pdf_15-30 November 2023.pdf
2023,11,12,TUNGGUL WULUNG,CILACAP,CXP,96.74,16781.81,16827.05,20231101115709pdf_1-14 November 2023.pdf + 20231115082252pdf_15-30 November 2023.pdf
2023,11,13,SULTAN THAHA,JAMBI,DJB,95.84,16665.32,16710.24,20231101115709pdf_1-14 November 2023.pdf + 20231115082252pdf_15-30 November 2023.pdf
2023,11,14,SENTANI,JAYAPURA,DJJ,98.49,17043.74,17089.68,20231101115709pdf_1-14 November 2023.pdf + 20231115082252pdf_15-30 November 2023.pdf
2023,11,15,NGURAH RAI,DENPASAR,DPS,94.64,16387.07,16431.24,20231101115709pdf_1-14 November 2023.pdf + 20231115082252pdf_15-30 November 2023.pdf
2023,11,16,PINANG KAMPAI,DUMAI,DUM,95.84,16620.80,16665.60,20231101115709pdf_1-14 November 2023.pdf + 20231115082252pdf_15-30 November 2023.pdf
2023,11,17,H. AROEBOESMAN,ENDE,ENE,95.94,16648.25,16693.13,20231101115709pdf_1-14 November 2023.pdf + 20231115082252pdf_15-30 November 2023.pdf
2023,11,18,JALALUDDIN,GORONTALO,GTO,97.84,16988.09,17033.88,20231101115709pdf_1-14 November 2023.pdf + 20231115082252pdf_15-30 November 2023.pdf
2023,11,19,HALIM PERDANAKUSUMA,JAKARTA,HLP,91.64,15886.22,15929.04,20231101115709pdf_1-14 November 2023.pdf + 20231115082252pdf_15-30 November 2023.pdf
2023,11,20,ADISUCIPTO,YOGYAKARTA,JOG,96.84,16781.81,16827.05,20231101115709pdf_1-14 November 2023.pdf + 20231115082252pdf_15-30 November 2023.pdf
2023,11,21,WOLTER MONGINSIDI,KENDARI,KDI,97.84,16988.09,17033.88,20231101115709pdf_1-14 November 2023.pdf + 20231115082252pdf_15-30 November 2023.pdf
2023,11,22,UTAROM,KAIMANA,KNG,98.19,17043.74,17089.68,20231101115709pdf_1-14 November 2023.pdf + 20231115082252pdf_15-30 November 2023.pdf
2023,11,23,ELTARI,KUPANG,KOE,93.74,16220.12,16263.84,20231101115709pdf_1-14 November 2023.pdf + 20231115082252pdf_15-30 November 2023.pdf
2023,11,24,LOMBOK INTERNATIONAL,MATARAM,LOP,95.84,16631.93,16676.76,20231101115709pdf_1-14 November 2023.pdf + 20231115082252pdf_15-30 November 2023.pdf
2023,11,25,BUBUNG,LUWUK,LUW,97.84,16988.09,17033.88,20231101115709pdf_1-14 November 2023.pdf + 20231115082252pdf_15-30 November 2023.pdf
2023,11,26,SAM RATULANGI,MANADO,MDC,97.84,16988.09,17033.88,20231101115709pdf_1-14 November 2023.pdf + 20231115082252pdf_15-30 November 2023.pdf
2023,11,27,POLONIA,MEDAN,MES,95.84,16620.80,16665.60,20231101115709pdf_1-14 November 2023.pdf + 20231115082252pdf_15-30 November 2023.pdf
2023,11,28,MOPAH,MERAUKE,MKQ,98.19,17043.74,17089.68,20231101115709pdf_1-14 November 2023.pdf + 20231115082252pdf_15-30 November 2023.pdf
2023,11,29,RENDANI,MANOKWARI,MKW,98.19,17043.74,17089.68,20231101115709pdf_1-14 November 2023.pdf + 20231115082252pdf_15-30 November 2023.pdf
2023,11,30,KERTAJATI,MAJALENGKA,KJT,90.99,15774.92,15817.44,20231101115709pdf_1-14 November 2023.pdf + 20231115082252pdf_15-30 November 2023.pdf
2023,11,31,ABDURACHMAN SALEH,MALANG,MLG,96.04,16665.32,16710.24,20231101115709pdf_1-14 November 2023.pdf + 20231115082252pdf_15-30 November 2023.pdf
2023,11,32,WAI OTI,MAUMERE,MOF,95.94,16648.25,16693.13,20231101115709pdf_1-14 November 2023.pdf + 20231115082252pdf_15-30 November 2023.pdf
2023,11,33,PANIAI,NABIRE,NBX,98.19,17043.74,17089.68,20231101115709pdf_1-14 November 2023.pdf + 20231115082252pdf_15-30 November 2023.pdf
2023,11,34,RANAI,NATUNA,NTX,95.84,16620.80,16665.60,20231101115709pdf_1-14 November 2023.pdf + 20231115082252pdf_15-30 November 2023.pdf
2023,11,35,PONDOK CABE,JAKARTA,PCB,96.44,16732.10,16777.20,20231101115709pdf_1-14 November 2023.pdf + 20231115082252pdf_15-30 November 2023.pdf
2023,11,36,MINANGKABAU,PADANG,PDG,95.84,16620.80,16665.60,20231101115709pdf_1-14 November 2023.pdf + 20231115082252pdf_15-30 November 2023.pdf
2023,11,37,DEPATI AMIR,PANGKAL PINANG,PGK,95.74,16620.80,16665.60,20231101115709pdf_1-14 November 2023.pdf + 20231115082252pdf_15-30 November 2023.pdf
2023,11,38,ISKANDAR,PANGKALAN BUN,PKN,96.44,16732.10,16777.20,20231101115709pdf_1-14 November 2023.pdf + 20231115082252pdf_15-30 November 2023.pdf
2023,11,39,SULTAN SYARIF KASIM II,PEKANBARU,PKU,95.84,16620.80,16665.60,20231101115709pdf_1-14 November 2023.pdf + 20231115082252pdf_15-30 November 2023.pdf
2023,11,40,TJILIK RIWUT,PALANGKARAYA,PKY,96.44,16732.10,16777.20,20231101115709pdf_1-14 November 2023.pdf + 20231115082252pdf_15-30 November 2023.pdf
2023,11,41,SULTAN MAHMUD BADARUDDIN II,PALEMBANG,PLM,95.74,16620.80,16665.60,20231101115709pdf_1-14 November 2023.pdf + 20231115082252pdf_15-30 November 2023.pdf
2023,11,42,MUTIARA,PALU,PLW,97.84,16988.09,17033.88,20231101115709pdf_1-14 November 2023.pdf + 20231115082252pdf_15-30 November 2023.pdf
2023,11,43,SUPADIO,PONTIANAK,PNK,96.44,16732.10,16777.20,20231101115709pdf_1-14 November 2023.pdf + 20231115082252pdf_15-30 November 2023.pdf
2023,11,44,H. ASAN,SAMPIT,SMQ,96.44,16732.10,16777.20,20231101115709pdf_1-14 November 2023.pdf + 20231115082252pdf_15-30 November 2023.pdf
2023,11,45,ADISUMARMO,SOLO,SOC,96.74,16781.81,16827.05,20231101115709pdf_1-14 November 2023.pdf + 20231115082252pdf_15-30 November 2023.pdf
2023,11,46,SORONG DARATAN,SORONG,SOQ,98.19,17043.74,17089.68,20231101115709pdf_1-14 November 2023.pdf + 20231115082252pdf_15-30 November 2023.pdf
2023,11,47,ACHMAD YANI,SEMARANG,SRG,96.49,16726.16,16771.25,20231101115709pdf_1-14 November 2023.pdf + 20231115082252pdf_15-30 November 2023.pdf
2023,11,48,JUANDA,SURABAYA,SUB,94.24,16320.29,16364.28,20231101115709pdf_1-14 November 2023.pdf + 20231115082252pdf_15-30 November 2023.pdf
2023,11,49,RADEN INTEN II,BANDAR LAMPUNG,TKG,94.44,16531.76,16576.32,20231101115709pdf_1-14 November 2023.pdf + 20231115082252pdf_15-30 November 2023.pdf
2023,11,50,KIJANG,TANJUNG PINANG,TNJ,96.24,16709.84,16754.88,20231101115709pdf_1-14 November 2023.pdf + 20231115082252pdf_15-30 November 2023.pdf
2023,11,51,JUWATA,TARAKAN,TRK,96.44,16732.10,16777.20,20231101115709pdf_1-14 November 2023.pdf + 20231115082252pdf_15-30 November 2023.pdf
2023,11,52,BABULLAH,TERNATE,TTE,98.19,17043.74,17089.68,20231101115709pdf_1-14 November 2023.pdf + 20231115082252pdf_15-30 November 2023.pdf
2023,11,53,HASANUDDIN,UJUNG PANDANG,UPG,97.14,16810.01,16855.32,20231101115709pdf_1-14 November 2023.pdf + 20231115082252pdf_15-30 November 2023.pdf
2023,11,54,MAU HAU,WAINGAPU,WGP,95.94,16648.25,16693.13,20231101115709pdf_1-14 November 2023.pdf + 20231115082252pdf_15-30 November 2023.pdf
2023,11,55,ISWAHYUDI,MADIUN,WIAR (ICAO),95.84,16665.32,16710.24,20231101115709pdf_1-14 November 2023.pdf + 20231115082252pdf_15-30 November 2023.pdf
2023,11,56,DUMATUBUN,TUAL,LUV,98.84,17166.17,17212.44,20231101115709pdf_1-14 November 2023.pdf + 20231115082252pdf_15-30 November 2023.pdf
2023,11,57,SILANGIT,SIBORONG-BORONG,DTB,95.74,16609.67,16654.44,20231101115709pdf_1-14 November 2023.pdf + 20231115082252pdf_15-30 November 2023.pdf
2023,11,58,KALIMARAU,BERAU,BEJ,96.44,16732.10,16777.20,20231101115709pdf_1-14 November 2023.pdf + 20231115082252pdf_15-30 November 2023.pdf
2023,11,59,KOMODO,Jam 11.54 LABUAN BAJO,LBJ,97.80,16928.73,16974.36,20231101115709pdf_1-14 November 2023.pdf
2023,11,59,KOMODO,LABUAN BAJO,LBJ,96.00,16706.13,16751.16,20231115082252pdf_15-30 November 2023.pdf
2023,11,60,KUALANAMU,DELI SERDANG,KNO,94.94,16420.46,16464.72,20231101115709pdf_1-14 November 2023.pdf + 20231115082252pdf_15-30 November 2023.pdf
2023,11,61,TAMPA PADANG,MAMUJU,MJU,98.24,17026.67,17072.57,20231101115709pdf_1-14 November 2023.pdf + 20231115082252pdf_15-30 November 2023.pdf
2023,11,62,F.L. TOBING,PINANGSORI,FLZ,95.84,16620.80,16665.60,20231101115709pdf_1-14 November 2023.pdf + 20231115082252pdf_15-30 November 2023.pdf
2023,11,63,MOZES KILANGIN,TIMIKA,TIM,98.19,17043.74,17089.68,20231101115709pdf_1-14 November 2023.pdf + 20231115082252pdf_15-30 November 2023.pdf
2023,11,64,H.A.S. HANANDJOEDDIN,TANJUNG PANDAN,TJQ,96.54,16787.75,16833.00,20231101115709pdf_1-14 November 2023.pdf + 20231115082252pdf_15-30 November 2023.pdf
2023,11,65,BLIMBINGSARI,BANYUWANGI,BWX,95.94,16648.25,16693.13,20231101115709pdf_1-14 November 2023.pdf + 20231115082252pdf_15-30 November 2023.pdf
2023,11,66,TAMBOLAKA,SUMBA BARAT,TMC,98.74,17166.17,17212.44,20231101115709pdf_1-14 November 2023.pdf + 20231115082252pdf_15-30 November 2023.pdf
2023,11,67,BINAKA,GUNUNGSITOLI,GNS,95.84,16620.80,16665.60,20231101115709pdf_1-14 November 2023.pdf + 20231115082252pdf_15-30 November 2023.pdf
2023,11,68,KULONPROGO,YOGYAKARTA,YIA,96.74,16781.81,16827.05,20231101115709pdf_1-14 November 2023.pdf + 20231115082252pdf_15-30 November 2023.pdf
2023,11,69,KUABANG,HALMAHERA UTARA,KAZ,98.74,17166.17,17212.44,20231101115709pdf_1-14 November 2023.pdf + 20231115082252pdf_15-30 November 2023.pdf
2023,11,70,JENDERAL BESAR SOEDIRMAN,PURBALINGGA,PWL,96.74,16781.81,16827.05,20231101115709pdf_1-14 November 2023.pdf + 20231115082252pdf_15-30 November 2023.pdf
2023,11,71,MATHILDA BATLAYERI,SAUMLAKI,SXK,98.34,17166.17,17212.44,20231101115709pdf_1-14 November 2023.pdf + 20231115082252pdf_15-30 November 2023.pdf
2023,11,72,BUDIARTO,CURUG,BTO,96.14,,,20231101115709pdf_1-14 November 2023.pdf + 20231115082252pdf_15-30 November 2023.pdf
2023,12,1,APT PRANOTO,SAMARINDA,AAP,92.49,15770.85,15813.36,20231201080335pdf_1-14 Desember 2023.pdf + 20240116074249pdf_15-31 Desember 2023.pdf
2023,12,2,PATTIMURA,AMBON,AMQ,94.25,16155.73,16199.28,20231201080335pdf_1-14 Desember 2023.pdf + 20240116074249pdf_15-31 Desember 2023.pdf
2023,12,3,SYAMSUDDIN NOOR,BANJARMASIN,BDJ,92.49,15770.85,15813.36,20231201080335pdf_1-14 Desember 2023.pdf + 20240116074249pdf_15-31 Desember 2023.pdf
2023,12,4,HUSEIN SASTRANEGARA,BANDUNG,BDO,92.09,15710.17,15752.52,20231201080335pdf_1-14 Desember 2023.pdf + 20240116074249pdf_15-31 Desember 2023.pdf
2023,12,5,FRANS KAISIEPO,BIAK,BIK,94.25,16082.49,16125.84,20231201080335pdf_1-14 Desember 2023.pdf + 20240116074249pdf_15-31 Desember 2023.pdf
2023,12,6,FATMAWATI SOEKARNOPUTRI,BENGKULU,BKS,91.85,15704.07,15746.40,20231201080335pdf_1-14 Desember 2023.pdf + 20240116074249pdf_15-31 Desember 2023.pdf
2023,12,7,M. SALAHUDDIN,BIMA,BMU,91.95,15687.91,15730.20,20231201080335pdf_1-14 Desember 2023.pdf + 20240116074249pdf_15-31 Desember 2023.pdf
2023,12,8,SEPINGGAN,BALIKPAPAN,BPN,91.49,15603.90,15645.96,20231201080335pdf_1-14 Desember 2023.pdf + 20240116074249pdf_15-31 Desember 2023.pdf
2023,12,9,HANG NADIM,BATAM,BTH,91.79,14107.36,14149.55,20231201080335pdf_1-14 Desember 2023.pdf + 20240116074249pdf_15-31 Desember 2023.pdf
2023,12,10,SULTAN ISKANDAR MUDA,BANDA ACEH,BTJ,91.85,15659.55,15701.76,20231201080335pdf_1-14 Desember 2023.pdf + 20240116074249pdf_15-31 Desember 2023.pdf
2023,12,11,SOEKARNO HATTA,CENGKARENG,CGK,80.49,13706.77,13743.72,20231201080335pdf_1-14 Desember 2023.pdf + 20240116074249pdf_15-31 Desember 2023.pdf
2023,12,12,TUNGGUL WULUNG,CILACAP,CXP,92.75,15821.47,15864.12,20231201080335pdf_1-14 Desember 2023.pdf + 20240116074249pdf_15-31 Desember 2023.pdf
2023,12,13,SULTAN THAHA,JAMBI,DJB,91.85,15704.07,15746.40,20231201080335pdf_1-14 Desember 2023.pdf + 20240116074249pdf_15-31 Desember 2023.pdf
2023,12,14,SENTANI,JAYAPURA,DJJ,94.55,16082.49,16125.84,20231201080335pdf_1-14 Desember 2023.pdf + 20240116074249pdf_15-31 Desember 2023.pdf
2023,12,15,NGURAH RAI,DENPASAR,DPS,90.65,15425.82,15467.40,20231201080335pdf_1-14 Desember 2023.pdf + 20240116074249pdf_15-31 Desember 2023.pdf
2023,12,16,PINANG KAMPAI,DUMAI,DUM,91.85,15659.55,15701.76,20231201080335pdf_1-14 Desember 2023.pdf + 20240116074249pdf_15-31 Desember 2023.pdf
2023,12,17,H. AROEBOESMAN,ENDE,ENE,91.95,15687.91,15730.20,20231201080335pdf_1-14 Desember 2023.pdf + 20240116074249pdf_15-31 Desember 2023.pdf
2023,12,18,JALALUDDIN,GORONTALO,GTO,93.89,16021.81,16065.00,20231201080335pdf_1-14 Desember 2023.pdf + 20240116074249pdf_15-31 Desember 2023.pdf
2023,12,19,HALIM PERDANAKUSUMA,JAKARTA,HLP,87.59,14931.07,14971.32,20231201080335pdf_1-14 Desember 2023.pdf + 20240116074249pdf_15-31 Desember 2023.pdf
2023,12,20,ADISUCIPTO,YOGYAKARTA,JOG,92.85,15821.47,15864.12,20231201080335pdf_1-14 Desember 2023.pdf + 20240116074249pdf_15-31 Desember 2023.pdf
2023,12,21,WOLTER MONGINSIDI,KENDARI,KDI,93.89,16021.81,16065.00,20231201080335pdf_1-14 Desember 2023.pdf + 20240116074249pdf_15-31 Desember 2023.pdf
2023,12,22,UTAROM,KAIMANA,KNG,94.25,16082.49,16125.84,20231201080335pdf_1-14 Desember 2023.pdf + 20240116074249pdf_15-31 Desember 2023.pdf
2023,12,23,ELTARI,KUPANG,KOE,89.69,15253.84,15294.96,20231201080335pdf_1-14 Desember 2023.pdf + 20240116074249pdf_15-31 Desember 2023.pdf
2023,12,24,LOMBOK INTERNATIONAL,MATARAM,LOP,91.85,15665.65,15707.88,20231201080335pdf_1-14 Desember 2023.pdf + 20240116074249pdf_15-31 Desember 2023.pdf
2023,12,25,BUBUNG,LUWUK,LUW,93.89,16021.81,16065.00,20231201080335pdf_1-14 Desember 2023.pdf + 20240116074249pdf_15-31 Desember 2023.pdf
2023,12,26,SAM RATULANGI,MANADO,MDC,93.89,16021.81,16065.00,20231201080335pdf_1-14 Desember 2023.pdf + 20240116074249pdf_15-31 Desember 2023.pdf
2023,12,27,POLONIA,MEDAN,MES,91.85,15659.55,15701.76,20231201080335pdf_1-14 Desember 2023.pdf + 20240116074249pdf_15-31 Desember 2023.pdf
2023,12,28,MOPAH,MERAUKE,MKQ,94.25,16082.49,16125.84,20231201080335pdf_1-14 Desember 2023.pdf + 20240116074249pdf_15-31 Desember 2023.pdf
2023,12,29,RENDANI,MANOKWARI,MKW,94.25,16082.49,16125.84,20231201080335pdf_1-14 Desember 2023.pdf + 20240116074249pdf_15-31 Desember 2023.pdf
2023,12,30,KERTAJATI,MAJALENGKA,KJT,86.95,14819.77,14859.72,20231201080335pdf_1-14 Desember 2023.pdf + 20240116074249pdf_15-31 Desember 2023.pdf
2023,12,31,ABDURACHMAN SALEH,MALANG,MLG,92.05,15699.04,15741.36,20231201080335pdf_1-14 Desember 2023.pdf + 20240116074249pdf_15-31 Desember 2023.pdf
2023,12,32,WAI OTI,MAUMERE,MOF,91.95,15687.91,15730.20,20231201080335pdf_1-14 Desember 2023.pdf + 20240116074249pdf_15-31 Desember 2023.pdf
2023,12,33,PANIAI,NABIRE,NBX,94.30,16149.63,16193.16,20231201080335pdf_1-14 Desember 2023.pdf
2023,12,33,DOUW ATURURE,NABIRE,NBX,94.20,16160.76,16204.32,20240116074249pdf_15-31 Desember 2023.pdf
2023,12,34,RANAI,NATUNA,NTX,91.85,15659.55,15701.76,20231201080335pdf_1-14 Desember 2023.pdf + 20240116074249pdf_15-31 Desember 2023.pdf
2023,12,35,PONDOK CABE,JAKARTA,PCB,92.45,15776.95,15819.48,20231201080335pdf_1-14 Desember 2023.pdf + 20240116074249pdf_15-31 Desember 2023.pdf
2023,12,36,MINANGKABAU,PADANG,PDG,91.85,15665.65,15707.88,20231201080335pdf_1-14 Desember 2023.pdf + 20240116074249pdf_15-31 Desember 2023.pdf
2023,12,37,DEPATI AMIR,PANGKAL PINANG,PGK,91.79,15659.55,15701.76,20231201080335pdf_1-14 Desember 2023.pdf + 20240116074249pdf_15-31 Desember 2023.pdf
2023,12,38,ISKANDAR,PANGKALAN BUN,PKN,92.49,15770.85,15813.36,20231201080335pdf_1-14 Desember 2023.pdf + 20240116074249pdf_15-31 Desember 2023.pdf
2023,12,39,SULTAN SYARIF KASIM II,PEKANBARU,PKU,91.85,15659.55,15701.76,20231201080335pdf_1-14 Desember 2023.pdf + 20240116074249pdf_15-31 Desember 2023.pdf
2023,12,40,TJILIK RIWUT,PALANGKARAYA,PKY,92.49,15770.85,15813.36,20231201080335pdf_1-14 Desember 2023.pdf + 20240116074249pdf_15-31 Desember 2023.pdf
2023,12,41,SULTAN MAHMUD BADARUDDIN II,PALEMBANG,PLM,91.79,15659.55,15701.76,20231201080335pdf_1-14 Desember 2023.pdf + 20240116074249pdf_15-31 Desember 2023.pdf
2023,12,42,MUTIARA,PALU,PLW,93.89,16021.81,16065.00,20231201080335pdf_1-14 Desember 2023.pdf + 20240116074249pdf_15-31 Desember 2023.pdf
2023,12,43,SUPADIO,PONTIANAK,PNK,92.49,15770.85,15813.36,20231201080335pdf_1-14 Desember 2023.pdf + 20240116074249pdf_15-31 Desember 2023.pdf
2023,12,44,H. ASAN,SAMPIT,SMQ,92.49,15770.85,15813.36,20231201080335pdf_1-14 Desember 2023.pdf + 20240116074249pdf_15-31 Desember 2023.pdf
2023,12,45,ADISUMARMO,SOLO,SOC,92.75,15821.47,15864.12,20231201080335pdf_1-14 Desember 2023.pdf + 20240116074249pdf_15-31 Desember 2023.pdf
2023,12,46,SORONG DARATAN,SORONG,SOQ,94.25,16082.49,16125.84,20231201080335pdf_1-14 Desember 2023.pdf + 20240116074249pdf_15-31 Desember 2023.pdf
2023,12,47,ACHMAD YANI,SEMARANG,SRG,92.49,15765.82,15808.32,20231201080335pdf_1-14 Desember 2023.pdf + 20240116074249pdf_15-31 Desember 2023.pdf
2023,12,48,JUANDA,SURABAYA,SUB,90.25,15359.04,15400.44,20231201080335pdf_1-14 Desember 2023.pdf + 20240116074249pdf_15-31 Desember 2023.pdf
2023,12,49,RADEN INTEN II,BANDAR LAMPUNG,TKG,90.45,15570.51,15612.48,20231201080335pdf_1-14 Desember 2023.pdf + 20240116074249pdf_15-31 Desember 2023.pdf
2023,12,50,KIJANG,TANJUNG PINANG,TNJ,92.25,15743.56,15786.00,20231201080335pdf_1-14 Desember 2023.pdf + 20240116074249pdf_15-31 Desember 2023.pdf
2023,12,51,JUWATA,TARAKAN,TRK,92.49,15770.85,15813.36,20231201080335pdf_1-14 Desember 2023.pdf + 20240116074249pdf_15-31 Desember 2023.pdf
2023,12,52,BABULLAH,TERNATE,TTE,94.25,16155.73,16199.28,20231201080335pdf_1-14 Desember 2023.pdf + 20240116074249pdf_15-31 Desember 2023.pdf
2023,12,53,HASANUDDIN,UJUNG PANDANG,UPG,93.15,15854.86,15897.60,20231201080335pdf_1-14 Desember 2023.pdf + 20240116074249pdf_15-31 Desember 2023.pdf
2023,12,54,MAU HAU,WAINGAPU,WGP,91.95,15687.91,15730.20,20231201080335pdf_1-14 Desember 2023.pdf + 20240116074249pdf_15-31 Desember 2023.pdf
2023,12,55,ISWAHYUDI,MADIUN,WIAR (ICAO),91.89,15699.04,15741.36,20231201080335pdf_1-14 Desember 2023.pdf + 20240116074249pdf_15-31 Desember 2023.pdf
2023,12,56,DUMATUBUN,TUAL,LUV,94.95,16211.02,16254.72,20231201080335pdf_1-14 Desember 2023.pdf + 20240116074249pdf_15-31 Desember 2023.pdf
2023,12,57,SILANGIT,SIBORONG-BORONG,DTB,91.75,15654.52,15696.72,20231201080335pdf_1-14 Desember 2023.pdf + 20240116074249pdf_15-31 Desember 2023.pdf
2023,12,58,KALIMARAU,BERAU,BEJ,92.49,15770.85,15813.36,20231201080335pdf_1-14 Desember 2023.pdf + 20240116074249pdf_15-31 Desember 2023.pdf
2023,12,59,KOMODO,LABUAN BAJO,LBJ,92.89,15848.76,15891.48,20231201080335pdf_1-14 Desember 2023.pdf + 20240116074249pdf_15-31 Desember 2023.pdf
2023,12,60,KUALANAMU,DELI SERDANG,KNO,90.89,15465.31,15507.00,20231201080335pdf_1-14 Desember 2023.pdf + 20240116074249pdf_15-31 Desember 2023.pdf
2023,12,61,TAMPA PADANG,MAMUJU,MJU,94.25,16066.33,16109.64,20231201080335pdf_1-14 Desember 2023.pdf + 20240116074249pdf_15-31 Desember 2023.pdf
2023,12,62,F.L. TOBING,PINANGSORI,FLZ,91.85,15659.55,15701.76,20231201080335pdf_1-14 Desember 2023.pdf + 20240116074249pdf_15-31 Desember 2023.pdf
2023,12,63,MOZES KILANGIN,TIMIKA,TIM,94.25,16082.49,16125.84,20231201080335pdf_1-14 Desember 2023.pdf + 20240116074249pdf_15-31 Desember 2023.pdf
2023,12,64,H.A.S. HANANDJOEDDIN,TANJUNG PANDAN,TJQ,92.55,15821.47,15864.12,20231201080335pdf_1-14 Desember 2023.pdf + 20240116074249pdf_15-31 Desember 2023.pdf
2023,12,65,BLIMBINGSARI,BANYUWANGI,BWX,91.95,15687.91,15730.20,20231201080335pdf_1-14 Desember 2023.pdf + 20240116074249pdf_15-31 Desember 2023.pdf
2023,12,66,TAMBOLAKA,SUMBA BARAT,TMC,94.75,16211.02,16254.72,20231201080335pdf_1-14 Desember 2023.pdf + 20240116074249pdf_15-31 Desember 2023.pdf
2023,12,67,BINAKA,GUNUNGSITOLI,GNS,91.85,15659.55,15701.76,20231201080335pdf_1-14 Desember 2023.pdf + 20240116074249pdf_15-31 Desember 2023.pdf
2023,12,68,KULONPROGO,YOGYAKARTA,YIA,92.75,15821.47,15864.12,20231201080335pdf_1-14 Desember 2023.pdf + 20240116074249pdf_15-31 Desember 2023.pdf
2023,12,69,KUABANG,HALMAHERA UTARA,KAZ,94.85,16211.02,16254.72,20231201080335pdf_1-14 Desember 2023.pdf + 20240116074249pdf_15-31 Desember 2023.pdf
2023,12,70,JENDERAL BESAR SOEDIRMAN,PURBALINGGA,PWL,92.75,15821.47,15864.12,20231201080335pdf_1-14 Desember 2023.pdf + 20240116074249pdf_15-31 Desember 2023.pdf
2023,12,71,MATHILDA BATLAYERI,SAUMLAKI,SXK,94.45,16211.02,16254.72,20231201080335pdf_1-14 Desember 2023.pdf + 20240116074249pdf_15-31 Desember 2023.pdf
2023,12,72,BUDIARTO,CURUG,BTO,92.15,,,20231201080335pdf_1-14 Desember 2023.pdf + 20240116074249pdf_15-31 Desember 2023.pdf
