waktu_id,rute_id,jumlah_penumpang
202001,2,4087
202001,4,25924
202001,5,4398
202001,6,35914
202001,8,7228
202001,9,2605
202001,12,7234
202001,13,1995
202001,14,20564
202001,15,8765
202001,17,9730
202001,18,1264
202001,20,6862
202001,21,1001
202001,22,2593
202001,23,2510
202001,24,1743
202001,25,7830
202001,26,581
202001,27,8465
202001,28,4371
202001,29,2657
202001,30,31117
202001,32,7874
202001,34,23336
202001,35,3478
202001,36,97185
202001,38,7881
202001,40,7023
202001,41,6495
202001,45,18140
202001,46,86874
202001,47,8563
202001,48,3561
202001,53,9299
202001,55,30865
202001,58,1303
202001,59,19355
202001,60,1529
202001,61,7722
202001,62,13191
202001,63,7200
202001,65,30193
202001,71,10565
202001,72,2775
202001,73,11440
202001,75,7325
202001,76,2873
202001,79,876
202001,80,38723
202001,81,17127
202001,82,1509
202001,83,52549
202001,84,3328
202001,85,1260
202001,87,8978
202001,89,15828
202001,90,1783
202001,91,34541
202001,94,102589
202001,96,7158
202001,97,2946
202001,99,4815
202001,102,2714
202001,104,6804
202001,105,2149
202001,107,4650
202001,108,9399
202001,109,4935
202001,110,3407
202001,112,9169
202001,113,85368
202001,114,3280
202001,115,34099
202001,117,37938
202001,120,101015
202001,121,11314
202001,122,4765
202001,123,3436
202001,125,8414
202001,126,56660
202001,128,1648
202001,130,5402
202001,131,34169
202001,132,9053
202001,133,44223
202001,134,17640
202001,135,21543
202001,136,1283
202001,137,7810
202001,138,37476
202001,139,2095
202001,140,6540
202001,141,2592
202001,143,27337
202001,144,28442
202001,145,19404
202001,146,2352
202001,147,2714
202001,148,4318
202001,149,3206
202001,151,15470
202001,153,4744
202001,154,13766
202001,156,24445
202001,157,41111
202001,158,4862
202001,160,10245
202001,163,86746
202001,164,17851
202001,165,34352
202001,166,363789
202001,167,25578
202001,169,43233
202001,170,7605
202001,171,5940
202001,172,3776
202001,175,57831
202001,176,36738
202001,177,42487
202001,178,20193
202001,179,110475
202001,180,3486
202001,182,22176
202001,183,2838
202001,184,1546
202001,185,2906
202001,186,282851
202001,187,8810
202001,188,229241
202001,190,10752
202001,191,11184
202001,192,64591
202001,193,16335
202001,194,64793
202001,195,28215
202001,196,7721
202001,198,6189
202001,199,29931
202001,200,16284
202001,202,1049
202001,203,32799
202001,204,129371
202001,205,6369
202001,206,30464
202001,207,95975
202001,208,133492
202001,209,33876
202001,210,140391
202001,211,21257
202001,212,2197
202001,213,159707
202001,214,16929
202001,215,10135
202001,216,334069
202001,217,5164
202001,218,67260
202001,219,23018
202001,220,146047
202001,221,7129
202001,222,317744
202001,223,20517
202001,225,8390
202001,226,1313
202001,228,5177
202001,229,44385
202001,230,116352
202001,231,17071
202001,232,36291
202001,233,8129
202001,234,16324
202001,235,231865
202001,238,7762
202001,239,5239
202001,241,5778
202001,244,5309
202001,247,7970
202001,248,2506
202001,251,8801
202001,252,2818
202001,253,1903
202001,254,2125
202001,255,6142
202001,256,1485
202001,258,16542
202001,259,1878
202001,260,6125
202001,261,4076
202001,262,16272
202001,264,23796
202001,265,1885
202001,266,38695
202001,267,30494
202001,268,1694
202001,269,1443
202001,270,56208
202001,272,8785
202001,273,36776
202001,274,2824
202001,275,1739
202001,276,10445
202001,277,55944
202001,280,41024
202001,281,17132
202001,282,46707
202001,283,8446
202001,284,14001
202001,285,9118
202001,286,16151
202001,287,167640
202001,288,25965
202001,289,59501
202001,290,5936
202001,291,67526
202001,292,28272
202001,293,5803
202001,294,5791
202001,295,14623
202001,298,938
202001,299,3566
202001,303,23479
202001,304,196727
202001,305,19974
202001,307,9538
202001,308,133703
202001,309,11992
202001,311,65106
202001,312,14812
202001,313,6693
202001,315,10459
202001,316,32626
202001,317,37004
202001,318,6048
202001,319,5693
202001,321,773
202001,322,1768
202001,323,2985
202001,324,2199
202001,325,3882
202001,326,12132
202001,327,6920
202001,328,2054
202001,331,6421
202001,333,21619
202001,334,2390
202001,335,6776
202001,336,1889
202001,337,21827
202001,338,15757
202001,340,72287
202001,341,42134
202001,342,2888
202001,343,4275
202001,344,31194
202001,345,25124
202001,346,10704
202001,347,42700
202001,350,26775
202001,351,32115
202001,352,78420
202001,353,5322
202001,354,8762
202001,356,5955
202001,357,2845
202001,358,2188
202001,359,4789
202001,360,26465
202001,362,5834
202001,363,10323
202001,364,1381
202001,365,10593
202001,366,6322
202001,367,65623
202001,368,2922
202001,369,182
202001,370,7079
202001,375,1944
202001,376,968
202001,377,2256
202001,378,78394
202001,381,3658
202001,383,5228
202001,384,3172
202001,385,18275
202001,386,58034
202001,387,39256
202001,388,15038
202001,389,32457
202001,390,2213
202001,394,1297
202001,395,2172
202001,396,471
202001,397,6111
202001,398,1851
202001,399,9814
202001,400,1133
202001,401,3738
202001,402,268
202001,403,46149
202001,404,7267
202001,405,2521
202001,406,6229
202001,407,3524
202001,409,23156
202001,410,2865
202001,412,13551
202001,413,24850
202001,414,24915
202001,415,12843
202001,416,8293
202001,417,3197
202001,418,9221
202001,419,60341
202001,421,9774
202001,424,3313
202001,425,2063
202001,426,637
202001,428,4999
202001,430,1613
202001,432,3038
202001,434,4000
202001,435,2730
202001,437,64125
202001,438,7908
202001,439,3800
202001,441,746
202001,442,2916
202001,443,5253
202001,444,12354
202001,445,2767
202001,446,2486
202001,448,2457
202001,449,4761
202001,450,14903
202001,451,11534
202001,453,12375
202001,454,29868
202001,455,9102
202001,457,8333
202001,458,954
202001,459,7774
202001,460,815
202001,461,14981
202001,462,15913
202001,463,1652
202001,465,4242
202001,466,1990
202001,467,3391
202001,468,1304
202001,469,5845
202001,470,2001
202001,471,60
202001,474,3272
202001,480,3315
202001,482,5957
202001,484,5799
202001,485,22918
202001,487,13197
202001,489,2713
202001,490,2814
202001,491,6631
202001,494,9137
202001,495,1397
202001,496,2044
202001,499,1603
202001,501,23686
202001,502,5170
202001,503,6984
202001,504,4566
202001,505,14790
202001,506,4912
202001,507,1497
202001,508,3647
202001,509,2142
202001,510,1741
202001,511,36771
202001,512,5780
202001,514,6432
202001,515,6637
202001,516,28552
202001,518,7129
202001,519,6728
202001,520,1810
202001,522,3174
202001,523,8329
202001,524,71105
202001,525,3281
202001,529,9066
202001,530,7219
202001,531,3783
202001,532,28584
202001,533,640
202001,534,18717
202001,535,4738
202001,537,1034
202001,539,8761
202001,541,103030
202001,543,20528
202001,544,1439
202001,545,13
202001,547,981
202001,548,9627
202001,549,2130
202001,551,17127
202001,553,3871
202002,2,3524
202002,4,23210
202002,5,3603
202002,6,32178
202002,8,6162
202002,9,1198
202002,12,8328
202002,13,1502
202002,14,34165
202002,15,5847
202002,17,9817
202002,18,1495
202002,20,7745
202002,21,803
202002,22,2874
202002,23,1068
202002,24,1207
202002,25,3614
202002,26,490
202002,27,5926
202002,28,3960
202002,29,2865
202002,30,31182
202002,31,4061
202002,32,7462
202002,34,22814
202002,35,3476
202002,36,98353
202002,38,4305
202002,40,6570
202002,41,4110
202002,45,15060
202002,46,74849
202002,47,7274
202002,48,889
202002,53,12374
202002,55,27946
202002,58,4586
202002,59,9613
202002,60,1552
202002,61,9774
202002,62,14087
202002,63,8631
202002,65,29851
202002,71,12487
202002,72,1912
202002,73,11344
202002,75,6550
202002,76,2150
202002,80,25452
202002,81,15888
202002,82,1096
202002,83,51658
202002,84,2970
202002,85,1436
202002,87,8991
202002,89,15072
202002,90,1846
202002,91,48027
202002,94,112512
202002,96,3720
202002,97,2466
202002,99,3403
202002,102,2345
202002,104,5417
202002,105,1784
202002,107,4460
202002,108,8658
202002,109,3970
202002,110,2095
202002,112,7965
202002,113,74835
202002,114,3171
202002,115,35595
202002,117,35679
202002,120,92928
202002,121,9540
202002,122,1943
202002,123,2306
202002,125,6386
202002,126,49922
202002,128,1447
202002,130,6115
202002,131,28420
202002,132,6360
202002,133,34741
202002,134,14045
202002,135,14331
202002,136,1200
202002,137,5634
202002,138,32811
202002,139,2703
202002,140,5337
202002,141,2040
202002,143,27380
202002,144,27981
202002,145,15329
202002,146,1923
202002,147,2510
202002,148,4245
202002,149,3422
202002,151,12863
202002,153,5076
202002,154,12342
202002,156,2641
202002,157,1523
202002,160,9720
202002,163,80862
202002,164,14235
202002,165,28567
202002,166,302423
202002,167,14987
202002,169,37552
202002,171,7147
202002,175,21904
202002,176,31030
202002,177,34252
202002,178,18065
202002,179,88154
202002,180,2899
202002,182,22863
202002,183,2484
202002,184,1153
202002,185,1
202002,186,245737
202002,187,8914
202002,188,166788
202002,190,9336
202002,191,10552
202002,192,67032
202002,193,14263
202002,194,57641
202002,195,24762
202002,196,6100
202002,198,6574
202002,199,39230
202002,200,13973
202002,203,26655
202002,204,123930
202002,205,774
202002,206,22084
202002,207,79428
202002,208,120110
202002,209,31307
202002,210,141887
202002,211,21235
202002,212,835
202002,213,142332
202002,214,1363
202002,215,7311
202002,216,169342
202002,217,5703
202002,218,65315
202002,219,21193
202002,220,143365
202002,221,6982
202002,222,317469
202002,223,15939
202002,225,421
202002,226,1060
202002,228,3572
202002,229,36249
202002,230,115530
202002,231,17026
202002,232,27349
202002,233,5998
202002,234,14879
202002,235,237258
202002,239,6183
202002,241,10838
202002,247,5654
202002,248,1823
202002,251,5741
202002,252,1840
202002,253,1384
202002,254,1681
202002,255,6137
202002,256,1141
202002,258,14529
202002,259,5585
202002,260,5612
202002,261,3177
202002,262,12029
202002,264,21970
202002,265,1784
202002,266,32617
202002,267,25133
202002,268,1793
202002,269,1551
202002,270,52010
202002,272,14194
202002,273,31445
202002,275,5468
202002,277,22710
202002,280,30179
202002,281,15420
202002,282,40823
202002,283,7667
202002,284,9481
202002,285,3890
202002,286,13612
202002,287,133430
202002,288,19761
202002,289,50886
202002,290,4931
202002,291,90269
202002,292,23329
202002,293,6013
202002,295,12938
202002,298,520
202002,299,2382
202002,303,1226
202002,304,154187
202002,305,17069
202002,307,7943
202002,308,106868
202002,309,10687
202002,311,69940
202002,312,164
202002,313,6840
202002,315,8936
202002,316,24923
202002,317,37646
202002,318,5538
202002,321,204
202002,322,1063
202002,323,1945
202002,324,1686
202002,325,3741
202002,326,11844
202002,327,6252
202002,328,1642
202002,331,5386
202002,333,20867
202002,334,1440
202002,335,6839
202002,336,1825
202002,337,25957
202002,338,5698
202002,340,73261
202002,341,35529
202002,342,2929
202002,343,3635
202002,344,25634
202002,345,21025
202002,346,10305
202002,347,37188
202002,350,30159
202002,351,39708
202002,352,77420
202002,353,1768
202002,354,7615
202002,356,5101
202002,357,1313
202002,358,2095
202002,359,4328
202002,360,26604
202002,361,5055
202002,362,4365
202002,363,11978
202002,364,1291
202002,365,7871
202002,366,4945
202002,367,67009
202002,368,2901
202002,369,200
202002,370,3434
202002,375,583
202002,376,824
202002,377,2544
202002,378,40580
202002,381,3749
202002,383,4548
202002,384,3039
202002,385,15015
202002,386,35468
202002,387,33199
202002,388,11800
202002,389,15799
202002,390,2369
202002,394,1966
202002,395,1569
202002,396,1071
202002,397,6805
202002,398,2010
202002,399,8148
202002,400,1285
202002,401,3343
202002,402,175
202002,403,41630
202002,404,7087
202002,405,2335
202002,406,5935
202002,407,3427
202002,409,20648
202002,410,2309
202002,412,10890
202002,413,20085
202002,414,14928
202002,415,8131
202002,416,6503
202002,417,2249
202002,418,7596
202002,419,43713
202002,421,7733
202002,424,2832
202002,425,1479
202002,426,507
202002,428,4037
202002,432,2946
202002,434,3667
202002,435,1719
202002,437,54036
202002,438,7197
202002,439,1832
202002,441,463
202002,442,2918
202002,443,5425
202002,444,13694
202002,445,3112
202002,446,2258
202002,449,3230
202002,450,9312
202002,451,10725
202002,453,10185
202002,454,28255
202002,455,8594
202002,457,9158
202002,458,678
202002,459,6341
202002,460,546
202002,461,17010
202002,462,11857
202002,463,2588
202002,465,1684
202002,466,2068
202002,467,3237
202002,468,995
202002,469,4475
202002,470,2275
202002,471,57
202002,474,3127
202002,480,3030
202002,482,4196
202002,484,4959
202002,485,20369
202002,487,13968
202002,489,2609
202002,490,2403
202002,491,2844
202002,494,6150
202002,495,358
202002,496,1201
202002,499,1711
202002,501,18541
202002,502,4218
202002,503,4543
202002,504,3966
202002,505,8301
202002,506,5024
202002,508,3109
202002,509,2478
202002,510,1696
202002,511,36581
202002,512,5608
202002,514,5919
202002,515,5408
202002,516,24513
202002,518,6284
202002,519,6319
202002,520,2043
202002,522,3045
202002,523,4898
202002,524,40868
202002,525,1828
202002,529,7808
202002,530,5952
202002,531,2061
202002,532,26208
202002,533,508
202002,534,19596
202002,535,4336
202002,537,867
202002,539,6476
202002,541,91842
202002,543,16669
202002,544,1554
202002,547,802
202002,548,7422
202002,549,180
202002,551,17458
202002,553,1177
202003,2,2305
202003,4,16964
202003,5,1674
202003,6,29226
202003,8,5902
202003,9,595
202003,12,6183
202003,13,486
202003,14,9282
202003,15,4053
202003,17,9117
202003,18,1561
202003,20,5589
202003,21,862
202003,22,2511
202003,23,642
202003,24,1344
202003,25,3531
202003,26,535
202003,27,8392
202003,28,3751
202003,29,2268
202003,30,23709
202003,31,9943
202003,32,6563
202003,34,18312
202003,35,1958
202003,36,68720
202003,38,3348
202003,40,4633
202003,41,2572
202003,45,15464
202003,46,64385
202003,47,7482
202003,48,1845
202003,53,11246
202003,55,14148
202003,58,3872
202003,59,4319
202003,60,1215
202003,61,6794
202003,62,11186
202003,63,7009
202003,65,23576
202003,66,1042
202003,71,9532
202003,72,1142
202003,73,8557
202003,75,5297
202003,76,2611
202003,80,8014
202003,81,7272
202003,82,1868
202003,83,45946
202003,84,2098
202003,85,1822
202003,87,8435
202003,89,12109
202003,90,2164
202003,91,19370
202003,94,79768
202003,96,2464
202003,97,1504
202003,99,1770
202003,102,2262
202003,104,5005
202003,105,1437
202003,107,3019
202003,108,8142
202003,109,2412
202003,110,567
202003,112,7251
202003,113,71871
202003,114,2280
202003,115,35088
202003,117,33241
202003,118,2445
202003,120,72224
202003,121,9562
202003,122,1101
202003,123,2017
202003,125,2812
202003,126,50930
202003,128,1504
202003,130,4115
202003,131,25998
202003,132,6032
202003,133,31767
202003,134,13057
202003,135,9906
202003,136,1464
202003,137,5921
202003,138,42731
202003,139,1748
202003,140,6108
202003,141,1873
202003,142,1134
202003,143,18545
202003,144,29544
202003,145,7517
202003,146,1392
202003,147,2014
202003,148,3600
202003,149,2089
202003,151,13092
202003,153,3580
202003,154,15662
202003,160,4284
202003,163,68850
202003,164,10151
202003,166,190792
202003,167,13767
202003,169,21908
202003,171,5295
202003,175,11716
202003,176,15050
202003,177,8509
202003,178,6672
202003,179,17150
202003,180,1303
202003,182,14555
202003,183,1407
202003,184,888
202003,186,197729
202003,187,7874
202003,188,82853
202003,190,8717
202003,191,8833
202003,192,51959
202003,193,4102
202003,194,53319
202003,195,3271
202003,196,4499
202003,198,4401
202003,199,31307
202003,200,6543
202003,203,14468
202003,204,108084
202003,206,8637
202003,207,57353
202003,208,98568
202003,209,24551
202003,210,101683
202003,211,17632
202003,213,93587
202003,215,2994
202003,216,73928
202003,217,3391
202003,218,40622
202003,219,15789
202003,220,89284
202003,221,4289
202003,222,228231
202003,223,10712
202003,226,766
202003,228,3651
202003,229,32561
202003,230,75193
202003,231,14184
202003,232,15746
202003,233,3142
202003,234,13434
202003,235,188899
202003,239,9984
202003,241,3093
202003,247,4724
202003,248,1071
202003,251,3573
202003,252,1775
202003,253,1912
202003,254,2067
202003,255,3177
202003,256,1733
202003,258,10294
202003,259,3734
202003,260,4400
202003,261,2214
202003,262,8915
202003,264,16627
202003,265,1652
202003,266,24800
202003,267,19471
202003,268,1410
202003,269,1229
202003,270,40168
202003,272,3311
202003,273,22015
202003,275,1764
202003,277,10217
202003,280,11491
202003,281,9423
202003,282,26634
202003,283,4727
202003,284,3646
202003,286,10474
202003,287,66531
202003,288,19009
202003,289,39339
202003,290,2385
202003,291,32628
202003,292,11792
202003,293,4977
202003,295,9442
202003,298,213
202003,299,1395
202003,304,79990
202003,305,12657
202003,307,4777
202003,308,78592
202003,309,9206
202003,311,32919
202003,313,5120
202003,315,7479
202003,316,5813
202003,317,30867
202003,318,4486
202003,321,1449
202003,322,1761
202003,323,903
202003,324,1889
202003,325,2254
202003,326,9994
202003,327,4536
202003,328,2573
202003,331,4394
202003,333,21061
202003,334,873
202003,335,4239
202003,336,2267
202003,337,22686
202003,338,3007
202003,340,57497
202003,341,30421
202003,342,2247
202003,343,4522
202003,344,24909
202003,345,21286
202003,346,10733
202003,347,33458
202003,350,23989
202003,351,31460
202003,352,60116
202003,353,2763
202003,354,9290
202003,356,5161
202003,357,2250
202003,358,1607
202003,359,2361
202003,360,5650
202003,361,1050
202003,362,2360
202003,363,15510
202003,364,2352
202003,365,3729
202003,366,5620
202003,367,52618
202003,368,2181
202003,369,280
202003,370,607
202003,375,59
202003,376,546
202003,377,1469
202003,378,21648
202003,381,2415
202003,384,2175
202003,385,13509
202003,386,19006
202003,387,26154
202003,388,10471
202003,389,6287
202003,390,2149
202003,394,2211
202003,395,660
202003,396,1952
202003,397,5223
202003,398,1945
202003,399,6769
202003,400,1240
202003,401,2605
202003,402,72
202003,403,39012
202003,404,6754
202003,405,2145
202003,406,5809
202003,407,2361
202003,409,16068
202003,410,1959
202003,412,6248
202003,413,8958
202003,414,7137
202003,415,3388
202003,416,2305
202003,418,3568
202003,419,23066
202003,421,3277
202003,424,2444
202003,425,2334
202003,426,984
202003,428,4980
202003,432,2099
202003,434,2145
202003,435,1207
202003,437,50338
202003,438,5238
202003,440,765
202003,441,451
202003,442,2183
202003,443,3493
202003,444,13097
202003,445,1812
202003,446,1664
202003,449,1799
202003,450,6524
202003,451,10631
202003,453,7699
202003,454,25580
202003,457,7045
202003,458,628
202003,459,6008
202003,461,15624
202003,462,10199
202003,465,1114
202003,466,1671
202003,467,2384
202003,468,775
202003,469,3198
202003,470,2019
202003,471,50
202003,474,2465
202003,480,1724
202003,482,857
202003,483,576
202003,484,2126
202003,485,16974
202003,487,9618
202003,489,2609
202003,490,2080
202003,491,875
202003,494,7022
202003,495,340
202003,496,2103
202003,497,1386
202003,499,2504
202003,501,19990
202003,502,4456
202003,503,966
202003,504,5262
202003,505,3929
202003,506,4561
202003,508,3248
202003,509,1914
202003,510,1677
202003,511,30448
202003,512,5026
202003,513,455
202003,514,4447
202003,515,5028
202003,516,23899
202003,518,5477
202003,519,6869
202003,520,1934
202003,522,2658
202003,523,2399
202003,524,13414
202003,525,693
202003,529,6827
202003,530,6503
202003,531,985
202003,532,25401
202003,533,507
202003,534,12954
202003,535,4067
202003,537,1478
202003,539,5515
202003,540,189
202003,541,93538
202003,543,13588
202003,544,1007
202003,545,18
202003,546,653
202003,547,368
202003,548,8623
202003,551,16925
202003,553,2243
202004,4,4057
202004,6,12190
202004,8,2366
202004,12,1497
202004,17,3802
202004,18,937
202004,20,2058
202004,22,838
202004,24,605
202004,26,259
202004,27,309
202004,28,1021
202004,29,479
202004,30,9246
202004,31,2279
202004,32,2475
202004,34,3628
202004,35,275
202004,36,14121
202004,38,516
202004,40,369
202004,45,3133
202004,46,18827
202004,47,1557
202004,48,1108
202004,53,1970
202004,58,573
202004,60,11
202004,61,596
202004,62,986
202004,63,1198
202004,65,3141
202004,75,2223
202004,76,1068
202004,80,436
202004,83,6787
202004,84,129
202004,85,11
202004,87,2465
202004,89,3978
202004,90,1225
202004,94,17352
202004,96,144
202004,102,200
202004,104,291
202004,107,221
202004,108,206
202004,112,2637
202004,113,21543
202004,114,510
202004,115,10867
202004,117,9636
202004,118,2615
202004,120,19762
202004,121,2453
202004,123,199
202004,126,14122
202004,128,491
202004,130,1483
202004,131,7892
202004,132,218
202004,133,6572
202004,134,3052
202004,135,1996
202004,136,840
202004,137,3041
202004,138,18324
202004,140,2219
202004,141,604
202004,143,2562
202004,144,5733
202004,147,519
202004,148,639
202004,149,204
202004,151,1915
202004,153,929
202004,154,20
202004,163,13179
202004,165,4424
202004,166,20611
202004,167,3043
202004,169,331
202004,171,148
202004,175,2990
202004,176,2415
202004,177,5341
202004,179,258
202004,182,350
202004,184,101
202004,186,37248
202004,187,2154
202004,188,3975
202004,190,364
202004,191,922
202004,192,14095
202004,194,7790
202004,196,632
202004,199,3291
202004,203,5275
202004,204,25177
202004,207,7565
202004,208,20050
202004,209,4443
202004,210,13239
202004,211,1028
202004,213,17357
202004,215,930
202004,216,2604
202004,217,187
202004,218,7314
202004,219,15
202004,220,16254
202004,221,166
202004,222,34134
202004,223,1075
202004,228,42
202004,229,3513
202004,230,14851
202004,231,2663
202004,232,4239
202004,233,302
202004,234,1647
202004,235,31636
202004,239,15656
202004,252,111
202004,253,17
202004,255,402
202004,256,16
202004,261,50
202004,266,172
202004,269,508
202004,270,2773
202004,280,1637
202004,283,964
202004,286,1107
202004,288,5660
202004,289,3602
202004,293,1246
202004,299,103
202004,305,2892
202004,307,685
202004,308,16584
202004,309,1256
202004,313,200
202004,315,3187
202004,317,3125
202004,318,2510
202004,321,1187
202004,322,73
202004,324,28
202004,325,217
202004,326,1741
202004,327,1845
202004,328,1222
202004,331,861
202004,333,5750
202004,335,513
202004,336,143
202004,337,5401
202004,340,1969
202004,341,7034
202004,342,204
202004,343,347
202004,344,6196
202004,345,8684
202004,346,931
202004,347,7990
202004,350,2952
202004,351,3460
202004,352,10953
202004,353,151
202004,354,1656
202004,356,90
202004,357,3689
202004,358,56
202004,363,4082
202004,364,134
202004,366,2272
202004,367,12821
202004,368,747
202004,381,630
202004,384,205
202004,385,2161
202004,387,3446
202004,388,2312
202004,390,295
202004,394,280
202004,395,4758
202004,397,1679
202004,399,1762
202004,401,1144
202004,403,9551
202004,404,2862
202004,405,847
202004,406,2566
202004,407,1184
202004,409,4831
202004,410,834
202004,419,2005
202004,424,632
202004,425,279
202004,426,127
202004,428,2918
202004,432,89
202004,434,455
202004,437,15447
202004,438,1971
202004,439,318
202004,442,328
202004,443,288
202004,444,4029
202004,445,148
202004,446,80
202004,451,3074
202004,453,2421
202004,454,5992
202004,457,1619
202004,461,646
202004,462,3205
202004,465,704
202004,466,136
202004,467,762
202004,470,68
202004,474,687
202004,480,26
202004,485,1105
202004,487,529
202004,489,411
202004,490,324
202004,494,1931
202004,496,201
202004,497,3375
202004,499,18
202004,501,8361
202004,502,144
202004,504,729
202004,505,925
202004,506,217
202004,507,808
202004,508,1022
202004,509,258
202004,510,310
202004,511,9078
202004,512,1404
202004,513,1621
202004,514,315
202004,515,2562
202004,516,13518
202004,518,647
202004,519,3939
202004,520,123
202004,522,668
202004,528,43
202004,529,3058
202004,530,272
202004,532,2038
202004,533,192
202004,534,4107
202004,535,1088
202004,537,183
202004,540,2080
202004,541,27254
202004,545,2
202004,546,2235
202004,548,261
202004,549,700
202004,551,7087
202004,553,8532
202005,4,426
202005,17,247
202005,24,15
202005,25,35
202005,29,189
202005,30,332
202005,31,1149
202005,34,30
202005,36,2434
202005,46,1553
202005,58,14
202005,65,541
202005,80,170
202005,83,308
202005,87,16
202005,94,5148
202005,113,2792
202005,115,707
202005,117,965
202005,118,684
202005,120,3552
202005,126,219
202005,131,16
202005,133,65
202005,136,32
202005,138,49
202005,143,951
202005,144,23
202005,151,34
202005,154,89
202005,163,1099
202005,165,1917
202005,166,4312
202005,175,1653
202005,176,552
202005,177,4115
202005,179,525
202005,182,411
202005,183,498
202005,186,6548
202005,188,1609
202005,192,98
202005,194,1240
202005,196,363
202005,203,2470
202005,204,2011
202005,207,885
202005,208,2984
202005,209,748
202005,210,3361
202005,213,2314
202005,215,1038
202005,216,1431
202005,217,2
202005,218,367
202005,220,1518
202005,222,5501
202005,223,318
202005,229,221
202005,230,1151
202005,231,286
202005,232,3024
202005,234,159
202005,235,6104
202005,239,2593
202005,261,43
202005,264,69
202005,266,63
202005,286,99
202005,289,199
202005,308,77
202005,309,1147
202005,315,25
202005,363,4
202005,367,1232
202005,378,699
202005,387,19
202005,395,11
202005,403,363
202005,418,486
202005,419,639
202005,437,431
202005,453,61
202005,454,127
202005,461,236
202005,504,118
202005,513,102
202005,516,43
202005,528,30
202005,529,12
202005,532,660
202005,535,324
202005,540,131
202005,541,1927
202005,543,69
202005,551,424
202005,553,371
202006,4,5032
202006,6,6892
202006,8,277
202006,9,199
202006,12,239
202006,17,185
202006,22,304
202006,24,73
202006,30,6946
202006,31,1296
202006,32,1226
202006,34,1138
202006,35,62
202006,36,11815
202006,40,53
202006,45,6292
202006,46,15749
202006,47,1771
202006,48,4701
202006,53,95
202006,58,678
202006,61,166
202006,62,1722
202006,63,374
202006,65,7074
202006,66,445
202006,71,263
202006,73,1090
202006,75,1872
202006,76,911
202006,80,110
202006,82,182
202006,83,6090
202006,89,1529
202006,90,1196
202006,94,17891
202006,96,46
202006,107,37
202006,108,4833
202006,112,1495
202006,113,23302
202006,115,11122
202006,117,11798
202006,118,13510
202006,120,22207
202006,126,13085
202006,128,903
202006,130,620
202006,131,5434
202006,133,6509
202006,134,2173
202006,136,194
202006,137,406
202006,138,11666
202006,140,1514
202006,142,447
202006,143,3538
202006,144,4004
202006,147,100
202006,151,157
202006,153,383
202006,163,10195
202006,164,3354
202006,165,4547
202006,166,12063
202006,167,325
202006,169,1009
202006,175,3696
202006,176,834
202006,177,4645
202006,178,162
202006,179,133
202006,183,594
202006,186,43793
202006,188,2802
202006,190,255
202006,192,7572
202006,194,6782
202006,196,347
202006,199,766
202006,200,502
202006,203,3243
202006,204,14792
202006,207,8493
202006,208,19921
202006,209,5648
202006,210,17050
202006,213,24157
202006,215,650
202006,216,2748
202006,217,1004
202006,218,2083
202006,219,1349
202006,220,11582
202006,221,301
202006,222,29074
202006,223,488
202006,229,2562
202006,230,7019
202006,231,965
202006,232,3474
202006,234,1239
202006,235,43398
202006,239,13445
202006,258,389
202006,264,385
202006,266,333
202006,267,263
202006,268,27
202006,281,126
202006,286,1745
202006,288,531
202006,289,265
202006,293,2
202006,308,1439
202006,309,755
202006,313,154
202006,315,627
202006,317,542
202006,318,323
202006,321,237
202006,326,557
202006,327,370
202006,328,980
202006,331,39
202006,333,3057
202006,336,38
202006,337,2873
202006,340,552
202006,341,1437
202006,344,1660
202006,345,1905
202006,347,2497
202006,350,1239
202006,351,944
202006,352,2483
202006,357,985
202006,363,230
202006,364,49
202006,366,166
202006,367,16257
202006,368,558
202006,378,2190
202006,381,132
202006,385,625
202006,386,149
202006,387,1397
202006,389,89
202006,390,90
202006,395,2463
202006,397,1030
202006,399,1833
202006,400,474
202006,401,670
202006,403,10157
202006,404,2139
202006,405,429
202006,406,2245
202006,407,16
202006,409,1055
202006,410,874
202006,419,1997
202006,425,392
202006,426,433
202006,428,1859
202006,434,32
202006,437,6983
202006,438,33
202006,442,87
202006,443,78
202006,444,1951
202006,445,51
202006,451,973
202006,453,466
202006,454,8711
202006,459,498
202006,461,3370
202006,462,2135
202006,465,805
202006,467,260
202006,485,957
202006,487,585
202006,497,3611
202006,502,463
202006,504,572
202006,511,5221
202006,512,177
202006,513,1599
202006,516,7817
202006,519,141
202006,522,162
202006,528,353
202006,529,2744
202006,532,4951
202006,534,432
202006,535,1905
202006,540,268
202006,541,27241
202006,543,2897
202006,551,6600
202006,553,8202
202007,4,14191
202007,6,13939
202007,8,3116
202007,9,4829
202007,12,1004
202007,17,4814
202007,22,2093
202007,24,193
202007,25,82
202007,28,682
202007,29,866
202007,30,10618
202007,31,1665
202007,32,5143
202007,34,3367
202007,36,25897
202007,40,1220
202007,45,8428
202007,46,26080
202007,47,2655
202007,48,6714
202007,53,362
202007,58,915
202007,61,437
202007,62,3548
202007,63,286
202007,65,12555
202007,71,2382
202007,73,3997
202007,75,5281
202007,76,1498
202007,80,216
202007,83,18162
202007,87,2493
202007,89,3312
202007,90,3156
202007,94,40870
202007,108,9919
202007,113,34722
202007,114,131
202007,115,26587
202007,117,18314
202007,118,17678
202007,120,47063
202007,123,259
202007,126,26342
202007,128,1544
202007,130,1694
202007,131,13558
202007,133,15412
202007,134,7934
202007,136,291
202007,138,19913
202007,140,2303
202007,141,364
202007,143,8363
202007,144,7045
202007,151,3850
202007,153,382
202007,163,24619
202007,164,6668
202007,165,7905
202007,166,36954
202007,167,588
202007,169,3517
202007,175,4763
202007,176,1459
202007,177,6145
202007,178,2801
202007,179,861
202007,182,4324
202007,183,819
202007,186,91128
202007,187,5192
202007,188,4522
202007,190,675
202007,192,19306
202007,194,12593
202007,196,699
202007,198,109
202007,199,773
202007,200,218
202007,203,3534
202007,204,35642
202007,207,23569
202007,208,44014
202007,209,12464
202007,210,33918
202007,213,56333
202007,215,630
202007,216,4055
202007,217,1335
202007,218,11579
202007,219,4425
202007,220,29163
202007,222,57971
202007,223,729
202007,228,1461
202007,229,8908
202007,230,19384
202007,231,6034
202007,232,4734
202007,234,2217
202007,235,84865
202007,239,30838
202007,247,1984
202007,248,481
202007,255,188
202007,258,3233
202007,260,484
202007,261,1106
202007,264,1751
202007,265,873
202007,266,2445
202007,267,3131
202007,268,430
202007,270,2414
202007,286,2654
202007,288,3170
202007,289,4308
202007,307,854
202007,308,14872
202007,309,226
202007,313,829
202007,315,3129
202007,317,760
202007,318,1786
202007,321,688
202007,322,289
202007,324,8
202007,325,57
202007,326,6332
202007,327,2726
202007,328,2896
202007,331,651
202007,333,8992
202007,335,365
202007,336,326
202007,337,7574
202007,340,1229
202007,341,6901
202007,344,7369
202007,345,6312
202007,346,367
202007,347,9458
202007,350,2936
202007,351,3519
202007,352,10292
202007,357,3973
202007,358,25
202007,359,22
202007,363,1280
202007,364,768
202007,367,28663
202007,368,2083
202007,369,10
202007,377,1074
202007,378,2171
202007,381,1019
202007,384,201
202007,385,2462
202007,386,731
202007,387,2711
202007,389,156
202007,390,716
202007,394,126
202007,395,453
202007,396,997
202007,397,4899
202007,399,5976
202007,400,1248
202007,401,2850
202007,403,20543
202007,404,6368
202007,405,1226
202007,406,4712
202007,409,6059
202007,410,1210
202007,412,1363
202007,419,2896
202007,424,402
202007,426,977
202007,428,5098
202007,432,300
202007,434,118
202007,437,18008
202007,438,2838
202007,442,676
202007,443,735
202007,444,5065
202007,445,178
202007,451,5557
202007,453,3179
202007,454,15801
202007,457,1554
202007,458,639
202007,459,4410
202007,461,10594
202007,462,7949
202007,465,2691
202007,466,39
202007,467,1532
202007,470,6
202007,485,3724
202007,487,3889
202007,489,68
202007,490,255
202007,496,209
202007,497,4172
202007,499,766
202007,501,11059
202007,502,2657
202007,506,106
202007,509,74
202007,511,11961
202007,512,1115
202007,513,2084
202007,514,270
202007,516,18375
202007,522,788
202007,524,151
202007,528,386
202007,529,5061
202007,531,1000
202007,532,10914
202007,534,1106
202007,535,1803
202007,540,370
202007,541,51858
202007,543,6629
202007,546,808
202007,551,12127
202007,553,11973
202008,4,18408
202008,6,18459
202008,8,2717
202008,9,1742
202008,12,1529
202008,17,5733
202008,18,205
202008,20,3580
202008,22,2728
202008,24,218
202008,28,1275
202008,29,1388
202008,30,17860
202008,31,1409
202008,32,5937
202008,34,5108
202008,36,33627
202008,40,1572
202008,45,11343
202008,46,36747
202008,47,2995
202008,48,8500
202008,49,867
202008,52,3303
202008,54,2126
202008,57,988
202008,58,1394
202008,61,976
202008,62,2746
202008,63,282
202008,64,238
202008,65,15545
202008,71,6104
202008,73,7219
202008,75,5979
202008,76,2137
202008,80,118
202008,83,27181
202008,87,3487
202008,89,6857
202008,90,2366
202008,94,43328
202008,102,13
202008,108,12249
202008,112,3243
202008,113,44458
202008,114,304
202008,115,31942
202008,117,30202
202008,118,21890
202008,120,50013
202008,123,293
202008,126,32635
202008,128,1203
202008,130,2053
202008,131,18217
202008,133,18982
202008,134,12430
202008,136,143
202008,137,2076
202008,138,24845
202008,140,2427
202008,141,240
202008,142,3046
202008,143,8384
202008,144,8829
202008,151,4020
202008,152,149
202008,153,1286
202008,160,112
202008,163,33242
202008,164,6465
202008,165,9178
202008,166,78726
202008,167,3135
202008,169,6368
202008,175,3333
202008,176,1116
202008,177,5245
202008,178,4757
202008,179,207
202008,182,5084
202008,183,796
202008,186,105574
202008,187,5502
202008,188,3954
202008,190,2839
202008,191,9
202008,192,28090
202008,194,13967
202008,196,472
202008,198,809
202008,199,1331
202008,200,532
202008,203,4158
202008,204,52920
202008,207,32472
202008,208,52209
202008,209,14945
202008,210,47791
202008,211,1517
202008,213,85012
202008,215,471
202008,216,3888
202008,217,1998
202008,218,18940
202008,219,5143
202008,220,34086
202008,222,87848
202008,223,377
202008,228,1618
202008,229,14322
202008,230,28312
202008,231,6548
202008,232,4365
202008,234,2561
202008,235,129679
202008,239,43038
202008,247,2109
202008,254,62
202008,255,169
202008,258,3186
202008,259,1276
202008,260,1070
202008,261,942
202008,264,5459
202008,265,1024
202008,266,4643
202008,267,3357
202008,268,741
202008,269,241
202008,270,841
202008,286,7512
202008,288,5827
202008,289,9519
202008,293,570
202008,305,7048
202008,307,1785
202008,308,28381
202008,309,279
202008,313,865
202008,315,4651
202008,317,3719
202008,318,2263
202008,321,1641
202008,322,49
202008,324,15
202008,325,176
202008,326,7595
202008,327,2976
202008,328,2624
202008,331,1487
202008,333,10776
202008,335,384
202008,337,14739
202008,340,5340
202008,341,16101
202008,344,10984
202008,345,12189
202008,346,4103
202008,347,11482
202008,350,4667
202008,351,6916
202008,352,15611
202008,354,1587
202008,357,7512
202008,358,25
202008,363,2997
202008,364,1131
202008,367,39420
202008,368,2656
202008,369,262
202008,376,10
202008,377,1856
202008,378,2006
202008,381,1269
202008,384,339
202008,385,3055
202008,386,678
202008,387,6539
202008,388,683
202008,389,120
202008,390,555
202008,394,65
202008,397,5731
202008,398,1440
202008,399,7567
202008,400,1800
202008,401,2675
202008,403,24870
202008,404,7509
202008,405,1322
202008,406,5901
202008,407,1160
202008,409,7970
202008,410,1416
202008,412,1370
202008,418,217
202008,419,2552
202008,422,273
202008,424,890
202008,426,917
202008,428,4835
202008,432,593
202008,434,144
202008,437,26019
202008,438,3683
202008,442,656
202008,443,723
202008,444,6010
202008,445,385
202008,446,34
202008,451,2517
202008,453,3763
202008,454,28260
202008,457,3327
202008,458,561
202008,459,5135
202008,461,15060
202008,462,12918
202008,465,2879
202008,466,27
202008,467,2058
202008,469,264
202008,470,6
202008,485,4247
202008,487,4264
202008,489,247
202008,490,227
202008,496,122
202008,497,6094
202008,499,432
202008,501,11444
202008,502,3291
202008,506,62
202008,507,388
202008,509,48
202008,511,17598
202008,512,1905
202008,513,2555
202008,514,663
202008,516,2382
202008,522,1284
202008,524,244
202008,528,405
202008,529,5884
202008,531,2391
202008,532,12835
202008,534,2113
202008,535,2980
202008,540,515
202008,541,70929
202008,543,8473
202008,546,1018
202008,551,14628
202008,553,16922
202009,1,237
202009,4,13191
202009,6,15594
202009,8,2412
202009,9,86
202009,12,1841
202009,17,6756
202009,18,789
202009,20,4348
202009,21,37
202009,22,2713
202009,23,105
202009,24,316
202009,28,938
202009,29,1118
202009,30,16200
202009,31,2180
202009,32,4869
202009,33,657
202009,34,6222
202009,36,29400
202009,40,1034
202009,45,10706
202009,46,33593
202009,47,2688
202009,48,7450
202009,49,3303
202009,52,10784
202009,54,7728
202009,57,3258
202009,58,1834
202009,61,822
202009,62,2055
202009,63,257
202009,64,991
202009,65,14843
202009,71,7079
202009,73,7187
202009,75,5328
202009,76,2508
202009,80,380
202009,83,22563
202009,87,3251
202009,89,7796
202009,90,1981
202009,94,37147
202009,96,921
202009,104,758
202009,108,9618
202009,112,4558
202009,113,37747
202009,114,361
202009,115,28102
202009,117,27433
202009,118,17788
202009,120,40958
202009,121,905
202009,123,21
202009,126,29661
202009,128,1270
202009,130,2570
202009,131,13940
202009,132,176
202009,133,14156
202009,134,9616
202009,135,1356
202009,136,87
202009,137,2647
202009,138,20053
202009,140,1603
202009,141,29
202009,142,3620
202009,143,8867
202009,144,8347
202009,151,3420
202009,152,794
202009,153,1493
202009,154,6
202009,156,320
202009,163,26127
202009,164,6930
202009,165,5372
202009,166,69444
202009,167,4851
202009,169,6477
202009,170,384
202009,175,4238
202009,176,1086
202009,177,5112
202009,178,3429
202009,179,1142
202009,182,3054
202009,183,800
202009,186,87139
202009,187,4673
202009,188,3435
202009,190,5071
202009,191,7
202009,192,24434
202009,194,21737
202009,196,245
202009,198,886
202009,199,1083
202009,200,488
202009,203,3408
202009,204,35272
202009,207,26566
202009,208,39509
202009,209,14982
202009,210,41981
202009,211,2353
202009,213,64516
202009,215,473
202009,216,3995
202009,217,1417
202009,218,14405
202009,219,5449
202009,220,29271
202009,222,78568
202009,223,488
202009,225,5
202009,228,1264
202009,229,11577
202009,230,25044
202009,231,7506
202009,232,5143
202009,234,2146
202009,235,114075
202009,239,34329
202009,247,2905
202009,255,59
202009,258,4514
202009,259,4424
202009,260,2618
202009,261,1707
202009,264,7861
202009,265,1337
202009,266,8440
202009,267,5474
202009,268,1086
202009,269,825
202009,270,216
202009,286,7585
202009,288,6713
202009,289,14678
202009,293,798
202009,305,5981
202009,307,2568
202009,308,22599
202009,313,998
202009,315,4630
202009,317,11575
202009,318,2107
202009,321,3067
202009,322,30
202009,325,53
202009,326,8442
202009,327,3474
202009,328,1695
202009,331,1456
202009,333,6658
202009,335,910
202009,336,25
202009,337,14191
202009,340,4587
202009,341,12949
202009,344,7841
202009,345,7301
202009,346,2024
202009,347,7958
202009,350,3816
202009,351,2693
202009,352,12038
202009,354,1040
202009,357,4139
202009,358,67
202009,363,2149
202009,364,899
202009,367,40712
202009,368,2349
202009,369,259
202009,377,1778
202009,378,1743
202009,381,1116
202009,384,241
202009,385,1620
202009,386,400
202009,387,4419
202009,388,1132
202009,389,230
202009,390,720
202009,396,343
202009,397,5198
202009,398,438
202009,399,6686
202009,400,420
202009,401,2472
202009,403,22882
202009,404,6170
202009,405,1037
202009,406,5316
202009,407,1958
202009,409,7543
202009,410,967
202009,412,1460
202009,413,59
202009,418,87
202009,419,2131
202009,422,189
202009,424,1112
202009,426,741
202009,428,4814
202009,432,531
202009,434,146
202009,437,25619
202009,438,3754
202009,442,758
202009,443,1008
202009,444,6180
202009,445,422
202009,446,190
202009,453,4326
202009,454,27049
202009,457,3433
202009,458,555
202009,459,5419
202009,461,15362
202009,462,12356
202009,465,2375
202009,466,481
202009,467,2223
202009,469,1279
202009,470,6
202009,485,6034
202009,487,6748
202009,489,272
202009,490,262
202009,496,30
202009,497,5347
202009,501,9602
202009,502,2882
202009,507,1045
202009,509,42
202009,510,97
202009,511,14480
202009,512,1033
202009,513,1981
202009,514,237
202009,522,1121
202009,524,483
202009,526,11
202009,528,208
202009,529,4454
202009,531,1951
202009,532,12073
202009,534,1506
202009,535,2752
202009,541,64264
202009,543,11070
202009,546,592
202009,551,17961
202009,553,16443
202010,1,325
202010,4,17153
202010,6,18064
202010,8,3426
202010,12,1956
202010,13,1120
202010,17,8910
202010,18,882
202010,20,5485
202010,22,2749
202010,24,365
202010,28,1706
202010,29,1812
202010,30,18403
202010,31,2698
202010,32,4275
202010,33,1411
202010,34,7551
202010,36,37460
202010,40,1396
202010,45,13166
202010,46,40531
202010,47,3174
202010,48,6886
202010,49,4285
202010,52,12584
202010,53,737
202010,54,9454
202010,57,4535
202010,58,2309
202010,61,190
202010,62,2181
202010,63,296
202010,64,457
202010,65,16603
202010,71,6514
202010,72,51
202010,73,5157
202010,75,6235
202010,76,3217
202010,80,555
202010,83,24552
202010,87,3100
202010,89,9033
202010,90,2172
202010,94,37815
202010,104,980
202010,108,5817
202010,112,5315
202010,113,46676
202010,114,311
202010,115,27192
202010,117,36299
202010,118,19595
202010,120,48778
202010,121,1057
202010,126,31630
202010,128,1507
202010,130,2961
202010,131,14995
202010,133,18747
202010,134,12229
202010,135,2503
202010,137,3271
202010,138,22021
202010,140,1311
202010,142,2824
202010,143,10756
202010,144,8323
202010,151,5949
202010,152,1101
202010,153,1413
202010,156,1500
202010,163,28901
202010,164,3191
202010,165,9409
202010,166,100595
202010,167,6813
202010,169,8740
202010,170,1947
202010,175,4616
202010,176,1119
202010,177,5628
202010,178,5497
202010,179,4442
202010,182,4923
202010,183,1002
202010,186,102708
202010,187,4872
202010,188,2911
202010,190,8044
202010,191,104
202010,192,28682
202010,194,23514
202010,196,272
202010,198,60
202010,199,1735
202010,200,459
202010,203,4325
202010,204,45564
202010,207,26684
202010,208,49460
202010,209,16996
202010,210,48378
202010,211,2523
202010,213,68446
202010,216,4711
202010,217,1648
202010,218,18257
202010,219,4350
202010,220,40119
202010,222,96027
202010,223,428
202010,225,5
202010,228,1442
202010,229,13717
202010,230,29642
202010,231,8589
202010,232,6742
202010,234,2643
202010,235,142963
202010,239,46589
202010,247,2943
202010,258,5975
202010,259,3015
202010,260,3377
202010,261,1764
202010,262,900
202010,264,9454
202010,265,1453
202010,266,23912
202010,267,6535
202010,268,978
202010,269,883
202010,286,7173
202010,288,7456
202010,289,18168
202010,293,345
202010,305,7029
202010,307,3125
202010,308,31968
202010,313,623
202010,315,5411
202010,317,14481
202010,318,2009
202010,321,3599
202010,326,7322
202010,327,3509
202010,328,1505
202010,331,1294
202010,333,7157
202010,335,1138
202010,337,15569
202010,338,399
202010,340,5990
202010,341,16572
202010,344,12062
202010,345,11538
202010,346,1727
202010,347,10812
202010,350,4711
202010,351,2614
202010,352,15058
202010,354,1396
202010,357,3665
202010,363,2913
202010,364,1208
202010,367,46208
202010,368,2505
202010,369,214
202010,377,1324
202010,378,2015
202010,381,1163
202010,384,88
202010,385,1897
202010,386,359
202010,387,4412
202010,388,1154
202010,389,243
202010,390,828
202010,396,715
202010,397,4141
202010,399,6457
202010,401,2334
202010,403,22631
202010,404,6093
202010,405,974
202010,406,6419
202010,407,3024
202010,409,8108
202010,410,1091
202010,412,1315
202010,418,50
202010,419,3887
202010,422,228
202010,424,1028
202010,428,5003
202010,432,546
202010,434,78
202010,437,31498
202010,438,4403
202010,442,60
202010,443,52
202010,444,3508
202010,445,718
202010,446,149
202010,453,4627
202010,454,28947
202010,457,4275
202010,458,346
202010,459,4498
202010,460,1830
202010,461,12952
202010,462,13625
202010,465,2422
202010,466,1154
202010,467,1990
202010,469,1618
202010,485,7405
202010,487,7757
202010,489,340
202010,490,293
202010,497,6004
202010,501,11530
202010,502,2933
202010,507,903
202010,511,7373
202010,512,941
202010,513,2693
202010,514,211
202010,522,1123
202010,524,1010
202010,526,17
202010,529,5335
202010,531,751
202010,532,14612
202010,534,2541
202010,535,3364
202010,541,73893
202010,543,10185
202010,546,1147
202010,551,23862
202010,553,17576
202011,1,386
202011,4,23934
202011,6,18373
202011,8,5268
202011,12,2674
202011,13,930
202011,17,10556
202011,18,1052
202011,20,5582
202011,21,27
202011,22,2700
202011,24,579
202011,25,72
202011,28,3308
202011,29,1968
202011,30,25062
202011,31,2120
202011,32,5427
202011,33,2745
202011,34,9204
202011,36,48675
202011,40,1955
202011,45,13934
202011,46,45904
202011,47,3995
202011,48,8040
202011,49,5020
202011,52,16748
202011,53,991
202011,54,11460
202011,57,4918
202011,58,4576
202011,62,4484
202011,64,1344
202011,65,21635
202011,66,427
202011,71,8658
202011,72,791
202011,73,7574
202011,75,6705
202011,76,3419
202011,80,528
202011,83,30271
202011,87,3889
202011,89,10545
202011,90,2057
202011,94,51094
202011,96,211
202011,108,14082
202011,112,8018
202011,113,61178
202011,114,845
202011,115,29611
202011,117,32853
202011,118,23329
202011,120,59445
202011,121,3063
202011,126,36875
202011,128,1445
202011,130,2971
202011,131,16563
202011,133,19090
202011,134,12558
202011,135,3025
202011,137,3568
202011,138,25265
202011,140,2206
202011,142,4133
202011,143,16654
202011,144,10924
202011,151,9463
202011,152,1181
202011,153,1371
202011,154,91
202011,156,1815
202011,163,40076
202011,164,4991
202011,165,9794
202011,166,157146
202011,167,7165
202011,169,9432
202011,170,1815
202011,175,4835
202011,176,1772
202011,177,6367
202011,178,7561
202011,179,5610
202011,182,7515
202011,183,1272
202011,186,142434
202011,187,6453
202011,188,4232
202011,190,12232
202011,191,1461
202011,192,39277
202011,194,30939
202011,196,256
202011,199,12737
202011,200,1017
202011,203,5922
202011,204,72130
202011,207,37686
202011,208,66585
202011,209,22725
202011,210,71159
202011,211,8510
202011,213,83515
202011,216,6487
202011,217,1161
202011,218,27649
202011,219,6221
202011,220,52909
202011,222,136246
202011,223,429
202011,228,1973
202011,229,19306
202011,230,40938
202011,231,9837
202011,232,7043
202011,233,415
202011,234,4882
202011,235,186393
202011,239,71609
202011,247,2992
202011,258,8263
202011,259,4159
202011,260,4387
202011,261,1958
202011,262,835
202011,264,11644
202011,265,1867
202011,266,28773
202011,267,8184
202011,268,1116
202011,269,1036
202011,286,9658
202011,288,9825
202011,289,24380
202011,293,854
202011,305,8553
202011,307,4085
202011,308,53426
202011,313,895
202011,315,6272
202011,317,26440
202011,318,2745
202011,321,7176
202011,326,7953
202011,327,3354
202011,328,1812
202011,331,1817
202011,333,13744
202011,335,2347
202011,336,498
202011,337,19208
202011,338,526
202011,340,7722
202011,341,16203
202011,343,476
202011,344,8403
202011,345,10907
202011,346,574
202011,347,9908
202011,350,3805
202011,351,4163
202011,352,14433
202011,354,1570
202011,357,3889
202011,363,3101
202011,364,1364
202011,367,54874
202011,368,2978
202011,369,25
202011,376,14
202011,377,1753
202011,378,1223
202011,381,1420
202011,384,136
202011,385,4414
202011,386,466
202011,387,6444
202011,388,1303
202011,389,303
202011,390,1157
202011,395,231
202011,396,2536
202011,397,4034
202011,399,6666
202011,400,768
202011,401,2568
202011,403,26996
202011,404,6554
202011,405,1006
202011,406,6815
202011,407,3479
202011,409,10506
202011,410,1461
202011,412,1145
202011,419,1681
202011,424,1256
202011,428,6901
202011,432,620
202011,434,108
202011,437,36675
202011,438,5593
202011,440,2578
202011,442,1628
202011,443,2125
202011,444,7735
202011,445,1060
202011,446,300
202011,450,103
202011,453,5167
202011,454,36126
202011,457,4971
202011,458,314
202011,459,4991
202011,460,2536
202011,461,17497
202011,462,16755
202011,465,3001
202011,466,513
202011,467,2892
202011,469,1901
202011,473,52
202011,485,8669
202011,487,10341
202011,489,397
202011,490,507
202011,497,7467
202011,501,14726
202011,502,4211
202011,505,231
202011,507,993
202011,509,66
202011,511,14368
202011,512,1748
202011,513,2296
202011,514,445
202011,516,3557
202011,522,1206
202011,524,1113
202011,529,4635
202011,531,1238
202011,532,20375
202011,534,3127
202011,535,3804
202011,539,650
202011,541,86482
202011,543,12829
202011,546,1456
202011,548,2758
202011,551,24692
202011,553,22669
202012,1,451
202012,4,23186
202012,6,20170
202012,8,6624
202012,12,1918
202012,13,1130
202012,17,11135
202012,18,990
202012,20,6250
202012,22,3155
202012,24,496
202012,25,3616
202012,28,3023
202012,29,2192
202012,30,25744
202012,31,3558
202012,32,5013
202012,33,3667
202012,34,10524
202012,36,48942
202012,40,1825
202012,45,14402
202012,46,45109
202012,47,3767
202012,48,9532
202012,49,5290
202012,52,19169
202012,53,793
202012,54,10169
202012,57,5239
202012,58,3962
202012,62,3240
202012,64,2324
202012,65,24809
202012,66,282
202012,71,12247
202012,72,1402
202012,73,9171
202012,75,5577
202012,76,2552
202012,80,541
202012,83,30207
202012,87,3317
202012,89,10303
202012,90,1996
202012,94,58974
202012,96,2542
202012,102,562
202012,108,14711
202012,112,9030
202012,113,64731
202012,114,626
202012,115,24459
202012,117,35683
202012,118,25155
202012,120,62822
202012,121,4567
202012,126,43475
202012,128,1620
202012,130,2849
202012,131,17067
202012,133,27530
202012,134,13536
202012,135,4110
202012,137,4324
202012,138,26244
202012,140,2559
202012,142,4849
202012,143,17130
202012,144,14190
202012,148,439
202012,151,9784
202012,152,1074
202012,153,1212
202012,156,1940
202012,160,218
202012,163,43236
202012,164,7133
202012,165,13901
202012,166,212308
202012,167,20338
202012,169,15385
202012,170,2183
202012,175,4579
202012,176,1938
202012,177,7754
202012,178,12571
202012,179,4910
202012,182,8716
202012,183,1967
202012,186,201912
202012,187,7122
202012,188,3984
202012,190,14236
202012,191,3272
202012,192,53697
202012,194,36349
202012,196,453
202012,199,7949
202012,200,1672
202012,203,7394
202012,204,83286
202012,207,42356
202012,208,78497
202012,209,22138
202012,210,80865
202012,211,13101
202012,213,97146
202012,216,10859
202012,217,2223
202012,218,24462
202012,219,8314
202012,220,53375
202012,222,158874
202012,223,619
202012,228,4548
202012,229,24124
202012,230,49734
202012,231,11061
202012,232,4933
202012,233,918
202012,234,3852
202012,235,181917
202012,239,91430
202012,247,4201
202012,258,11666
202012,259,5027
202012,260,6103
202012,261,2901
202012,262,7439
202012,263,2675
202012,264,21376
202012,265,2150
202012,266,29426
202012,267,10140
202012,268,1203
202012,269,1390
202012,286,10173
202012,288,10895
202012,289,21444
202012,290,1524
202012,293,1445
202012,299,518
202012,305,10408
202012,307,4577
202012,308,63855
202012,313,810
202012,315,7259
202012,317,27044
202012,318,4071
202012,321,8842
202012,326,9503
202012,327,3305
202012,328,1822
202012,331,2600
202012,333,17475
202012,335,2383
202012,336,333
202012,337,19618
202012,338,648
202012,340,5404
202012,341,22744
202012,343,1345
202012,344,11192
202012,345,10798
202012,346,5157
202012,347,9176
202012,350,2791
202012,351,2725
202012,352,12065
202012,353,237
202012,354,454
202012,357,2022
202012,363,2539
202012,364,1779
202012,367,62821
202012,368,3193
202012,369,88
202012,377,1833
202012,378,1183
202012,381,1658
202012,384,415
202012,385,5041
202012,386,471
202012,387,10359
202012,388,2000
202012,389,638
202012,390,1617
202012,395,4243
202012,396,3593
202012,397,4231
202012,399,6444
202012,400,1719
202012,401,3644
202012,403,28170
202012,404,6821
202012,405,991
202012,406,8301
202012,407,3611
202012,409,13321
202012,410,1894
202012,412,794
202012,419,1797
202012,422,82
202012,424,1356
202012,428,6888
202012,432,359
202012,434,627
202012,437,35706
202012,438,5460
202012,439,2826
202012,440,5593
202012,442,2334
202012,443,2893
202012,444,7864
202012,445,1325
202012,446,271
202012,450,8078
202012,451,1655
202012,453,7890
202012,454,32013
202012,457,4552
202012,458,279
202012,459,5451
202012,460,3446
202012,461,19938
202012,462,17935
202012,465,3495
202012,466,760
202012,467,2791
202012,469,2626
202012,473,256
202012,485,9510
202012,487,9636
202012,489,387
202012,490,476
202012,497,9456
202012,501,14056
202012,502,4159
202012,507,1685
202012,509,354
202012,510,37
202012,511,14293
202012,512,2730
202012,513,2919
202012,514,1195
202012,516,4509
202012,522,1422
202012,524,1273
202012,529,5742
202012,531,2182
202012,532,21771
202012,534,2470
202012,535,4476
202012,539,4185
202012,540,4542
202012,541,83670
202012,543,17166
202012,546,511
202012,548,8178
202012,551,24071
202012,553,24408
202101,1,349
202101,4,16819
202101,6,19299
202101,8,4540
202101,12,1151
202101,13,261
202101,16,68
202101,17,7747
202101,18,897
202101,20,3670
202101,21,14
202101,22,1863
202101,23,46
202101,24,235
202101,25,4087
202101,28,2173
202101,29,1171
202101,30,20620
202101,31,796
202101,32,2691
202101,33,851
202101,34,5854
202101,35,2242
202101,36,33195
202101,38,252
202101,40,2145
202101,44,268
202101,45,10389
202101,46,31682
202101,47,29
202101,48,3785
202101,49,4686
202101,52,11435
202101,53,314
202101,54,8699
202101,57,3468
202101,58,2646
202101,62,2280
202101,63,201
202101,65,15430
202101,66,639
202101,69,753
202101,71,8162
202101,72,1400
202101,73,6590
202101,75,3673
202101,76,1894
202101,80,1157
202101,82,464
202101,83,22556
202101,87,1863
202101,89,7325
202101,90,1992
202101,91,167
202101,94,45075
202101,96,2666
202101,102,736
202101,104,756
202101,106,298
202101,107,1181
202101,108,10321
202101,112,5751
202101,113,44623
202101,114,182
202101,115,23841
202101,117,29149
202101,118,20315
202101,120,53261
202101,121,3292
202101,126,43618
202101,128,1331
202101,130,1851
202101,131,18787
202101,133,20781
202101,134,10651
202101,135,4255
202101,138,19421
202101,141,43
202101,142,2713
202101,143,12804
202101,144,12444
202101,147,2647
202101,148,167
202101,149,145
202101,151,4120
202101,152,488
202101,153,817
202101,156,1852
202101,160,462
202101,163,29352
202101,164,4423
202101,165,9923
202101,166,107991
202101,167,16444
202101,169,11400
202101,170,589
202101,175,4131
202101,176,1362
202101,177,5352
202101,178,7778
202101,179,6422
202101,182,3098
202101,183,990
202101,186,167440
202101,187,6148
202101,188,4369
202101,190,6018
202101,191,2193
202101,192,33997
202101,194,27504
202101,196,310
202101,199,3864
202101,200,1422
202101,203,4529
202101,204,56740
202101,207,26478
202101,208,60368
202101,209,16418
202101,210,47931
202101,211,7852
202101,213,57571
202101,216,7734
202101,217,542
202101,218,15254
202101,219,6457
202101,220,34448
202101,222,96750
202101,223,403
202101,225,642
202101,228,3572
202101,229,13283
202101,230,31686
202101,231,6651
202101,232,3143
202101,234,4011
202101,235,132428
202101,239,44334
202101,247,3626
202101,254,9
202101,255,8
202101,258,8173
202101,259,3373
202101,260,6078
202101,262,8597
202101,263,5200
202101,264,16197
202101,265,1733
202101,266,27482
202101,267,13123
202101,268,675
202101,269,880
202101,286,5896
202101,287,167
202101,288,8653
202101,289,9549
202101,293,282
202101,299,40
202101,305,6074
202101,307,1746
202101,308,22328
202101,313,599
202101,315,4190
202101,317,13954
202101,318,1826
202101,321,2988
202101,322,747
202101,326,6433
202101,327,3000
202101,328,1573
202101,331,1717
202101,332,350
202101,333,16743
202101,335,755
202101,336,21
202101,337,13868
202101,340,4372
202101,341,20677
202101,343,827
202101,344,7191
202101,345,9432
202101,346,1825
202101,347,8626
202101,350,1169
202101,351,886
202101,352,3206
202101,354,579
202101,357,364
202101,363,2083
202101,364,932
202101,367,46354
202101,368,1488
202101,369,237
202101,377,1653
202101,378,1490
202101,381,1222
202101,384,99
202101,385,3426
202101,386,584
202101,387,7063
202101,388,1601
202101,389,320
202101,395,4272
202101,396,1158
202101,397,2846
202101,399,4147
202101,400,907
202101,401,1871
202101,403,23217
202101,404,4147
202101,405,1178
202101,406,5250
202101,407,1335
202101,409,6710
202101,410,1173
202101,412,1466
202101,419,3412
202101,423,4126
202101,424,918
202101,425,113
202101,426,1247
202101,428,3957
202101,432,111
202101,434,444
202101,437,26358
202101,438,3119
202101,442,1446
202101,443,1542
202101,444,6369
202101,445,501
202101,446,50
202101,450,9094
202101,452,893
202101,453,6390
202101,454,24213
202101,457,5698
202101,458,63
202101,459,5063
202101,460,4071
202101,461,16785
202101,462,16437
202101,465,2441
202101,466,257
202101,467,2773
202101,469,2848
202101,470,6
202101,473,144
202101,485,6013
202101,487,4087
202101,490,284
202101,496,29
202101,497,5649
202101,501,12090
202101,502,3909
202101,506,63
202101,507,336
202101,509,103
202101,511,11651
202101,512,1304
202101,513,1546
202101,514,447
202101,516,2475
202101,522,1369
202101,524,1874
202101,529,5516
202101,531,1775
202101,532,19164
202101,534,2668
202101,535,3359
202101,539,904
202101,540,2663
202101,541,71064
202101,543,16554
202101,548,4907
202101,549,234
202101,550,1774
202101,551,18281
202101,553,14321
202102,1,308
202102,4,15075
202102,6,15206
202102,8,1433
202102,12,637
202102,13,523
202102,16,425
202102,17,7715
202102,18,658
202102,20,3348
202102,21,121
202102,22,1531
202102,23,19
202102,24,166
202102,25,2418
202102,28,1759
202102,30,15667
202102,31,565
202102,32,1870
202102,34,5342
202102,35,1655
202102,36,35898
202102,40,2061
202102,45,7566
202102,46,28659
202102,48,1214
202102,49,3720
202102,52,7001
202102,53,555
202102,54,7231
202102,57,3664
202102,58,2674
202102,62,2896
202102,65,14535
202102,69,1924
202102,71,6066
202102,72,1054
202102,73,5437
202102,75,2541
202102,76,750
202102,80,772
202102,82,160
202102,83,21454
202102,87,1572
202102,89,5476
202102,90,1807
202102,91,152
202102,94,36493
202102,96,1696
202102,104,1355
202102,106,488
202102,107,1401
202102,108,6616
202102,112,4541
202102,113,32130
202102,115,23581
202102,117,25915
202102,118,15770
202102,120,53746
202102,121,174
202102,126,34926
202102,128,1429
202102,130,2528
202102,131,16106
202102,133,16937
202102,134,10708
202102,135,3381
202102,138,19009
202102,142,401
202102,143,12588
202102,144,10334
202102,147,2188
202102,151,1528
202102,152,249
202102,153,326
202102,156,1426
202102,160,183
202102,163,29344
202102,164,2545
202102,165,10021
202102,166,76081
202102,167,8964
202102,169,9138
202102,171,81
202102,175,2612
202102,176,1155
202102,177,5143
202102,178,6207
202102,179,1668
202102,182,8721
202102,183,539
202102,186,110650
202102,187,7722
202102,188,4426
202102,190,2571
202102,191,1998
202102,192,25626
202102,194,22442
202102,196,171
202102,199,4305
202102,200,367
202102,203,2942
202102,204,40153
202102,207,24457
202102,208,49249
202102,209,15540
202102,210,41198
202102,211,8865
202102,213,48480
202102,216,7238
202102,218,15653
202102,219,6007
202102,220,29180
202102,222,81057
202102,223,370
202102,225,245
202102,228,2337
202102,229,14155
202102,230,24915
202102,231,6473
202102,232,2272
202102,234,3210
202102,235,117623
202102,239,37765
202102,247,3553
202102,258,7444
202102,259,2344
202102,260,3916
202102,262,6875
202102,263,4211
202102,264,12875
202102,265,926
202102,266,20659
202102,267,10967
202102,268,391
202102,269,759
202102,286,4469
202102,287,152
202102,288,8165
202102,289,8407
202102,305,3669
202102,307,1482
202102,308,19335
202102,313,492
202102,315,3279
202102,317,11527
202102,318,1135
202102,321,897
202102,326,3517
202102,327,2539
202102,328,905
202102,331,679
202102,332,505
202102,333,11926
202102,334,888
202102,335,337
202102,337,12798
202102,340,6717
202102,341,21492
202102,344,6889
202102,345,14502
202102,346,4334
202102,347,12290
202102,350,712
202102,352,5038
202102,354,1216
202102,355,292
202102,357,846
202102,363,1659
202102,364,1392
202102,367,34069
202102,368,1124
202102,369,235
202102,377,1609
202102,378,1980
202102,381,1156
202102,385,3656
202102,386,495
202102,387,5744
202102,388,1021
202102,389,537
202102,394,269
202102,395,2986
202102,396,426
202102,397,1702
202102,399,3043
202102,401,1201
202102,403,13472
202102,404,3080
202102,405,1055
202102,406,3480
202102,407,858
202102,409,6140
202102,410,784
202102,412,1432
202102,419,3126
202102,423,3336
202102,424,813
202102,426,1186
202102,428,734
202102,432,20
202102,434,87
202102,437,21778
202102,438,2497
202102,442,1056
202102,443,1112
202102,444,5781
202102,445,294
202102,450,5846
202102,452,104
202102,453,4839
202102,454,21625
202102,457,4189
202102,458,42
202102,459,3850
202102,460,3788
202102,461,14549
202102,462,12336
202102,465,1932
202102,466,25
202102,467,2530
202102,469,2435
202102,473,162
202102,485,3223
202102,487,3423
202102,490,505
202102,497,4565
202102,501,9466
202102,502,2925
202102,507,199
202102,509,30
202102,511,10464
202102,512,495
202102,513,945
202102,516,3203
202102,522,1314
202102,524,2464
202102,529,5394
202102,531,621
202102,532,16248
202102,534,1601
202102,535,2623
202102,539,1987
202102,540,946
202102,541,57461
202102,543,16081
202102,548,416
202102,550,873
202102,551,16988
202102,553,11328
202103,1,442
202103,4,16470
202103,6,19028
202103,8,4463
202103,9,2789
202103,12,1163
202103,13,523
202103,16,208
202103,17,10661
202103,18,933
202103,20,5283
202103,21,46
202103,22,1833
202103,24,102
202103,25,2979
202103,27,3921
202103,28,3109
202103,29,783
202103,30,19271
202103,31,466
202103,32,3472
202103,34,4538
202103,35,1535
202103,36,45136
202103,40,2887
202103,44,139
202103,45,9691
202103,46,39688
202103,48,3523
202103,49,4281
202103,52,10984
202103,54,8397
202103,57,3242
202103,58,3327
202103,62,3993
202103,65,18012
202103,69,2302
202103,71,7037
202103,72,1077
202103,73,5895
202103,75,3401
202103,76,1812
202103,80,844
202103,83,22559
202103,87,3434
202103,89,6837
202103,90,2316
202103,94,49598
202103,96,1269
202103,104,1580
202103,106,534
202103,107,1406
202103,108,7101
202103,112,7065
202103,113,42731
202103,115,26293
202103,117,28888
202103,118,17261
202103,120,65466
202103,126,39526
202103,128,1539
202103,130,3343
202103,131,17832
202103,133,19995
202103,134,12459
202103,135,4409
202103,137,415
202103,138,23785
202103,140,1495
202103,142,734
202103,143,16189
202103,144,15598
202103,147,2072
202103,151,4546
202103,152,652
202103,153,1210
202103,156,1838
202103,163,39192
202103,164,4184
202103,165,11620
202103,166,129566
202103,167,10804
202103,169,10688
202103,170,1203
202103,175,2827
202103,176,1619
202103,177,5318
202103,178,8440
202103,179,1514
202103,182,14294
202103,183,689
202103,186,138147
202103,187,12533
202103,188,7405
202103,190,5007
202103,191,2611
202103,192,37995
202103,194,30328
202103,196,103
202103,199,7311
202103,200,439
202103,203,3099
202103,204,53017
202103,207,34318
202103,208,62521
202103,209,18838
202103,210,53859
202103,211,11652
202103,213,69529
202103,216,10246
202103,218,18304
202103,219,7326
202103,220,45310
202103,222,112994
202103,223,380
202103,225,1663
202103,228,3837
202103,229,19192
202103,230,33891
202103,231,11853
202103,232,3193
202103,233,520
202103,234,4093
202103,235,158762
202103,239,53022
202103,247,4436
202103,258,9085
202103,259,2499
202103,260,4298
202103,262,9302
202103,263,2906
202103,264,16595
202103,265,1441
202103,266,23182
202103,267,11340
202103,268,583
202103,269,1009
202103,286,7414
202103,288,13059
202103,289,15071
202103,293,2259
202103,305,8476
202103,307,1561
202103,308,32930
202103,313,331
202103,315,4004
202103,317,18664
202103,318,2601
202103,321,1684
202103,326,5631
202103,327,3406
202103,328,1048
202103,331,892
202103,332,784
202103,333,14577
202103,334,288
202103,335,1455
202103,337,19102
202103,338,700
202103,340,8714
202103,341,29429
202103,344,10306
202103,345,18062
202103,346,8498
202103,347,18480
202103,350,6917
202103,351,2336
202103,352,20988
202103,353,30
202103,354,1826
202103,355,4902
202103,356,2118
202103,357,4409
202103,363,2779
202103,364,2361
202103,366,100
202103,367,45231
202103,368,1770
202103,369,371
202103,377,1917
202103,378,2916
202103,381,1494
202103,385,5377
202103,386,578
202103,387,7924
202103,388,212
202103,389,654
202103,394,106
202103,395,2905
202103,396,1365
202103,397,2864
202103,399,3256
202103,400,214
202103,401,1922
202103,403,18062
202103,404,3394
202103,406,4455
202103,407,1111
202103,409,8234
202103,410,862
202103,412,2161
202103,419,5476
202103,423,5193
202103,424,533
202103,426,776
202103,428,4580
202103,434,287
202103,437,29585
202103,438,3307
202103,439,115
202103,442,1438
202103,443,1830
202103,444,8330
202103,445,444
202103,446,68
202103,450,6296
202103,451,6095
202103,453,6645
202103,454,23341
202103,457,4376
202103,459,4788
202103,460,4233
202103,461,17281
202103,462,14346
202103,465,1769
202103,466,300
202103,467,3860
202103,469,2382
202103,470,55
202103,471,57
202103,473,173
202103,474,928
202103,485,7089
202103,487,9429
202103,490,291
202103,497,5689
202103,501,15545
202103,502,2941
202103,509,120
202103,511,18915
202103,512,746
202103,513,1504
202103,514,92
202103,516,1609
202103,519,194
202103,522,1582
202103,524,4546
202103,529,7053
202103,532,19285
202103,534,2782
202103,535,3120
202103,539,2724
202103,540,1166
202103,541,70670
202103,543,18018
202103,545,11
202103,548,5790
202103,550,1473
202103,551,19588
202103,553,17921
202104,1,687
202104,4,16610
202104,6,25483
202104,8,3911
202104,9,5009
202104,12,1851
202104,13,547
202104,16,75
202104,17,10660
202104,18,834
202104,20,5586
202104,21,91
202104,22,1596
202104,24,144
202104,25,3217
202104,27,6076
202104,28,2881
202104,29,1297
202104,30,19206
202104,31,719
202104,32,4021
202104,34,6404
202104,35,1540
202104,36,44202
202104,40,3544
202104,44,276
202104,45,14230
202104,46,46113
202104,48,6881
202104,49,4587
202104,52,13895
202104,54,8103
202104,57,3567
202104,58,2810
202104,62,3972
202104,65,20548
202104,69,3249
202104,71,8500
202104,72,1197
202104,73,7005
202104,75,4748
202104,76,2282
202104,80,529
202104,83,25043
202104,87,4108
202104,89,6720
202104,90,2334
202104,94,54640
202104,96,2150
202104,104,1962
202104,106,762
202104,107,828
202104,108,8795
202104,112,8376
202104,113,51472
202104,115,29695
202104,117,29928
202104,118,19560
202104,120,61586
202104,126,37043
202104,128,1515
202104,130,3311
202104,131,17511
202104,133,20274
202104,134,12352
202104,135,4508
202104,137,3138
202104,138,25057
202104,140,2294
202104,141,46
202104,142,2858
202104,143,15495
202104,144,16820
202104,147,1864
202104,151,5401
202104,152,759
202104,153,1944
202104,154,6
202104,156,1897
202104,163,40638
202104,164,4612
202104,165,14676
202104,166,145001
202104,167,10032
202104,169,13350
202104,170,1380
202104,175,3567
202104,176,2482
202104,177,7309
202104,178,8325
202104,179,1839
202104,182,14941
202104,183,675
202104,186,140087
202104,187,13848
202104,188,8511
202104,190,5839
202104,191,2781
202104,192,39868
202104,194,35736
202104,199,8073
202104,203,2952
202104,204,62080
202104,207,43550
202104,208,65993
202104,209,18863
202104,210,58471
202104,211,11801
202104,213,68766
202104,216,13248
202104,218,21164
202104,219,7107
202104,220,48862
202104,222,126968
202104,223,383
202104,225,1574
202104,228,4192
202104,229,21225
202104,230,39584
202104,231,14290
202104,232,3802
202104,233,1661
202104,234,6992
202104,235,156018
202104,239,63486
202104,247,3784
202104,258,10098
202104,259,2439
202104,260,4509
202104,262,8402
202104,263,5492
202104,264,17841
202104,265,1419
202104,266,22904
202104,267,12031
202104,268,779
202104,269,1164
202104,286,9407
202104,288,14729
202104,289,16320
202104,293,3033
202104,305,9946
202104,307,2397
202104,308,44170
202104,315,4432
202104,317,19918
202104,318,2402
202104,321,2402
202104,326,6981
202104,327,3403
202104,328,842
202104,331,1008
202104,332,700
202104,333,16233
202104,334,802
202104,335,1405
202104,337,19203
202104,338,1463
202104,340,9136
202104,341,30577
202104,344,10773
202104,345,15278
202104,346,7101
202104,347,21982
202104,350,11040
202104,351,2950
202104,352,20410
202104,353,241
202104,354,1592
202104,355,5747
202104,356,3590
202104,357,2314
202104,363,2425
202104,364,2468
202104,367,47955
202104,368,1510
202104,369,524
202104,376,70
202104,377,1879
202104,378,3231
202104,381,1442
202104,385,5149
202104,386,1017
202104,387,8386
202104,389,570
202104,390,24
202104,394,252
202104,395,3925
202104,396,1603
202104,397,3548
202104,398,52
202104,399,3526
202104,400,1158
202104,401,2364
202104,403,20715
202104,404,2251
202104,405,25
202104,406,5772
202104,407,1265
202104,409,8914
202104,410,118
202104,412,2240
202104,419,10425
202104,423,5370
202104,424,567
202104,426,1565
202104,428,3335
202104,432,181
202104,434,347
202104,437,29696
202104,438,3565
202104,442,1839
202104,443,1998
202104,444,9079
202104,445,503
202104,446,204
202104,450,6787
202104,451,7215
202104,453,5750
202104,454,23732
202104,457,4037
202104,459,5421
202104,460,3233
202104,461,19430
202104,462,14762
202104,465,2580
202104,466,709
202104,467,4030
202104,469,3043
202104,470,67
202104,473,198
202104,474,1618
202104,485,7992
202104,487,10541
202104,490,706
202104,497,7910
202104,501,19654
202104,502,3444
202104,509,327
202104,511,21036
202104,512,383
202104,513,274
202104,514,30
202104,516,9126
202104,518,1322
202104,522,1734
202104,524,5935
202104,529,6276
202104,532,21233
202104,534,2684
202104,535,3355
202104,539,3718
202104,541,89711
202104,543,20191
202104,545,25
202104,546,136
202104,548,4411
202104,550,1605
202104,551,20572
202104,553,22221
202105,4,14219
202105,6,22912
202105,8,4630
202105,9,5238
202105,12,1658
202105,13,600
202105,16,93
202105,17,7552
202105,18,752
202105,20,3635
202105,21,98
202105,22,1364
202105,24,227
202105,25,2413
202105,27,5891
202105,28,2096
202105,29,1100
202105,30,14967
202105,31,629
202105,32,3164
202105,34,5651
202105,35,1145
202105,36,42914
202105,40,2433
202105,44,111
202105,45,12442
202105,46,47176
202105,48,7051
202105,49,4297
202105,52,14053
202105,54,6388
202105,57,3338
202105,58,850
202105,62,3257
202105,65,14370
202105,69,4117
202105,71,6699
202105,72,495
202105,73,6199
202105,75,4132
202105,76,2036
202105,80,410
202105,83,20711
202105,87,4252
202105,89,4753
202105,90,2031
202105,94,51449
202105,96,1961
202105,104,1362
202105,106,987
202105,107,440
202105,108,7896
202105,112,6486
202105,113,51473
202105,115,24863
202105,117,29183
202105,118,17924
202105,120,47169
202105,126,28473
202105,128,825
202105,130,2045
202105,131,14994
202105,133,17213
202105,134,9513
202105,135,3924
202105,137,3969
202105,138,18043
202105,140,2180
202105,142,4854
202105,143,11211
202105,144,16389
202105,147,1477
202105,151,4379
202105,152,660
202105,153,1714
202105,154,20
202105,156,3429
202105,163,34500
202105,164,3923
202105,165,14805
202105,166,134284
202105,167,8843
202105,169,10524
202105,170,748
202105,175,3131
202105,176,2841
202105,177,6657
202105,178,8188
202105,179,1776
202105,182,13981
202105,183,854
202105,186,133816
202105,187,9811
202105,188,5528
202105,190,5212
202105,191,2073
202105,192,35760
202105,194,27657
202105,196,60
202105,199,4941
202105,200,148
202105,203,4368
202105,204,75834
202105,207,39785
202105,208,58284
202105,209,11901
202105,210,55403
202105,211,8690
202105,213,56976
202105,216,14452
202105,218,18636
202105,219,5666
202105,220,40679
202105,222,108625
202105,223,359
202105,225,1373
202105,228,3950
202105,229,19220
202105,230,43008
202105,231,12788
202105,232,1074
202105,233,1122
202105,234,6096
202105,235,124032
202105,239,52399
202105,247,1733
202105,258,8936
202105,259,1867
202105,260,2854
202105,261,1026
202105,262,6574
202105,263,2901
202105,264,16075
202105,265,870
202105,266,19597
202105,267,4743
202105,268,453
202105,269,705
202105,286,7096
202105,288,10747
202105,289,13120
202105,293,2082
202105,305,7161
202105,307,1975
202105,308,39359
202105,315,3035
202105,317,13244
202105,318,2242
202105,321,3024
202105,322,74
202105,326,6168
202105,327,2594
202105,328,630
202105,331,716
202105,332,417
202105,333,11714
202105,334,593
202105,335,1367
202105,337,14774
202105,338,1059
202105,340,5692
202105,341,24334
202105,344,7362
202105,345,14209
202105,346,5652
202105,347,22925
202105,350,9724
202105,351,3418
202105,352,18518
202105,354,2396
202105,355,3839
202105,356,5621
202105,357,3447
202105,363,2064
202105,364,2108
202105,367,41010
202105,368,1666
202105,369,469
202105,377,1182
202105,378,2570
202105,381,1112
202105,384,32
202105,385,6377
202105,386,784
202105,387,6586
202105,389,472
202105,394,134
202105,395,4496
202105,396,624
202105,397,2652
202105,399,2633
202105,400,984
202105,401,2195
202105,403,20687
202105,404,1489
202105,406,5862
202105,407,1100
202105,409,6586
202105,410,838
202105,419,5954
202105,423,4290
202105,424,311
202105,426,1011
202105,428,4888
202105,432,308
202105,434,281
202105,437,26557
202105,438,3420
202105,442,1464
202105,443,1783
202105,444,7257
202105,445,368
202105,446,99
202105,449,3
202105,450,5718
202105,451,5957
202105,453,4847
202105,454,19972
202105,457,3100
202105,459,3686
202105,460,1887
202105,461,12366
202105,462,11408
202105,465,1905
202105,466,427
202105,467,2646
202105,469,2292
202105,470,73
202105,473,191
202105,474,867
202105,480,15
202105,485,6719
202105,487,7453
202105,490,927
202105,497,6224
202105,501,10191
202105,502,2927
202105,509,125
202105,511,17653
202105,512,691
202105,513,891
202105,514,18
202105,516,7455
202105,518,1433
202105,522,1903
202105,524,4544
202105,529,3349
202105,532,14428
202105,534,2021
202105,535,2832
202105,539,3085
202105,541,83084
202105,543,17770
202105,545,11
202105,548,3877
202105,550,1423
202105,551,16621
202105,553,17260
202106,1,535
202106,4,21639
202106,6,32449
202106,8,6830
202106,9,7416
202106,12,2792
202106,13,636
202106,16,184
202106,17,11597
202106,18,1285
202106,20,6540
202106,21,27
202106,22,2077
202106,24,444
202106,25,3347
202106,27,7161
202106,28,3691
202106,29,1780
202106,30,22435
202106,31,761
202106,32,5124
202106,34,7471
202106,35,2435
202106,36,58524
202106,40,3564
202106,44,568
202106,45,15725
202106,46,65671
202106,48,8977
202106,49,5158
202106,52,23711
202106,54,12530
202106,57,4676
202106,58,1176
202106,62,4236
202106,65,23144
202106,69,7942
202106,71,8585
202106,72,799
202106,73,8197
202106,75,6569
202106,76,3235
202106,80,393
202106,83,28897
202106,87,5896
202106,89,8011
202106,90,3129
202106,94,65217
202106,96,3898
202106,102,40
202106,105,279
202106,107,1122
202106,108,10948
202106,112,8586
202106,113,72642
202106,114,93
202106,115,35848
202106,117,40467
202106,118,25272
202106,120,66613
202106,126,43373
202106,128,1611
202106,130,3411
202106,131,20522
202106,133,25822
202106,134,12255
202106,135,5509
202106,137,1517
202106,138,27452
202106,140,1812
202106,142,5421
202106,143,10966
202106,144,20335
202106,147,2957
202106,151,5694
202106,152,854
202106,153,2661
202106,154,106
202106,156,2027
202106,163,48412
202106,164,5700
202106,165,20112
202106,166,224916
202106,167,13912
202106,169,14438
202106,170,885
202106,175,2937
202106,176,3483
202106,177,7996
202106,178,10800
202106,179,1436
202106,182,19227
202106,183,369
202106,186,174006
202106,187,15079
202106,188,3717
202106,190,9356
202106,191,3167
202106,192,50625
202106,194,38794
202106,196,71
202106,199,6287
202106,200,173
202106,203,4386
202106,204,91811
202106,207,51229
202106,208,74867
202106,209,21691
202106,210,72889
202106,211,12854
202106,213,71569
202106,216,16647
202106,217,1083
202106,218,26121
202106,219,6011
202106,220,51091
202106,222,139563
202106,223,445
202106,225,1234
202106,228,6880
202106,229,24361
202106,230,52565
202106,231,16537
202106,232,1484
202106,233,1150
202106,234,11089
202106,235,181164
202106,239,76166
202106,247,3287
202106,258,13464
202106,259,2724
202106,260,5282
202106,261,1547
202106,262,11368
202106,263,7070
202106,264,24654
202106,265,1005
202106,266,30327
202106,267,10906
202106,268,1053
202106,269,1252
202106,286,10535
202106,288,17912
202106,289,20436
202106,293,3347
202106,305,11057
202106,307,3123
202106,308,74394
202106,315,5095
202106,317,21886
202106,318,3828
202106,321,5556
202106,326,10379
202106,327,3917
202106,328,1777
202106,331,1145
202106,332,652
202106,333,19304
202106,334,1117
202106,335,2360
202106,337,22091
202106,338,1172
202106,340,7987
202106,341,31951
202106,344,12193
202106,345,20681
202106,346,9270
202106,347,25837
202106,348,649
202106,350,11178
202106,351,3418
202106,352,28968
202106,354,2864
202106,355,4248
202106,356,7075
202106,357,4982
202106,363,3612
202106,364,2179
202106,367,56847
202106,368,2661
202106,369,645
202106,377,2408
202106,378,913
202106,381,2239
202106,385,8007
202106,386,496
202106,387,8874
202106,389,548
202106,390,8
202106,394,221
202106,395,6805
202106,396,880
202106,397,3767
202106,398,1212
202106,399,4110
202106,400,2639
202106,401,3518
202106,403,34639
202106,404,4024
202106,406,10228
202106,407,1511
202106,409,10247
202106,410,1155
202106,419,1848
202106,423,6291
202106,424,1304
202106,426,1441
202106,428,8288
202106,432,739
202106,434,357
202106,437,43342
202106,438,4881
202106,442,2264
202106,443,3047
202106,444,10553
202106,445,740
202106,446,140
202106,449,98
202106,450,8513
202106,451,8022
202106,453,7295
202106,454,31586
202106,457,4911
202106,459,8006
202106,460,2710
202106,461,21981
202106,462,17305
202106,465,3374
202106,466,860
202106,467,4031
202106,469,3719
202106,470,94
202106,473,291
202106,474,1732
202106,480,144
202106,485,10015
202106,487,11166
202106,490,1036
202106,497,9068
202106,501,25991
202106,502,5985
202106,509,348
202106,510,416
202106,511,25448
202106,512,1229
202106,513,1238
202106,516,10886
202106,518,2056
202106,520,293
202106,521,250
202106,522,1681
202106,524,2622
202106,529,5804
202106,532,25732
202106,534,3253
202106,535,3247
202106,539,5282
202106,541,115223
202106,543,26661
202106,545,23
202106,548,6042
202106,550,2386
202106,551,23584
202106,553,25460
202107,1,336
202107,4,5750
202107,6,4942
202107,8,962
202107,9,834
202107,12,283
202107,13,787
202107,16,331
202107,17,2954
202107,18,475
202107,20,2528
202107,22,411
202107,24,188
202107,25,1614
202107,27,602
202107,28,1572
202107,29,1019
202107,30,8415
202107,31,797
202107,32,2033
202107,34,2351
202107,35,674
202107,36,18957
202107,40,399
202107,45,4740
202107,46,15560
202107,48,699
202107,49,1209
202107,52,2167
202107,54,2201
202107,57,1031
202107,58,91
202107,62,378
202107,65,8147
202107,69,781
202107,71,7467
202107,72,474
202107,73,5842
202107,75,2652
202107,76,987
202107,80,359
202107,83,6335
202107,87,542
202107,89,3738
202107,90,937
202107,94,26515
202107,96,742
202107,105,58
202107,108,1018
202107,112,292
202107,113,20869
202107,115,11232
202107,117,16393
202107,118,6474
202107,120,26512
202107,126,20501
202107,128,362
202107,130,1374
202107,131,10832
202107,133,12682
202107,134,5618
202107,135,856
202107,138,7314
202107,142,958
202107,143,4647
202107,144,7914
202107,147,810
202107,151,487
202107,152,96
202107,153,209
202107,154,16
202107,156,343
202107,160,161
202107,163,11466
202107,164,1959
202107,165,17473
202107,166,48418
202107,167,4978
202107,169,8099
202107,170,965
202107,175,3089
202107,176,3596
202107,177,5885
202107,178,9413
202107,179,1925
202107,182,5251
202107,186,59480
202107,187,6721
202107,188,4586
202107,190,3383
202107,191,301
202107,192,16153
202107,194,12890
202107,198,300
202107,199,865
202107,200,159
202107,203,5334
202107,204,20843
202107,207,12210
202107,208,23029
202107,209,4562
202107,210,20402
202107,211,1466
202107,213,32344
202107,216,11756
202107,217,65
202107,218,4914
202107,219,793
202107,220,10232
202107,222,35913
202107,223,341
202107,225,875
202107,228,867
202107,229,2851
202107,230,10412
202107,231,4212
202107,234,1458
202107,235,66758
202107,239,16982
202107,247,2949
202107,258,5299
202107,259,1430
202107,260,3903
202107,261,1945
202107,262,4730
202107,263,5069
202107,264,13539
202107,265,1429
202107,266,15260
202107,267,4227
202107,268,793
202107,269,384
202107,286,780
202107,288,4186
202107,289,2108
202107,293,1383
202107,305,821
202107,307,177
202107,308,7375
202107,315,2098
202107,317,5939
202107,318,274
202107,321,135
202107,326,5322
202107,327,1844
202107,328,1159
202107,331,177
202107,333,10208
202107,334,175
202107,335,246
202107,337,4039
202107,338,906
202107,340,1169
202107,341,10408
202107,344,841
202107,345,2745
202107,346,1041
202107,347,3618
202107,348,76
202107,350,734
202107,352,1303
202107,354,255
202107,355,1242
202107,356,333
202107,357,116
202107,363,415
202107,364,341
202107,367,15233
202107,368,427
202107,369,515
202107,377,253
202107,378,137
202107,381,186
202107,385,1088
202107,386,144
202107,387,1325
202107,389,443
202107,390,39
202107,394,55
202107,395,615
202107,396,348
202107,397,558
202107,398,617
202107,399,3324
202107,400,1508
202107,401,701
202107,403,9159
202107,404,3429
202107,406,4482
202107,407,533
202107,409,4659
202107,410,651
202107,419,318
202107,423,1599
202107,424,64
202107,426,109
202107,428,1130
202107,434,156
202107,437,9818
202107,438,513
202107,442,230
202107,443,374
202107,444,3571
202107,445,57
202107,449,94
202107,450,3124
202107,451,470
202107,453,1668
202107,454,9643
202107,457,428
202107,459,2393
202107,460,548
202107,461,10841
202107,462,2470
202107,465,1087
202107,466,68
202107,467,728
202107,469,1286
202107,470,43
202107,473,64
202107,474,67
202107,485,6191
202107,487,6817
202107,490,94
202107,497,2632
202107,501,3382
202107,509,60
202107,511,10324
202107,512,252
202107,513,622
202107,516,414
202107,518,203
202107,521,39
202107,522,334
202107,524,4511
202107,529,1190
202107,532,13159
202107,534,517
202107,535,1256
202107,541,31721
202107,543,13045
202107,545,16
202107,548,1919
202107,550,478
202107,551,10290
202107,553,3576
202108,1,110
202108,4,5639
202108,6,4565
202108,13,657
202108,16,4550
202108,17,5893
202108,18,533
202108,20,3142
202108,21,53
202108,22,665
202108,24,69
202108,25,897
202108,28,1433
202108,29,407
202108,30,9872
202108,31,905
202108,32,2438
202108,34,2191
202108,36,21806
202108,45,6658
202108,46,15466
202108,49,880
202108,52,1870
202108,54,1893
202108,65,9200
202108,71,5404
202108,72,438
202108,73,4252
202108,75,4519
202108,76,2000
202108,80,418
202108,83,8734
202108,89,4255
202108,90,551
202108,94,39626
202108,96,123
202108,113,24889
202108,115,10353
202108,117,12023
202108,118,12487
202108,120,38754
202108,126,13323
202108,130,1215
202108,131,5944
202108,132,23
202108,133,6080
202108,134,3697
202108,138,8981
202108,143,2208
202108,144,10076
202108,151,914
202108,154,130
202108,160,603
202108,163,12757
202108,164,1740
202108,165,17047
202108,166,57157
202108,167,5902
202108,169,5918
202108,170,604
202108,175,2012
202108,176,2687
202108,177,5924
202108,178,8976
202108,179,2076
202108,182,6794
202108,183,45
202108,186,75485
202108,187,9956
202108,188,6555
202108,190,2121
202108,192,20456
202108,194,17028
202108,199,4004
202108,200,302
202108,203,6630
202108,204,26201
202108,207,17036
202108,208,29668
202108,209,9016
202108,210,25566
202108,211,1151
202108,213,51846
202108,216,6979
202108,218,8412
202108,219,1012
202108,220,18889
202108,222,58657
202108,223,288
202108,225,1355
202108,229,1117
202108,230,9238
202108,231,5957
202108,234,1033
202108,235,88453
202108,239,24865
202108,258,4366
202108,259,717
202108,260,2475
202108,261,1682
202108,262,2399
202108,263,2093
202108,264,10242
202108,265,957
202108,266,12442
202108,267,3713
202108,268,470
202108,269,617
202108,286,230
202108,288,2998
202108,289,2160
202108,293,1579
202108,305,164
202108,308,10685
202108,315,662
202108,317,4370
202108,318,145
202108,326,5282
202108,327,2345
202108,328,1607
202108,330,469
202108,333,6817
202108,337,3489
202108,338,617
202108,340,3411
202108,341,9449
202108,347,2079
202108,348,13
202108,350,339
202108,352,2848
202108,355,1265
202108,356,798
202108,367,15574
202108,368,185
202108,369,75
202108,377,650
202108,378,1547
202108,389,279
202108,390,55
202108,396,311
202108,397,2046
202108,398,337
202108,399,4128
202108,400,2003
202108,401,46
202108,403,14402
202108,404,4085
202108,406,5014
202108,409,5682
202108,410,145
202108,419,149
202108,423,100
202108,434,22
202108,437,10728
202108,444,3968
202108,449,54
202108,450,2131
202108,453,1045
202108,454,10699
202108,459,2059
202108,461,15725
202108,465,2484
202108,467,518
202108,469,1054
202108,470,7
202108,485,1162
202108,487,4881
202108,497,2087
202108,501,5788
202108,511,12858
202108,512,38
202108,513,538
202108,516,234
202108,524,5710
202108,529,1120
202108,532,17397
202108,535,1030
202108,541,39539
202108,543,10900
202108,545,1
202108,551,13856
202108,553,3143
202109,1,133
202109,4,14031
202109,6,9066
202109,12,43
202109,13,530
202109,16,6467
202109,17,12387
202109,18,878
202109,20,6750
202109,21,84
202109,22,1729
202109,24,192
202109,25,1848
202109,28,2693
202109,29,934
202109,30,11737
202109,31,639
202109,32,3518
202109,34,4408
202109,36,34245
202109,40,59
202109,45,9290
202109,46,21848
202109,49,1672
202109,52,4022
202109,54,2315
202109,57,186
202109,58,166
202109,61,157
202109,62,1881
202109,65,12356
202109,69,250
202109,71,9034
202109,72,887
202109,73,8185
202109,75,5664
202109,76,2478
202109,80,587
202109,83,16138
202109,87,502
202109,89,6944
202109,90,1407
202109,94,52357
202109,96,673
202109,108,827
202109,113,28210
202109,115,15391
202109,117,15404
202109,118,15973
202109,120,53632
202109,126,20489
202109,128,762
202109,130,3294
202109,131,9156
202109,133,11163
202109,134,3391
202109,135,751
202109,138,15610
202109,143,9321
202109,144,7367
202109,151,1502
202109,152,273
202109,153,13
202109,154,160
202109,160,1339
202109,163,23613
202109,164,7345
202109,165,18547
202109,166,132029
202109,167,8168
202109,169,10812
202109,170,473
202109,175,3122
202109,176,3960
202109,177,4986
202109,178,9431
202109,179,1316
202109,182,11843
202109,186,109426
202109,187,13120
202109,188,7896
202109,190,5651
202109,192,30238
202109,194,25910
202109,199,874
202109,200,195
202109,203,7126
202109,204,35015
202109,207,25245
202109,208,50055
202109,209,16197
202109,210,40986
202109,211,7504
202109,213,55370
202109,216,10756
202109,217,1040
202109,218,18698
202109,219,2272
202109,220,33364
202109,222,92568
202109,223,321
202109,225,1151
202109,228,5033
202109,229,9678
202109,230,18283
202109,231,9111
202109,234,2447
202109,235,136606
202109,239,47120
202109,247,2699
202109,258,7928
202109,259,1921
202109,260,4184
202109,262,3956
202109,263,6682
202109,264,21563
202109,265,1278
202109,266,23695
202109,267,7375
202109,268,934
202109,269,944
202109,286,5967
202109,288,9628
202109,289,7649
202109,293,1727
202109,305,5581
202109,307,748
202109,308,30057
202109,313,453
202109,315,1399
202109,317,9083
202109,318,1248
202109,321,729
202109,326,8587
202109,327,3338
202109,330,1023
202109,333,11721
202109,335,104
202109,337,8786
202109,338,383
202109,340,8501
202109,341,13581
202109,344,7601
202109,345,6036
202109,346,1254
202109,347,7038
202109,348,25
202109,352,18942
202109,355,2077
202109,356,1204
202109,363,1779
202109,364,115
202109,367,24244
202109,368,1285
202109,369,383
202109,377,1694
202109,378,786
202109,381,38
202109,387,258
202109,389,130
202109,396,205
202109,397,3130
202109,398,836
202109,399,4004
202109,400,2705
202109,401,1818
202109,403,18198
202109,404,5355
202109,406,7999
202109,409,8578
202109,419,946
202109,423,56
202109,424,177
202109,428,3133
202109,434,23
202109,437,16159
202109,438,1293
202109,444,7197
202109,445,141
202109,449,80
202109,450,3065
202109,453,2709
202109,454,17799
202109,457,130
202109,459,4588
202109,461,19453
202109,462,5322
202109,465,2385
202109,466,92
202109,467,2910
202109,469,2464
202109,470,17
202109,474,445
202109,485,2862
202109,487,6817
202109,490,83
202109,497,1802
202109,501,8378
202109,511,15061
202109,513,602
202109,516,6769
202109,524,3412
202109,529,995
202109,530,196
202109,532,21069
202109,535,820
202109,539,91
202109,541,55130
202109,543,19031
202109,545,6
202109,550,46
202109,551,17392
202109,553,8079
202110,1,114
202110,4,16931
202110,6,15610
202110,12,193
202110,13,594
202110,16,5011
202110,17,16852
202110,18,1224
202110,20,9047
202110,21,328
202110,22,1800
202110,24,401
202110,25,2573
202110,28,3532
202110,29,1589
202110,30,22125
202110,31,673
202110,32,4831
202110,34,5643
202110,36,48795
202110,40,1631
202110,45,13681
202110,46,34726
202110,48,1232
202110,49,5367
202110,52,13423
202110,54,9646
202110,58,777
202110,61,516
202110,62,6114
202110,65,17917
202110,71,9904
202110,72,628
202110,73,8455
202110,75,6685
202110,76,2728
202110,80,470
202110,83,27890
202110,87,2783
202110,89,7496
202110,90,634
202110,94,71281
202110,96,134
202110,108,4177
202110,113,47393
202110,115,26933
202110,117,25507
202110,118,24026
202110,120,75308
202110,126,26234
202110,128,1282
202110,130,3907
202110,131,11410
202110,133,17147
202110,134,326
202110,135,4395
202110,138,25280
202110,143,16166
202110,144,10675
202110,151,2774
202110,152,931
202110,153,486
202110,154,157
202110,160,1978
202110,163,35722
202110,164,10282
202110,165,18594
202110,166,261814
202110,167,9728
202110,169,14404
202110,170,431
202110,175,4775
202110,176,3332
202110,177,5926
202110,178,10568
202110,179,1553
202110,182,15682
202110,186,160101
202110,187,16111
202110,188,12416
202110,190,10028
202110,191,1468
202110,192,44251
202110,194,31934
202110,199,3652
202110,200,263
202110,203,5821
202110,204,56202
202110,207,39687
202110,208,65641
202110,209,23442
202110,210,66773
202110,211,15376
202110,213,81584
202110,216,19988
202110,217,1428
202110,218,30277
202110,219,2456
202110,220,48381
202110,222,132295
202110,223,249
202110,225,1115
202110,228,9330
202110,229,18159
202110,230,27692
202110,231,11631
202110,232,605
202110,234,11171
202110,235,185092
202110,237,761
202110,239,73889
202110,247,2632
202110,258,11619
202110,259,3076
202110,260,3956
202110,262,10507
202110,263,5935
202110,264,27851
202110,265,1437
202110,266,30344
202110,267,8612
202110,268,1196
202110,269,1240
202110,286,8819
202110,288,17957
202110,289,15167
202110,292,162
202110,293,1885
202110,305,10884
202110,307,1890
202110,308,56782
202110,313,1157
202110,315,3006
202110,317,27792
202110,318,3112
202110,321,1965
202110,326,10563
202110,327,3782
202110,330,1025
202110,331,265
202110,333,15335
202110,335,386
202110,336,181
202110,337,17808
202110,340,9403
202110,341,18537
202110,344,9669
202110,345,8181
202110,346,6887
202110,347,9283
202110,348,30
202110,352,27449
202110,355,3818
202110,356,4810
202110,363,4709
202110,364,2042
202110,367,41004
202110,368,1828
202110,369,498
202110,377,2122
202110,381,585
202110,385,2465
202110,387,3934
202110,390,102
202110,396,3071
202110,397,3483
202110,398,1098
202110,399,3751
202110,400,3205
202110,401,2303
202110,403,28989
202110,404,6083
202110,406,9367
202110,407,266
202110,409,11109
202110,410,630
202110,423,2576
202110,424,539
202110,428,8335
202110,434,287
202110,437,27882
202110,438,3028
202110,441,39
202110,442,500
202110,443,685
202110,444,8927
202110,449,159
202110,450,5099
202110,452,100
202110,453,4147
202110,454,34101
202110,457,3732
202110,459,7781
202110,460,1932
202110,461,21402
202110,462,9445
202110,465,3014
202110,466,938
202110,467,3672
202110,468,362
202110,469,2465
202110,470,81
202110,473,44
202110,474,1229
202110,485,5665
202110,487,11274
202110,490,734
202110,497,4330
202110,501,14175
202110,509,220
202110,510,101
202110,511,20149
202110,512,315
202110,513,1353
202110,516,9366
202110,520,62
202110,521,9
202110,522,395
202110,529,3308
202110,530,4004
202110,532,24898
202110,535,922
202110,541,81187
202110,543,21262
202110,544,180
202110,545,11
202110,550,1223
202110,551,17742
202110,553,18714
202111,4,16982
202111,6,23271
202111,12,692
202111,16,324
202111,17,9009
202111,18,1343
202111,20,8271
202111,21,294
202111,22,2184
202111,24,370
202111,25,2705
202111,28,3631
202111,29,750
202111,30,32141
202111,31,576
202111,32,5262
202111,33,836
202111,34,7708
202111,35,172
202111,36,60589
202111,38,1475
202111,39,55
202111,40,3412
202111,45,15592
202111,46,49333
202111,48,8537
202111,49,7194
202111,52,19976
202111,53,2149
202111,54,11994
202111,58,1371
202111,61,851
202111,62,4855
202111,64,5963
202111,65,18389
202111,71,10812
202111,72,355
202111,73,8995
202111,75,4783
202111,76,464
202111,80,719
202111,83,36254
202111,87,4356
202111,89,7169
202111,90,3
202111,94,84700
202111,96,2457
202111,108,2909
202111,112,5534
202111,113,55810
202111,115,20825
202111,117,29680
202111,118,31163
202111,120,87414
202111,126,40103
202111,128,1382
202111,130,4192
202111,131,18721
202111,132,115
202111,133,30130
202111,134,7883
202111,135,7806
202111,138,32213
202111,140,130
202111,143,16400
202111,144,15225
202111,147,483
202111,151,3833
202111,152,27
202111,153,37
202111,154,163
202111,160,3688
202111,163,51432
202111,164,11111
202111,165,21187
202111,166,312199
202111,167,8512
202111,169,20207
202111,170,675
202111,171,1157
202111,175,4652
202111,176,2920
202111,177,7824
202111,178,13645
202111,179,1972
202111,182,14708
202111,186,202457
202111,187,15469
202111,188,16049
202111,190,9670
202111,192,65212
202111,194,38843
202111,199,9555
202111,200,663
202111,203,6483
202111,204,72784
202111,207,47663
202111,208,85646
202111,209,27036
202111,210,90627
202111,211,19174
202111,213,95875
202111,216,31345
202111,217,2222
202111,218,39436
202111,219,7122
202111,220,55170
202111,222,157680
202111,223,612
202111,225,1703
202111,228,6486
202111,229,24440
202111,230,44535
202111,231,11422
202111,232,3374
202111,234,11518
202111,235,206239
202111,237,1286
202111,239,94903
202111,247,4136
202111,252,127
202111,258,11418
202111,259,3171
202111,260,5287
202111,262,10705
202111,263,4188
202111,264,26330
202111,265,1211
202111,266,24705
202111,267,9474
202111,268,1179
202111,269,1466
202111,282,984
202111,286,9720
202111,288,19139
202111,289,18470
202111,305,12431
202111,307,2477
202111,308,72583
202111,315,6527
202111,317,38051
202111,318,2841
202111,321,2286
202111,326,6787
202111,327,3749
202111,329,54
202111,330,1363
202111,331,905
202111,333,18030
202111,335,1286
202111,336,507
202111,337,21202
202111,340,9604
202111,341,14455
202111,344,8445
202111,345,7402
202111,346,6276
202111,347,8090
202111,348,31
202111,352,34323
202111,355,3528
202111,356,2900
202111,363,8939
202111,364,3474
202111,367,54625
202111,368,2677
202111,369,283
202111,377,3045
202111,381,1527
202111,384,59
202111,385,4157
202111,387,5743
202111,390,96
202111,394,54
202111,396,3062
202111,397,2939
202111,398,2649
202111,399,5733
202111,400,2763
202111,401,2460
202111,403,37041
202111,404,6737
202111,406,8030
202111,407,504
202111,409,13358
202111,410,1066
202111,423,4614
202111,424,1073
202111,428,9156
202111,434,275
202111,437,38609
202111,438,3700
202111,442,1367
202111,443,1526
202111,444,8698
202111,446,425
202111,449,227
202111,450,6682
202111,451,3630
202111,453,5074
202111,454,36339
202111,457,6115
202111,459,6973
202111,460,1122
202111,461,22060
202111,462,13697
202111,464,214
202111,465,3227
202111,466,2043
202111,467,4431
202111,468,1747
202111,469,2977
202111,470,99
202111,474,1100
202111,485,8596
202111,487,13187
202111,490,900
202111,497,4869
202111,501,16878
202111,505,5414
202111,509,583
202111,510,66
202111,511,23713
202111,512,2226
202111,513,1036
202111,516,9846
202111,518,2472
202111,520,34
202111,521,46
202111,522,912
202111,529,5510
202111,530,5549
202111,532,20176
202111,534,113
202111,535,822
202111,539,7091
202111,541,91060
202111,543,20307
202111,544,446
202111,545,134
202111,548,6038
202111,550,1267
202111,551,18995
202111,553,23955
202112,4,19476
202112,6,27393
202112,12,1284
202112,16,712
202112,17,11220
202112,18,1241
202112,20,10107
202112,21,671
202112,22,3417
202112,24,471
202112,25,3321
202112,28,3743
202112,29,1642
202112,30,33428
202112,31,767
202112,32,5155
202112,34,7267
202112,35,1221
202112,36,69216
202112,39,956
202112,40,3890
202112,45,17785
202112,46,55115
202112,48,10044
202112,49,8311
202112,52,30602
202112,53,3056
202112,54,14990
202112,58,2482
202112,61,1308
202112,62,4732
202112,64,6771
202112,65,21026
202112,71,17852
202112,72,126
202112,73,11752
202112,75,5491
202112,80,869
202112,83,39781
202112,87,3228
202112,89,8034
202112,90,22
202112,94,90906
202112,96,9094
202112,102,952
202112,104,952
202112,108,2568
202112,112,9351
202112,113,48798
202112,114,2203
202112,115,13979
202112,117,28321
202112,118,30753
202112,120,93533
202112,121,859
202112,126,45429
202112,128,1482
202112,130,4497
202112,131,19282
202112,132,1384
202112,133,29723
202112,134,6194
202112,135,2885
202112,138,30204
202112,140,1438
202112,143,17895
202112,144,13836
202112,147,1166
202112,148,1498
202112,151,5149
202112,152,796
202112,153,689
202112,154,242
202112,156,401
202112,158,130
202112,160,3818
202112,163,58475
202112,164,11577
202112,165,20619
202112,166,373333
202112,167,17832
202112,169,45011
202112,170,920
202112,171,2918
202112,175,3167
202112,176,3902
202112,177,8235
202112,178,13783
202112,179,3359
202112,182,16366
202112,186,264694
202112,187,15364
202112,188,25741
202112,190,17517
202112,192,70732
202112,194,43129
202112,199,10764
202112,200,1604
202112,203,9383
202112,204,96705
202112,207,61934
202112,208,103569
202112,209,24909
202112,210,105764
202112,211,19045
202112,213,118917
202112,216,48969
202112,217,1910
202112,218,46110
202112,219,7644
202112,220,62756
202112,222,180349
202112,223,1131
202112,225,1449
202112,228,6849
202112,229,29639
202112,230,54935
202112,231,12263
202112,232,3246
202112,234,12176
202112,235,197107
202112,237,1351
202112,239,113898
202112,247,6435
202112,252,687
202112,258,13562
202112,259,3950
202112,260,6924
202112,262,13291
202112,263,5029
202112,264,27110
202112,265,1722
202112,266,26170
202112,267,11994
202112,268,1246
202112,269,1579
202112,282,7481
202112,286,10013
202112,288,16435
202112,289,14976
202112,305,14087
202112,307,3370
202112,308,86384
202112,315,8777
202112,317,40908
202112,318,3381
202112,321,3101
202112,326,7183
202112,327,3920
202112,329,305
202112,330,1596
202112,331,1862
202112,333,19117
202112,335,636
202112,336,142
202112,337,19125
202112,340,8023
202112,341,20964
202112,344,8298
202112,345,6269
202112,346,6504
202112,347,8296
202112,348,86
202112,352,29171
202112,354,6805
202112,355,1823
202112,356,4598
202112,363,6918
202112,364,3400
202112,367,52016
202112,368,2943
202112,369,559
202112,377,2785
202112,378,4
202112,381,1923
202112,384,556
202112,385,5549
202112,387,6404
202112,389,11
202112,390,47
202112,394,226
202112,395,4025
202112,396,2596
202112,397,3200
202112,398,2409
202112,399,8413
202112,400,2680
202112,401,2732
202112,403,36192
202112,404,8295
202112,406,7187
202112,407,669
202112,409,13870
202112,410,1528
202112,423,6042
202112,424,1368
202112,428,6273
202112,434,432
202112,437,33592
202112,438,3900
202112,442,1526
202112,443,1883
202112,444,9827
202112,446,1330
202112,449,623
202112,450,8913
202112,451,10743
202112,453,7167
202112,454,28741
202112,457,5361
202112,459,7531
202112,460,2363
202112,461,20645
202112,462,17458
202112,464,902
202112,465,3101
202112,466,2229
202112,467,3923
202112,468,1680
202112,469,2879
202112,470,91
202112,474,1876
202112,485,10079
202112,487,13357
202112,489,105
202112,490,1635
202112,497,7173
202112,501,12161
202112,505,6350
202112,509,681
202112,510,208
202112,511,26172
202112,512,1941
202112,513,807
202112,514,594
202112,516,9783
202112,518,532
202112,521,66
202112,522,1072
202112,529,6445
202112,530,7554
202112,532,20638
202112,535,2867
202112,539,11221
202112,541,82935
202112,543,17330
202112,544,949
202112,545,29
202112,548,8614
202112,550,2028
202112,551,19379
202112,553,23335
202201,2,2033
202201,4,24442
202201,6,29376
202201,12,1352
202201,16,7072
202201,17,10649
202201,18,874
202201,20,5606
202201,21,538
202201,22,2831
202201,24,212
202201,25,3601
202201,28,2813
202201,29,1686
202201,30,29575
202201,31,711
202201,32,4427
202201,34,8005
202201,35,1767
202201,36,62762
202201,39,1553
202201,40,3755
202201,44,880
202201,45,18.11
202201,46,56787
202201,48,10273
202201,49,7913
202201,52,29923
202201,53,2638
202201,54,14861
202201,58,2.22
202201,61,239
202201,62,4539
202201,64,7.31
202201,65,18098
202201,71,16.84
202201,73,12566
202201,75,3683
202201,80,599
202201,83,41259
202201,87,3452
202201,89,7803
202201,90,231
202201,94,83628
202201,96,5861
202201,102,881
202201,104,117
202201,105,630
202201,107,971
202201,108,2378
202201,112,9444
202201,113,54528
202201,114,3213
202201,115,11556
202201,117,33645
202201,118,31668
202201,120,92022
202201,121,1507
202201,126,53.83
202201,128,1249
202201,130,4347
202201,131,21986
202201,132,1341
202201,133,32247
202201,134,14066
202201,135,2449
202201,138,29106
202201,140,1064
202201,143,16904
202201,144,10079
202201,147,1506
202201,148,2623
202201,151,5543
202201,152,348
202201,153,256
202201,154,251
202201,156,793
202201,160,3191
202201,163,57857
202201,164,8658
202201,165,22697
202201,166,324111
202201,167,21.29
202201,169,20.98
202201,170,2619
202201,171,1829
202201,175,3281
202201,176,2899
202201,177,7273
202201,178,11366
202201,179,3854
202201,182,10372
202201,186,294.81
202201,187,10718
202201,188,15762
202201,190,12753
202201,192,59324
202201,194,36354
202201,195,1157
202201,198,1127
202201,199,13491
202201,200,1528
202201,203,8343
202201,204,104452
202201,207,63719
202201,208,109617
202201,209,24548
202201,210,99327
202201,211,16941
202201,213,135389
202201,216,35788
202201,217,1853
202201,218,42742
202201,219,7519
202201,220,59.84
202201,222,170467
202201,223,1098
202201,225,1161
202201,228,6428
202201,229,28977
202201,230,53.26
202201,231,12391
202201,232,3.24
202201,233,2867
202201,234,10949
202201,235,175687
202201,237,858
202201,239,105762
202201,240,10
202201,247,4931
202201,252,858
202201,255,15
202201,258,11176
202201,259,5237
202201,260,4874
202201,261,2819
202201,262,13514
202201,263,4463
202201,264,23993
202201,265,1611
202201,266,29521
202201,267,16689
202201,268,796
202201,269,1066
202201,282,5.43
202201,286,10862
202201,288,12.34
202201,289,15891
202201,293,54
202201,305,10592
202201,307,2971
202201,308,84449
202201,315,9148
202201,317,42.06
202201,318,3589
202201,321,7418
202201,326,8383
202201,327,4.03
202201,329,263
202201,330,1347
202201,331,2364
202201,333,19629
202201,335,762
202201,336,35
202201,337,18679
202201,340,4134
202201,341,12535
202201,344,8158
202201,345,4005
202201,346,5264
202201,347,6383
202201,352,21475
202201,354,3457
202201,355,553
202201,356,4302
202201,363,7472
202201,364,3524
202201,367,54617
202201,368,2128
202201,369,495
202201,377,2351
202201,381,2018
202201,384,950
202201,385,5372
202201,387,8381
202201,390,867
202201,394,411
202201,395,4594
202201,396,3292
202201,397,2045
202201,398,1592
202201,399,7.16
202201,400,868
202201,401,3417
202201,403,33394
202201,404,5268
202201,406,5127
202201,407,686
202201,409,13.85
202201,410,1455
202201,419,124
202201,423,5983
202201,424,1569
202201,428,4.4
202201,434,335
202201,437,38298
202201,438,3738
202201,442,1769
202201,443,1.9
202201,444,10448
202201,445,43
202201,446,1089
202201,449,651
202201,450,9687
202201,451,9715
202201,453,7198
202201,454,33.4
202201,457,4349
202201,459,7555
202201,460,2109
202201,461,21625
202201,462,15144
202201,464,887
202201,465,2902
202201,466,2109
202201,467,6294
202201,468,1909
202201,469,2784
202201,470,4
202201,474,1292
202201,485,10261
202201,487,10283
202201,489,188
202201,490,1242
202201,497,9708
202201,498,201
202201,499,661
202201,501,15194
202201,505,7088
202201,509,832
202201,510,213
202201,511,26964
202201,512,2214
202201,513,998
202201,514,1289
202201,515,425
202201,516,9561
202201,522,1229
202201,529,4976
202201,530,7187
202201,532,22591
202201,534,64
202201,535,1684
202201,539,10544
202201,541,94351
202201,543,19953
202201,544,583
202201,545,9
202201,548,8163
202201,550,1709
202201,551,20786
202201,553,26548
202202,2,3445
202202,4,20117
202202,6,22958
202202,12,1018
202202,16,6398
202202,17,8505
202202,18,814
202202,20,5615
202202,22,2888
202202,24,355
202202,25,2709
202202,28,2386
202202,29,2585
202202,30,24.12
202202,31,474
202202,32,3855
202202,34,6114
202202,35,2192
202202,36,45793
202202,39,1227
202202,40,2747
202202,44,701
202202,45,14.63
202202,46,46266
202202,48,7359
202202,49,5698
202202,52,22737
202202,53,2249
202202,54,11139
202202,58,2.38
202202,62,2872
202202,64,5776
202202,65,13.21
202202,71,13796
202202,73,9699
202202,75,3.33
202202,80,522
202202,83,31.75
202202,87,3078
202202,89,6.17
202202,90,946
202202,94,53982
202202,96,3.16
202202,102,1154
202202,107,1162
202202,108,1424
202202,112,6809
202202,113,40.52
202202,114,2712
202202,115,5.81
202202,117,30744
202202,118,24009
202202,120,70558
202202,121,1251
202202,126,41889
202202,128,1001
202202,130,3037
202202,131,18832
202202,132,1042
202202,133,25559
202202,134,12915
202202,135,2.34
202202,138,25322
202202,140,660
202202,143,14131
202202,144,7765
202202,147,1452
202202,148,1409
202202,151,4658
202202,152,155
202202,153,186
202202,154,171
202202,156,948
202202,160,4395
202202,163,45189
202202,164,3376
202202,165,23387
202202,166,199681
202202,167,18828
202202,169,18217
202202,170,1867
202202,171,1639
202202,175,1.49
202202,176,2343
202202,177,6924
202202,178,10424
202202,179,8307
202202,182,12501
202202,186,193835
202202,187,8793
202202,188,15652
202202,190,7302
202202,192,46021
202202,194,25932
202202,195,5983
202202,198,953
202202,199,17776
202202,200,1381
202202,203,4881
202202,204,83267
202202,207,52556
202202,208,85836
202202,209,20226
202202,210,79421
202202,211,16709
202202,213,107312
202202,216,35429
202202,217,1736
202202,218,28839
202202,219,6547
202202,220,41088
202202,222,131792
202202,223,1649
202202,225,1042
202202,228,2365
202202,229,20661
202202,230,41.7
202202,231,9.65
202202,232,3325
202202,233,6553
202202,234,8214
202202,235,137865
202202,237,713
202202,239,75349
202202,240,123
202202,243,36
202202,247,4753
202202,252,560
202202,258,10071
202202,259,7443
202202,260,4442
202202,261,2237
202202,262,9531
202202,263,3.52
202202,264,17808
202202,265,1161
202202,266,20825
202202,267,12821
202202,268,772
202202,269,835
202202,282,1686
202202,286,7428
202202,288,10529
202202,289,13351
202202,293,1702
202202,295,40
202202,304,2733
202202,305,7439
202202,307,1684
202202,308,56542
202202,315,6647
202202,317,31601
202202,318,2798
202202,321,8534
202202,326,7062
202202,327,3529
202202,329,288
202202,330,1319
202202,331,1846
202202,333,14626
202202,335,409
202202,336,67
202202,337,15773
202202,363,5111
202202,364,2513
202202,367,45408
202202,368,1.53
202202,369,458
202202,377,1972
202202,381,1671
202202,384,1155
202202,385,3.67
202202,387,5918
202202,390,649
202202,394,719
202202,395,3303
202202,396,2717
202202,397,1842
202202,398,1357
202202,399,4195
202202,401,2942
202202,403,24265
202202,404,3448
202202,406,3579
202202,407,464
202202,409,10968
202202,410,606
202202,423,4648
202202,424,1063
202202,428,2124
202202,434,218
202202,437,31887
202202,438,3328
202202,442,1285
202202,443,1457
202202,444,8224
202202,446,616
202202,449,511
202202,450,6288
202202,451,4683
202202,453,5739
202202,454,23122
202202,457,3.48
202202,459,3998
202202,460,2212
202202,461,18769
202202,462,10182
202202,464,583
202202,465,1424
202202,466,1983
202202,467,5589
202202,468,287
202202,469,2009
202202,471,60
202202,474,1194
202202,485,8699
202202,487,9433
202202,490,674
202202,497,9764
202202,498,829
202202,499,109
202202,501,9652
202202,505,3054
202202,509,1021
202202,511,20382
202202,512,1732
202202,513,1111
202202,514,1051
202202,515,2987
202202,516,8533
202202,522,1268
202202,529,5371
202202,530,5144
202202,532,16337
202202,534,26
202202,535,1903
202202,539,7148
202202,541,78885
202202,543,17318
202202,544,125
202202,545,6
202202,548,6035
202202,550,1085
202202,551,17921
202202,553,20535
202203,2,4079
202203,4,25.93
202203,6,26354
202203,12,1759
202203,13,3
202203,16,6757
202203,17,9115
202203,18,1228
202203,20,8818
202203,22,3376
202203,24,518
202203,25,3019
202203,28,4368
202203,29,3403
202203,30,34439
202203,31,804
202203,32,4501
202203,34,8488
202203,35,2745
202203,36,65487
202203,39,1471
202203,40,1822
202203,44,365
202203,45,19821
202203,46,69223
202203,47,436
202203,48,10268
202203,49,6.01
202203,52,27235
202203,53,3274
202203,54,15869
202203,58,2984
202203,62,2855
202203,64,6768
202203,65,17631
202203,71,18489
202203,73,16298
202203,75,3678
202203,80,1524
202203,83,43744
202203,87,4046
202203,89,7981
202203,90,1603
202203,94,84596
202203,96,3931
202203,102,1803
202203,107,1301
202203,108,130
202203,112,8237
202203,113,60.36
202203,114,3597
202203,115,9957
202203,117,42352
202203,118,27995
202203,120,92605
202203,121,1903
202203,126,51474
202203,128,1378
202203,130,4261
202203,131,19358
202203,132,1356
202203,133,33942
202203,134,17644
202203,135,2956
202203,138,32685
202203,140,1388
202203,143,19.2
202203,144,13763
202203,147,2261
202203,148,1719
202203,151,7214
202203,154,285
202203,156,510
202203,160,6209
202203,163,59355
202203,164,7474
202203,165,28616
202203,166,315863
202203,167,19564
202203,169,34807
202203,170,2931
202203,171,2491
202203,175,1901
202203,176,4872
202203,177,8256
202203,178,15542
202203,179,24008
202203,182,21905
202203,186,258.45
202203,187,9523
202203,188,26305
202203,190,17518
202203,192,91938
202203,193,346
202203,194,37911
202203,195,10362
202203,199,21.86
202203,200,2875
202203,203,10546
202203,204,115222
202203,207,67047
202203,208,114065
202203,209,29864
202203,210,116088
202203,211,16135
202203,213,136514
202203,214,4
202203,216,58523
202203,217,2.85
202203,218,38.16
202203,219,11095
202203,220,57999
202203,222,214909
202203,223,1627
202203,225,1085
202203,229,33194
202203,230,52333
202203,231,12799
202203,232,7488
202203,233,8124
202203,234,12.32
202203,235,227767
202203,237,1233
202203,239,97204
202203,240,139
202203,247,3666
202203,252,797
202203,258,13.73
202203,259,7376
202203,260,5403
202203,261,2.6
202203,262,7.17
202203,263,4929
202203,264,21543
202203,265,1.11
202203,266,19602
202203,267,10435
202203,268,222
202203,269,1486
202203,270,897
202203,281,1025
202203,286,9647
202203,287,2532
202203,288,17081
202203,289,21934
202203,291,2982
202203,293,337
202203,295,14
202203,304,22297
202203,305,10572
202203,307,1863
202203,308,80226
202203,311,343
202203,315,9482
202203,317,43436
202203,318,3545
202203,321,12625
202203,326,8355
202203,327,4211
202203,329,246
202203,330,1403
202203,331,3108
202203,332,162
202203,333,17059
202203,335,1362
202203,336,349
202203,337,20563
202203,363,6027
202203,364,1813
202203,367,57.29
202203,368,2.37
202203,369,327
202203,377,2179
202203,381,2348
202203,384,1631
202203,385,5416
202203,387,8621
202203,390,876
202203,394,1133
202203,395,3941
202203,396,2381
202203,397,2935
202203,398,1949
202203,399,5582
202203,400,1095
202203,401,2897
202203,403,35633
202203,404,5.31
202203,406,4295
202203,407,816
202203,409,10567
202203,410,318
202203,419,1309
202203,423,5.27
202203,424,1.6
202203,428,4347
202203,434,107
202203,437,47.67
202203,438,3908
202203,439,2311
202203,442,1473
202203,443,1875
202203,444,11487
202203,446,1292
202203,449,463
202203,450,6246
202203,453,7.26
202203,454,36506
202203,457,3934
202203,459,2309
202203,460,1672
202203,461,29316
202203,462,9078
202203,464,988
202203,465,3354
202203,466,1803
202203,467,7481
202203,469,3097
202203,471,64
202203,474,1631
202203,485,11.94
202203,487,12825
202203,490,873
202203,497,13501
202203,501,10.62
202203,505,2603
202203,509,990
202203,511,32.16
202203,512,1843
202203,513,1.9
202203,514,1241
202203,515,3259
202203,516,12186
202203,522,1342
202203,524,1445
202203,529,6985
202203,530,2182
202203,532,26501
202203,535,4295
202203,539,10056
202203,541,104132
202203,543,26.1
202203,544,405
202203,548,3347
202203,550,1429
202203,551,25548
202203,553,27143
202204,2,3769
202204,4,23828
202204,6,25196
202204,12,1.84
202204,16,6246
202204,17,11846
202204,18,940
202204,20,7.67
202204,22,2888
202204,24,558
202204,25,2263
202204,28,2902
202204,29,3441
202204,30,28996
202204,31,1559
202204,32,3.43
202204,34,7417
202204,35,1996
202204,36,68254
202204,39,1.67
202204,40,3011
202204,43,12
202204,45,16713
202204,46,59877
202204,48,8428
202204,49,4221
202204,52,25918
202204,53,1458
202204,54,16.44
202204,58,991
202204,62,2039
202204,64,1433
202204,65,16013
202204,71,17094
202204,73,13474
202204,75,2881
202204,80,4325
202204,83,37891
202204,87,3044
202204,89,7219
202204,90,823
202204,94,88.4
202204,96,3616
202204,102,1587
202204,107,1308
202204,108,1.49
202204,112,8998
202204,113,59616
202204,114,3324
202204,115,12457
202204,117,33091
202204,118,25548
202204,120,98835
202204,121,2155
202204,126,46783
202204,128,1284
202204,130,4149
202204,131,20.34
202204,132,907
202204,133,30.53
202204,134,16855
202204,135,2495
202204,138,31.26
202204,140,841
202204,143,19829
202204,144,5656
202204,147,1305
202204,148,2.01
202204,151,7066
202204,154,516
202204,156,392
202204,160,5604
202204,163,64226
202204,164,5629
202204,165,26136
202204,166,254339
202204,167,21187
202204,169,28611
202204,170,2586
202204,171,3.47
202204,175,2012
202204,176,7248
202204,177,13407
202204,178,16853
202204,179,35877
202204,180,1143
202204,182,22.7
202204,186,258795
202204,187,16572
202204,188,49.1
202204,190,12228
202204,191,2026
202204,192,56277
202204,193,3698
202204,194,37.27
202204,195,11173
202204,199,23676
202204,200,5918
202204,203,19083
202204,204,106414
202204,206,1862
202204,207,79607
202204,208,116355
202204,209,27281
202204,210,112519
202204,211,19998
202204,213,132922
202204,216,120926
202204,217,2.69
202204,218,39653
202204,219,9793
202204,220,66754
202204,222,203468
202204,223,3851
202204,225,1.36
202204,228,2.49
202204,229,32685
202204,230,52587
202204,231,16289
202204,232,10253
202204,233,5914
202204,234,11409
202204,235,192377
202204,237,896
202204,239,87573
202204,240,199
202204,247,4379
202204,252,197
202204,258,12969
202204,259,4533
202204,260,4971
202204,261,3079
202204,262,9364
202204,263,4727
202204,264,23299
202204,265,1599
202204,266,21655
202204,267,14725
202204,268,886
202204,269,1214
202204,270,7076
202204,281,7147
202204,286,8.53
202204,287,4823
202204,288,14703
202204,289,16795
202204,291,11645
202204,293,293
202204,304,62075
202204,305,9.42
202204,307,1257
202204,308,69832
202204,311,9476
202204,315,9004
202204,317,29737
202204,318,3135
202204,321,11321
202204,326,6325
202204,327,3.35
202204,329,253
202204,330,1423
202204,331,2872
202204,333,12457
202204,335,975
202204,336,404
202204,337,16651
202204,338,378
202204,363,2686
202204,364,2327
202204,367,46074
202204,368,1517
202204,369,538
202204,377,2.5
202204,378,2822
202204,381,1583
202204,384,1021
202204,385,4231
202204,386,1165
202204,387,8818
202204,390,525
202204,394,587
202204,395,8882
202204,396,3339
202204,397,2872
202204,398,1965
202204,399,7082
202204,400,1.33
202204,401,2274
202204,403,33493
202204,404,5804
202204,406,3807
202204,407,987
202204,409,10596
202204,410,1791
202204,419,10435
202204,421,461
202204,422,194
202204,423,4696
202204,424,1457
202204,428,4919
202204,434,224
202204,437,37332
202204,438,4293
202204,439,919
202204,442,1251
202204,443,1523
202204,444,10771
202204,446,1094
202204,449,1185
202204,450,5859
202204,451,3383
202204,453,6369
202204,454,33625
202204,457,3954
202204,458,82
202204,459,4671
202204,460,1717
202204,461,33021
202204,462,4653
202204,464,924
202204,465,2438
202204,466,1.4
202204,467,7043
202204,468,69
202204,469,3564
202204,471,91
202204,474,1311
202204,480,13
202204,485,10862
202204,487,9883
202204,490,346
202204,497,14005
202204,501,11474
202204,505,4938
202204,509,577
202204,511,24076
202204,512,1732
202204,513,2352
202204,514,1198
202204,515,1048
202204,516,17629
202204,519,2673
202204,522,1.19
202204,524,17173
202204,529,6424
202204,530,3133
202204,532,28747
202204,535,9885
202204,537,205
202204,539,7575
202204,541,102583
202204,543,24305
202204,544,393
202204,545,21
202204,548,5857
202204,550,1317
202204,551,22939
202204,553,22624
202205,2,4062
202205,4,25342
202205,6,43743
202205,12,1603
202205,14,3253
202205,16,4838
202205,17,12479
202205,18,877
202205,20,6329
202205,22,2694
202205,24,576
202205,25,2861
202205,28,2.77
202205,29,4029
202205,30,34351
202205,31,2.36
202205,32,3623
202205,34,8509
202205,35,1571
202205,36,97698
202205,39,1.47
202205,40,3764
202205,43,25
202205,45,21285
202205,46,93545
202205,48,13837
202205,49,5211
202205,52,42495
202205,53,2831
202205,54,19014
202205,58,1996
202205,62,1397
202205,64,7297
202205,65,19014
202205,71,17417
202205,73,15364
202205,75,2736
202205,76,1187
202205,80,6289
202205,81,6.94
202205,83,51411
202205,87,3819
202205,89,8031
202205,90,1386
202205,91,6673
202205,94,114009
202205,96,6148
202205,102,1712
202205,107,2391
202205,108,2277
202205,112,12549
202205,113,86823
202205,114,3482
202205,115,13594
202205,117,46483
202205,118,36995
202205,120,138911
202205,121,3292
202205,126,56001
202205,128,954
202205,130,3761
202205,131,36444
202205,132,976
202205,133,48104
202205,134,22182
202205,135,3.01
202205,138,35016
202205,140,1337
202205,143,25598
202205,144,7793
202205,147,1319
202205,148,2097
202205,151,11409
202205,154,441
202205,156,338
202205,160,5931
202205,163,83599
202205,164,5.65
202205,165,43449
202205,166,431481
202205,167,27042
202205,169,35945
202205,170,1414
202205,171,6615
202205,175,2.58
202205,176,7326
202205,177,16993
202205,178,23.45
202205,179,70855
202205,180,1502
202205,182,25859
202205,186,331335
202205,187,17847
202205,188,68616
202205,190,21.17
202205,191,6806
202205,192,83648
202205,193,5965
202205,194,44228
202205,195,13232
202205,199,31736
202205,200,7934
202205,203,22991
202205,204,168853
202205,206,7639
202205,207,100657
202205,208,153313
202205,209,34.14
202205,210,146104
202205,211,24.86
202205,213,174281
202205,216,160582
202205,217,2763
202205,218,61601
202205,219,10.15
202205,220,88489
202205,222,278835
202205,223,7839
202205,225,1992
202205,228,1228
202205,229,49698
202205,230,74545
202205,231,20798
202205,232,7664
202205,233,8288
202205,234,13.01
202205,235,243765
202205,237,1348
202205,239,131167
202205,241,1852
202205,247,4098
202205,252,95
202205,258,15344
202205,259,6451
202205,260,4587
202205,261,2955
202205,262,10357
202205,263,10548
202205,264,25298
202205,265,1599
202205,266,23233
202205,267,16103
202205,268,776
202205,269,795
202205,270,8315
202205,272,3394
202205,273,12072
202205,281,8292
202205,286,10848
202205,287,19549
202205,288,21691
202205,289,20703
202205,291,25851
202205,292,79
202205,293,64
202205,295,97
202205,304,91003
202205,305,16691
202205,307,2584
202205,308,113.59
202205,311,17551
202205,315,10543
202205,317,47511
202205,318,3.55
202205,321,24833
202205,326,6838
202205,327,3342
202205,329,236
202205,330,1397
202205,331,3448
202205,333,15098
202205,335,1084
202205,336,268
202205,337,19263
202205,362,1317
202205,363,2961
202205,364,3052
202205,367,62497
202205,368,2227
202205,369,418
202205,377,2264
202205,378,18599
202205,381,1758
202205,384,1081
202205,385,6002
202205,386,10539
202205,387,9935
202205,389,2309
202205,390,1.62
202205,394,639
202205,395,18998
202205,396,3817
202205,397,3251
202205,398,1541
202205,399,8538
202205,400,1411
202205,401,2539
202205,403,41738
202205,404,5797
202205,406,4263
202205,407,1023
202205,409,12073
202205,410,2131
202205,412,3359
202205,419,21239
202205,421,1952
202205,422,1789
202205,423,6866
202205,424,1379
202205,428,9912
202205,434,146
202205,437,58.96
202205,438,6778
202205,439,2357
202205,442,1248
202205,443,1467
202205,444,12573
202205,446,1077
202205,449,1607
202205,450,7488
202205,451,10.77
202205,453,6346
202205,454,37442
202205,457,3768
202205,458,452
202205,459,2319
202205,460,2006
202205,461,40112
202205,462,2382
202205,464,1
202205,465,2345
202205,466,2066
202205,467,7085
202205,469,3367
202205,471,46
202205,474,1399
202205,480,46
202205,484,1929
202205,485,15056
202205,487,15098
202205,490,647
202205,497,20574
202205,501,18118
202205,505,10694
202205,509,688
202205,510,47
202205,511,32.47
202205,512,1394
202205,513,1809
202205,514,1249
202205,515,1388
202205,516,26307
202205,519,9847
202205,522,1863
202205,524,26272
202205,529,7192
202205,530,3389
202205,532,37226
202205,535,16657
202205,537,578
202205,539,10751
202205,541,126251
202205,543,27372
202205,544,299
202205,545,8
202205,548,10083
202205,550,1545
202205,551,32403
202205,553,36271
202206,2,4053
202206,4,26671
202206,6,37487
202206,12,1544
202206,13,3
202206,14,6595
202206,16,5317
202206,17,12.35
202206,18,895
202206,20,8295
202206,22,2.64
202206,24,837
202206,25,2078
202206,28,2755
202206,29,2635
202206,30,30578
202206,31,2578
202206,32,3936
202206,34,8955
202206,35,1732
202206,36,84869
202206,39,1739
202206,40,3.33
202206,45,22466
202206,46,72924
202206,48,9554
202206,49,5.36
202206,52,34504
202206,53,2.58
202206,54,18432
202206,58,561
202206,62,1954
202206,64,5041
202206,65,19614
202206,71,17.48
202206,73,16528
202206,75,3531
202206,76,2156
202206,80,10439
202206,81,11482
202206,83,45942
202206,87,3641
202206,89,8066
202206,90,1253
202206,91,17115
202206,94,114038
202206,96,5.59
202206,102,1941
202206,107,1351
202206,108,477
202206,112,9134
202206,113,74.49
202206,114,3681
202206,115,7922
202206,117,40803
202206,118,32182
202206,120,131953
202206,121,2992
202206,126,62565
202206,128,921
202206,130,4601
202206,131,28.04
202206,132,934
202206,133,39711
202206,134,21571
202206,135,3751
202206,138,35327
202206,139,733
202206,140,368
202206,143,18393
202206,144,15
202206,147,1012
202206,148,1774
202206,151,10491
202206,154,678
202206,156,491
202206,160,9.11
202206,163,72.99
202206,164,5806
202206,165,45699
202206,166,418035
202206,167,26235
202206,169,42553
202206,170,2931
202206,171,7532
202206,175,3.49
202206,176,7207
202206,177,22453
202206,178,20.44
202206,179,57809
202206,180,3481
202206,182,23873
202206,186,312769
202206,187,17378
202206,188,58732
202206,190,26614
202206,191,5129
202206,192,79594
202206,193,6926
202206,194,43768
202206,195,5127
202206,199,30106
202206,200,9.66
202206,203,27644
202206,204,132742
202206,206,8233
202206,207,76663
202206,208,134196
202206,209,33.45
202206,210,134159
202206,211,21447
202206,213,152.97
202206,216,154205
202206,217,4.63
202206,218,48276
202206,219,11868
202206,220,79574
202206,222,262005
202206,223,11166
202206,225,1441
202206,229,42297
202206,230,62848
202206,231,19132
202206,232,10933
202206,233,8614
202206,234,12613
202206,235,233247
202206,237,943
202206,239,115.35
202206,240,236
202206,241,3245
202206,247,4523
202206,248,187
202206,251,1249
202206,258,14258
202206,259,7601
202206,260,4402
202206,261,3532
202206,262,7234
202206,263,8751
202206,264,25.95
202206,265,1781
202206,266,26946
202206,267,18708
202206,268,966
202206,269,1016
202206,270,14787
202206,272,4107
202206,273,13632
202206,275,7747
202206,281,7.69
202206,286,11293
202206,287,39758
202206,288,20946
202206,289,15441
202206,291,41122
202206,292,144
202206,304,110906
202206,305,20295
202206,307,576
202206,308,102944
202206,311,29743
202206,315,10207
202206,317,46531
202206,318,3359
202206,321,25582
202206,326,6.48
202206,327,3268
202206,329,276
202206,330,1648
202206,331,3789
202206,333,21699
202206,335,1095
202206,336,93
202206,337,17646
202206,338,353
202206,362,2467
202206,363,2817
202206,364,1.92
202206,367,53865
202206,368,2456
202206,369,38
202206,376,761
202206,377,2239
202206,378,20756
202206,381,2096
202206,384,1192
202206,385,3.29
202206,386,19.82
202206,387,8025
202206,389,4068
202206,390,1098
202206,394,671
202206,395,13329
202206,396,2784
202206,397,3239
202206,398,1408
202206,399,8411
202206,400,1811
202206,401,3058
202206,403,41136
202206,404,5161
202206,406,4179
202206,407,334
202206,409,12041
202206,410,1546
202206,412,5946
202206,419,22593
202206,421,2532
202206,422,2231
202206,423,6098
202206,424,1714
202206,428,9806
202206,437,56278
202206,438,6701
202206,439,639
202206,442,1311
202206,443,1751
202206,444,12465
202206,446,1303
202206,449,2374
202206,450,7318
202206,451,10444
202206,453,6114
202206,454,34915
202206,457,4359
202206,458,593
202206,459,3128
202206,460,2754
202206,461,43642
202206,462,1205
202206,464,972
202206,465,2.98
202206,466,1413
202206,467,7.87
202206,469,3064
202206,471,56
202206,474,1009
202206,480,34
202206,484,2.37
202206,485,12858
202206,487,14064
202206,497,16893
202206,501,16263
202206,502,214
202206,505,8033
202206,509,440
202206,510,290
202206,511,30375
202206,512,1821
202206,513,1385
202206,514,1433
202206,515,22
202206,516,23116
202206,519,8921
202206,522,1015
202206,524,26736
202206,529,7.28
202206,530,3.44
202206,532,40662
202206,535,12668
202206,537,311
202206,539,11.37
202206,541,112079
202206,543,28762
202206,545,7
202206,548,8646
202206,550,2027
202206,551,27664
202206,553,30049
202207,2,4213
202207,4,26713
202207,6,36838
202207,12,1262
202207,13,827
202207,14,9423
202207,16,5445
202207,17,12.58
202207,18,743
202207,20,7776
202207,22,3034
202207,24,939
202207,25,2349
202207,28,2694
202207,29,3226
202207,30,30659
202207,31,2609
202207,32,3173
202207,34,8.18
202207,35,1585
202207,36,88027
202207,39,1673
202207,40,3.38
202207,43,25
202207,45,24.16
202207,46,81938
202207,48,11.64
202207,49,5607
202207,52,36227
202207,53,2642
202207,54,20285
202207,58,239
202207,62,397
202207,64,823
202207,65,19777
202207,71,17608
202207,73,15407
202207,75,3093
202207,76,196
202207,80,12763
202207,81,16327
202207,83,45782
202207,87,3412
202207,89,7536
202207,90,1252
202207,91,26.76
202207,94,114424
202207,96,8798
202207,102,1729
202207,107,1.36
202207,112,10914
202207,113,84917
202207,114,3258
202207,115,10732
202207,117,43665
202207,118,34289
202207,120,144481
202207,121,2769
202207,126,61141
202207,128,1182
202207,130,4167
202207,131,25811
202207,132,1036
202207,133,38472
202207,134,22494
202207,135,2913
202207,138,35271
202207,139,2354
202207,140,417
202207,143,18886
202207,144,16156
202207,147,1083
202207,148,2449
202207,151,9949
202207,154,1048
202207,156,2035
202207,160,14335
202207,163,72267
202207,164,14361
202207,165,46028
202207,166,436252
202207,167,25657
202207,169,40035
202207,170,2424
202207,171,6764
202207,174,157
202207,175,5056
202207,176,7955
202207,177,26689
202207,178,19383
202207,179,39125
202207,180,3898
202207,182,24532
202207,186,322842
202207,187,17886
202207,188,82705
202207,190,27427
202207,191,5468
202207,192,77182
202207,193,8486
202207,194,40.65
202207,195,1673
202207,199,31621
202207,200,11.14
202207,201,330
202207,203,29024
202207,204,145986
202207,206,10326
202207,207,78368
202207,208,141.35
202207,209,33632
202207,210,140224
202207,211,21175
202207,213,148027
202207,216,166.84
202207,217,3918
202207,218,52252
202207,219,12368
202207,220,86289
202207,222,273008
202207,223,12855
202207,225,1367
202207,228,188
202207,229,41566
202207,230,54.28
202207,231,20159
202207,232,14205
202207,233,8846
202207,234,13201
202207,235,230991
202207,239,127347
202207,240,160
202207,241,3766
202207,247,4186
202207,248,767
202207,251,2677
202207,252,49
202207,258,16298
202207,259,7595
202207,260,4109
202207,261,3.36
202207,262,8897
202207,263,1404
202207,264,26899
202207,265,1748
202207,266,26.47
202207,267,21276
202207,268,1046
202207,269,847
202207,270,16961
202207,272,5447
202207,273,26797
202207,275,11561
202207,280,6.01
202207,281,8138
202207,285,2326
202207,286,12626
202207,287,69633
202207,288,26036
202207,289,13975
202207,291,66191
202207,292,6016
202207,304,125957
202207,305,22743
202207,307,591
202207,308,113.65
202207,311,38028
202207,315,12076
202207,317,48459
202207,318,3674
202207,321,26832
202207,326,6238
202207,327,3954
202207,329,156
202207,330,1627
202207,331,3912
202207,333,19117
202207,335,878
202207,337,18.22
202207,362,2782
202207,363,3015
202207,364,2444
202207,367,58308
202207,368,366
202207,369,554
202207,376,729
202207,377,1913
202207,378,28503
202207,381,2506
202207,384,1055
202207,385,3.54
202207,386,26009
202207,387,6815
202207,389,9066
202207,390,756
202207,394,492
202207,395,14384
202207,396,4066
202207,397,3846
202207,398,1461
202207,399,9056
202207,400,1729
202207,401,1637
202207,403,42754
202207,404,5696
202207,406,4693
202207,409,10643
202207,410,1315
202207,412,6832
202207,419,22222
202207,421,2907
202207,422,2924
202207,423,5332
202207,424,1561
202207,428,14905
202207,434,144
202207,437,59683
202207,438,5263
202207,439,734
202207,442,975
202207,443,1.17
202207,444,12078
202207,446,1057
202207,449,2985
202207,450,7395
202207,451,11283
202207,453,6052
202207,454,39578
202207,457,3968
202207,458,506
202207,459,3163
202207,460,2731
202207,461,39323
202207,462,1661
202207,464,744
202207,465,2575
202207,466,1684
202207,467,6796
202207,469,2985
202207,471,43
202207,474,593
202207,480,202
202207,484,3222
202207,485,14062
202207,487,15265
202207,490,268
202207,497,18771
202207,501,18432
202207,505,8682
202207,509,357
202207,511,33435
202207,512,1183
202207,513,1948
202207,514,1213
202207,516,26688
202207,519,10661
202207,522,956
202207,524,26.4
202207,529,6929
202207,532,41199
202207,535,14267
202207,537,229
202207,538,1714
202207,539,12094
202207,541,121562
202207,543,28.38
202207,544,22
202207,545,7
202207,548,10255
202207,550,2145
202207,551,29404
202207,553,30796
202208,2,4291
202208,4,24922
202208,6,30629
202208,12,1544
202208,13,2123
202208,14,9922
202208,16,5092
202208,17,11592
202208,18,734
202208,20,7255
202208,22,1855
202208,24,1021
202208,25,1466
202208,28,2066
202208,29,2718
202208,30,25125
202208,31,2346
202208,32,2902
202208,34,7393
202208,35,1.54
202208,36,80925
202208,39,1827
202208,40,1888
202208,43,39
202208,45,16607
202208,46,62.72
202208,47,394
202208,48,9129
202208,49,4851
202208,52,32024
202208,53,2.57
202208,54,18758
202208,65,17051
202208,71,14422
202208,73,12712
202208,75,3053
202208,76,1545
202208,80,14077
202208,81,16654
202208,83,37986
202208,87,3296
202208,89,7761
202208,90,518
202208,91,33112
202208,94,104121
202208,96,6444
202208,102,1437
202208,104,334
202208,107,1204
202208,112,7736
202208,113,60684
202208,114,2371
202208,115,10226
202208,117,32054
202208,118,27407
202208,120,112379
202208,121,2871
202208,126,44395
202208,128,1222
202208,130,3134
202208,131,20117
202208,132,57
202208,133,28133
202208,134,21791
202208,135,542
202208,138,31822
202208,139,2159
202208,140,38
202208,143,19344
202208,144,13886
202208,147,1017
202208,148,2163
202208,151,9542
202208,154,1346
202208,156,2695
202208,160,14.06
202208,161,733
202208,163,64035
202208,164,13.02
202208,165,45993
202208,166,406.86
202208,167,18699
202208,169,39175
202208,170,1539
202208,171,5644
202208,174,444
202208,175,4459
202208,176,8041
202208,177,26834
202208,178,19904
202208,179,62851
202208,180,3796
202208,182,18506
202208,186,267153
202208,187,16116
202208,188,90485
202208,190,20072
202208,191,4.11
202208,192,78283
202208,193,9058
202208,194,39209
202208,195,10301
202208,199,29416
202208,200,9704
202208,201,428
202208,203,28622
202208,204,124674
202208,205,1229
202208,206,9053
202208,207,63863
202208,208,120.71
202208,209,28079
202208,210,121501
202208,211,17257
202208,213,126.75
202208,216,166103
202208,217,3662
202208,218,50336
202208,219,11193
202208,220,85.21
202208,222,235719
202208,223,12286
202208,225,2105
202208,229,34995
202208,230,46031
202208,231,16863
202208,232,17611
202208,233,8355
202208,234,12276
202208,235,210381
202208,239,116413
202208,240,205
202208,241,2558
202208,242,88
202208,247,4735
202208,251,3257
202208,252,502
202208,258,13854
202208,259,5053
202208,260,3728
202208,261,3466
202208,262,7025
202208,264,24076
202208,265,1677
202208,266,20802
202208,267,19.69
202208,268,927
202208,269,817
202208,270,23991
202208,272,5219
202208,273,29757
202208,275,12069
202208,280,15273
202208,281,12204
202208,285,938
202208,286,10.68
202208,287,80899
202208,288,27535
202208,289,14484
202208,291,68061
202208,292,9453
202208,304,140615
202208,305,18308
202208,307,233
202208,308,93847
202208,311,33831
202208,315,11933
202208,317,42972
202208,318,3094
202208,321,23156
202208,326,4.83
202208,327,3.59
202208,329,82
202208,330,1403
202208,331,3792
202208,333,16137
202208,335,735
202208,337,16681
202208,362,2267
202208,363,2922
202208,364,1793
202208,367,55293
202208,369,501
202208,376,188
202208,377,2386
202208,378,42365
202208,381,2683
202208,384,925
202208,385,4535
202208,386,33623
202208,387,7729
202208,388,1161
202208,389,9712
202208,390,783
202208,394,71
202208,395,14188
202208,396,2809
202208,397,2125
202208,398,1592
202208,399,8055
202208,403,37029
202208,404,4927
202208,406,3951
202208,409,9615
202208,410,554
202208,412,8553
202208,419,25756
202208,421,2492
202208,422,2625
202208,423,4307
202208,424,1.11
202208,428,10175
202208,434,198
202208,437,55728
202208,438,4984
202208,439,30
202208,442,538
202208,443,653
202208,444,11434
202208,446,412
202208,449,2679
202208,450,5783
202208,451,9038
202208,453,5579
202208,454,32251
202208,457,3623
202208,458,495
202208,459,3397
202208,460,1784
202208,461,35345
202208,464,234
202208,465,1.46
202208,466,1168
202208,467,6034
202208,469,3185
202208,471,54
202208,474,964
202208,475,133
202208,480,34
202208,484,2585
202208,485,11.14
202208,487,10988
202208,497,15243
202208,501,11853
202208,505,269
202208,509,285
202208,511,32869
202208,512,1078
202208,513,1519
202208,514,997
202208,515,2
202208,516,24613
202208,519,8.61
202208,522,675
202208,524,27974
202208,529,6211
202208,532,34573
202208,535,12004
202208,537,22
202208,539,9284
202208,541,98969
202208,543,26133
202208,545,7
202208,548,6.4
202208,550,1466
202208,551,26517
202208,553,25518
202209,2,3902
202209,4,24857
202209,6,20306
202209,12,1.21
202209,13,2402
202209,14,9911
202209,16,3015
202209,17,12326
202209,18,840
202209,20,7279
202209,22,1654
202209,24,804
202209,25,1441
202209,26,138
202209,27,20
202209,28,2504
202209,29,2676
202209,30,25525
202209,31,2742
202209,32,3224
202209,34,7853
202209,35,1496
202209,36,82239
202209,39,1646
202209,40,2297
202209,43,6
202209,45,17.84
202209,46,67996
202209,47,1656
202209,48,8473
202209,49,4321
202209,52,27464
202209,53,2454
202209,54,16596
202209,65,16855
202209,71,14503
202209,73,11608
202209,75,3649
202209,76,1887
202209,80,14052
202209,81,16013
202209,83,39.94
202209,87,3294
202209,89,7587
202209,90,592
202209,91,35572
202209,94,106279
202209,96,7.31
202209,102,1.46
202209,107,883
202209,112,7477
202209,113,68019
202209,114,2398
202209,115,11739
202209,117,33.44
202209,118,25827
202209,120,100807
202209,121,1437
202209,126,48215
202209,128,1279
202209,130,3699
202209,131,19087
202209,133,25332
202209,134,22394
202209,135,4181
202209,138,28.43
202209,139,2327
202209,143,18847
202209,144,10503
202209,147,832
202209,148,1795
202209,151,8715
202209,154,3378
202209,156,2.03
202209,160,14593
202209,161,778
202209,163,63537
202209,164,10719
202209,165,47187
202209,166,355.43
202209,167,19645
202209,169,41873
202209,170,2334
202209,171,5948
202209,174,868
202209,175,4046
202209,176,7.74
202209,177,25.97
202209,178,19628
202209,179,88762
202209,180,3705
202209,182,22256
202209,186,240691
202209,187,14633
202209,188,98926
202209,190,16604
202209,191,4617
202209,192,71.17
202209,193,8695
202209,194,39005
202209,195,17648
202209,199,13715
202209,200,11.22
202209,201,287
202209,203,28.81
202209,204,100576
202209,205,1049
202209,206,10158
202209,207,58225
202209,208,113317
202209,209,29447
202209,210,116.74
202209,211,20526
202209,213,114118
202209,214,5
202209,216,180045
202209,217,3648
202209,218,47657
202209,219,12842
202209,220,84955
202209,222,203389
202209,223,15281
202209,225,1765
202209,229,33062
202209,230,52179
202209,231,15902
202209,232,17376
202209,233,8174
202209,234,12577
202209,235,200.21
202209,239,108697
202209,247,4102
202209,251,4064
202209,252,438
202209,258,11647
202209,259,4293
202209,260,4242
202209,261,2638
202209,262,7311
202209,264,22631
202209,265,1681
202209,266,17763
202209,267,18205
202209,268,999
202209,269,908
202209,270,23922
202209,272,7178
202209,273,36679
202209,275,10.61
202209,280,15563
202209,281,7741
202209,285,583
202209,286,9.68
202209,287,87.59
202209,288,25472
202209,289,12308
202209,291,67116
202209,292,11899
202209,304,148569
202209,305,17135
202209,307,489
202209,308,84575
202209,311,41131
202209,315,9616
202209,316,2748
202209,317,34751
202209,318,2849
202209,321,19479
202209,326,4.25
202209,327,3704
202209,329,83
202209,330,1403
202209,331,4182
202209,333,17598
202209,335,244
202209,337,15828
202209,338,566
202209,340,4067
202209,341,6154
202209,344,16824
202209,345,10277
202209,347,10605
202209,350,3536
202209,351,7.37
202209,352,32777
202209,357,3273
202209,362,2864
202209,363,2684
202209,364,2056
202209,367,49129
202209,369,533
202209,376,497
202209,377,1769
202209,378,38541
202209,381,2799
202209,384,830
202209,385,3.53
202209,386,37.35
202209,387,10106
202209,388,662
202209,389,10233
202209,390,801
202209,395,11364
202209,396,2417
202209,397,1812
202209,398,2037
202209,399,7764
202209,403,33383
202209,404,4344
202209,406,3641
202209,409,8754
202209,410,716
202209,412,8835
202209,419,26422
202209,421,2778
202209,422,2912
202209,423,4176
202209,424,1435
202209,428,7867
202209,434,236
202209,437,46822
202209,438,4713
202209,442,289
202209,443,466
202209,444,11431
202209,446,593
202209,449,3026
202209,450,5548
202209,451,6963
202209,453,5712
202209,454,28649
202209,457,3542
202209,458,432
202209,459,3074
202209,460,1553
202209,461,32189
202209,463,2053
202209,464,339
202209,465,1383
202209,466,1149
202209,467,5.01
202209,469,2777
202209,471,26
202209,474,735
202209,480,22
202209,484,2917
202209,485,13413
202209,487,13375
202209,497,13849
202209,501,13454
202209,505,3.51
202209,509,120
202209,511,26922
202209,512,942
202209,513,1121
202209,514,811
202209,516,20553
202209,519,7178
202209,522,389
202209,524,33649
202209,529,6189
202209,532,33.04
202209,533,296
202209,535,11051
202209,539,8931
202209,541,93532
202209,543,25041
202209,545,5
202209,548,5164
202209,550,1276
202209,551,23953
202209,553,23063
202210,2,4289
202210,4,23061
202210,6,22792
202210,9,2648
202210,12,1167
202210,13,594
202210,14,10562
202210,17,13429
202210,18,861
202210,20,8799
202210,22,1412
202210,24,861
202210,25,1554
202210,26,140
202210,28,2991
202210,29,2525
202210,30,30209
202210,31,2666
202210,32,3471
202210,34,8387
202210,35,1638
202210,36,96708
202210,39,1.71
202210,40,3204
202210,43,10
202210,45,18468
202210,46,68279
202210,47,1625
202210,48,9006
202210,49,4902
202210,52,28343
202210,53,2664
202210,54,16232
202210,58,6
202210,62,62
202210,65,17999
202210,71,16467
202210,73,14428
202210,75,3437
202210,76,1782
202210,80,18819
202210,81,15767
202210,83,46399
202210,87,3178
202210,89,7679
202210,90,577
202210,91,35246
202210,94,113147
202210,96,8024
202210,102,1333
202210,107,1.04
202210,108,145
202210,112,7111
202210,113,71.77
202210,114,2883
202210,115,14544
202210,116,243
202210,117,34901
202210,118,25048
202210,120,99038
202210,121,1411
202210,126,46994
202210,128,1099
202210,130,4.23
202210,131,20272
202210,133,28665
202210,134,27096
202210,135,4763
202210,137,791
202210,138,30026
202210,139,2382
202210,142,1111
202210,143,18.67
202210,144,11.86
202210,145,2222
202210,147,752
202210,148,1343
202210,151,9523
202210,153,565
202210,154,8141
202210,156,2123
202210,160,16752
202210,161,784
202210,163,70816
202210,164,10.48
202210,165,49.16
202210,166,380157
202210,167,26.04
202210,169,45043
202210,170,1732
202210,171,7403
202210,174,1011
202210,175,6095
202210,176,7246
202210,177,29825
202210,178,30015
202210,179,97856
202210,180,4119
202210,182,25485
202210,186,239572
202210,187,17015
202210,188,99926
202210,190,16755
202210,191,4.78
202210,192,77.51
202210,193,9866
202210,194,41978
202210,195,19596
202210,199,12197
202210,200,10957
202210,201,343
202210,203,28.83
202210,204,116472
202210,205,666
202210,206,11829
202210,207,68144
202210,208,116.14
202210,209,33126
202210,210,119751
202210,211,22787
202210,213,125393
202210,216,194606
202210,217,2.03
202210,218,49.03
202210,219,17545
202210,220,79159
202210,222,203739
202210,223,12954
202210,229,36892
202210,230,56988
202210,231,19039
202210,232,17702
202210,233,8669
202210,234,14354
202210,235,217827
202210,238,367
202210,239,112497
202210,247,4.24
202210,251,4582
202210,258,12419
202210,259,4641
202210,260,4373
202210,261,3097
202210,262,6832
202210,264,23431
202210,265,1683
202210,266,19974
202210,267,20152
202210,268,1004
202210,269,907
202210,270,24231
202210,272,7931
202210,273,38531
202210,275,10633
202210,280,20046
202210,281,7953
202210,286,11.21
202210,287,92334
202210,288,26723
202210,289,12.95
202210,291,70618
202210,292,14928
202210,295,40
202210,297,542
202210,304,144273
202210,305,19623
202210,307,256
202210,308,93.52
202210,311,38794
202210,315,10239
202210,316,3239
202210,317,43292
202210,318,2978
202210,321,21201
202210,326,5274
202210,327,3518
202210,329,90
202210,330,1.56
202210,331,4111
202210,333,16272
202210,337,17933
202210,338,938
202210,340,10581
202210,341,25259
202210,344,23736
202210,345,8.01
202210,346,7.19
202210,347,17594
202210,350,10.85
202210,351,14026
202210,352,57103
202210,354,1254
202210,356,3205
202210,357,21005
202210,362,3291
202210,363,2546
202210,364,2615
202210,367,53194
202210,369,694
202210,376,498
202210,377,1932
202210,378,47076
202210,381,2.8
202210,384,1186
202210,385,3891
202210,386,39249
202210,387,14468
202210,388,922
202210,389,11.32
202210,390,923
202210,394,265
202210,395,11153
202210,396,2918
202210,397,1614
202210,398,2.15
202210,399,7474
202210,400,154
202210,403,37942
202210,404,4286
202210,406,4852
202210,409,9963
202210,410,723
202210,412,9455
202210,413,2908
202210,414,5325
202210,419,31457
202210,421,2899
202210,422,4979
202210,423,4649
202210,424,1749
202210,428,7789
202210,430,91
202210,434,227
202210,435,1275
202210,437,49368
202210,438,5122
202210,440,880
202210,442,495
202210,443,921
202210,444,11274
202210,446,783
202210,449,3.56
202210,450,5924
202210,451,8307
202210,453,6226
202210,454,29349
202210,457,3713
202210,458,606
202210,459,3.65
202210,460,1209
202210,461,34052
202210,463,3.11
202210,464,554
202210,465,1468
202210,466,1116
202210,467,5121
202210,469,3.13
202210,471,62
202210,474,796
202210,480,16
202210,484,2526
202210,485,16.83
202210,487,16097
202210,491,855
202210,497,14288
202210,501,13237
202210,505,3974
202210,509,244
202210,511,27.78
202210,512,1427
202210,513,793
202210,514,909
202210,516,20535
202210,519,6648
202210,522,664
202210,524,39026
202210,525,668
202210,526,1885
202210,529,6706
202210,532,38.25
202210,533,502
202210,535,12835
202210,539,8708
202210,541,101894
202210,543,27393
202210,545,8
202210,548,5747
202210,550,1365
202210,551,26647
202210,553,26358
202211,2,4154
202211,4,21743
202211,6,19845
202211,9,3171
202211,12,1121
202211,13,2521
202211,14,8845
202211,17,12066
202211,18,1071
202211,20,8907
202211,22,1649
202211,24,851
202211,25,1832
202211,26,173
202211,28,3311
202211,29,2422
202211,30,30265
202211,31,2182
202211,32,3796
202211,34,8.28
202211,35,1669
202211,36,91241
202211,39,1773
202211,40,2956
202211,43,5
202211,45,19.78
202211,46,75657
202211,47,213
202211,48,9129
202211,49,5074
202211,52,25053
202211,53,2795
202211,54,16129
202211,62,6
202211,65,20955
202211,71,17067
202211,73,14406
202211,75,3.49
202211,76,1.84
202211,80,25041
202211,81,11269
202211,83,42646
202211,87,3261
202211,89,7266
202211,90,502
202211,91,28181
202211,94,120057
202211,96,6152
202211,102,1527
202211,107,1025
202211,112,7091
202211,113,80.2
202211,114,2946
202211,115,19069
202211,116,202
202211,117,35331
202211,118,27092
202211,120,96848
202211,121,1353
202211,126,44.98
202211,128,1263
202211,130,4337
202211,131,20353
202211,133,26922
202211,134,26691
202211,135,4369
202211,137,5302
202211,138,30373
202211,139,2095
202211,142,7163
202211,143,18691
202211,144,17.49
202211,145,2091
202211,146,1.47
202211,147,795
202211,148,2.07
202211,151,8269
202211,153,49
202211,154,2687
202211,156,5937
202211,160,14377
202211,161,590
202211,163,70.32
202211,164,11385
202211,165,35685
202211,166,360217
202211,167,26044
202211,169,42942
202211,170,2577
202211,171,7671
202211,174,1411
202211,175,8985
202211,176,11.44
202211,177,27.1
202211,178,24.62
202211,179,67.26
202211,180,3494
202211,182,26315
202211,186,240438
202211,187,16543
202211,188,95699
202211,190,13306
202211,191,4312
202211,192,78.9
202211,193,14915
202211,194,40548
202211,195,35678
202211,196,818
202211,199,11545
202211,200,11843
202211,203,24617
202211,204,123524
202211,205,342
202211,206,4409
202211,207,66783
202211,208,115831
202211,209,34488
202211,210,122339
202211,211,26934
202211,213,119858
202211,216,206.29
202211,217,2143
202211,218,53343
202211,219,16632
202211,220,75436
202211,222,203324
202211,223,18749
202211,225,1836
202211,229,33352
202211,230,50725
202211,231,16897
202211,232,21.64
202211,233,8282
202211,234,14783
202211,235,230212
202211,238,1684
202211,239,121673
202211,247,4.84
202211,251,3976
202211,252,129
202211,258,13399
202211,259,5032
202211,260,4848
202211,261,2148
202211,262,6976
202211,264,24932
202211,265,1698
202211,266,21.07
202211,267,21.38
202211,268,1.02
202211,269,1023
202211,270,20449
202211,272,9199
202211,273,29529
202211,275,7803
202211,280,18096
202211,281,11.3
202211,286,8921
202211,287,59866
202211,288,20549
202211,289,15666
202211,291,58733
202211,292,11838
202211,295,2368
202211,297,1594
202211,304,160794
202211,305,19812
202211,307,299
202211,308,82784
202211,311,35676
202211,315,9223
202211,316,3377
202211,317,39714
202211,318,2421
202211,321,24464
202211,326,6927
202211,327,3296
202211,329,74
202211,330,253
202211,331,4106
202211,333,18428
202211,337,17919
202211,338,1074
202211,340,10584
202211,341,24891
202211,344,23708
202211,345,7987
202211,346,7387
202211,347,22.49
202211,348,571
202211,350,12466
202211,351,14456
202211,352,56027
202211,354,5077
202211,356,5905
202211,357,24012
202211,362,4061
202211,363,2402
202211,364,2482
202211,367,52.48
202211,369,904
202211,376,458
202211,377,2579
202211,378,46831
202211,381,3305
202211,384,1303
202211,385,3406
202211,386,38726
202211,387,10.82
202211,388,213
202211,389,12605
202211,394,297
202211,395,11451
202211,396,3307
202211,397,2.14
202211,398,1775
202211,399,7919
202211,400,1087
202211,403,36954
202211,404,3917
202211,406,5465
202211,407,124
202211,409,10084
202211,410,719
202211,412,9088
202211,413,3957
202211,414,6595
202211,419,33519
202211,421,2864
202211,422,4897
202211,423,5474
202211,424,1801
202211,428,5146
202211,434,320
202211,435,2234
202211,437,49.38
202211,438,4.56
202211,440,6843
202211,442,640
202211,443,833
202211,444,12475
202211,446,663
202211,449,3422
202211,450,5634
202211,451,8794
202211,453,5893
202211,454,28.55
202211,457,5.17
202211,458,507
202211,459,4058
202211,460,921
202211,461,35642
202211,463,2195
202211,464,398
202211,465,1.27
202211,466,970
202211,467,5073
202211,469,3175
202211,471,67
202211,474,875
202211,480,10
202211,484,3447
202211,485,16103
202211,487,17137
202211,491,2402
202211,497,15521
202211,501,13707
202211,505,4172
202211,509,221
202211,511,33067
202211,512,1305
202211,513,1227
202211,514,1078
202211,516,22338
202211,519,6313
202211,522,374
202211,524,42247
202211,525,2294
202211,526,3166
202211,529,6605
202211,532,41995
202211,533,587
202211,535,12435
202211,539,7506
202211,541,104493
202211,543,28005
202211,545,9
202211,548,4599
202211,550,1219
202211,551,28505
202211,553,29261
202212,2,3631
202212,4,24394
202212,6,25.57
202212,9,4255
202212,12,1027
202212,13,1694
202212,14,13931
202212,17,13636
202212,18,993
202212,20,9509
202212,22,1.86
202212,24,754
202212,25,2473
202212,26,138
202212,28,3039
202212,29,3228
202212,30,30155
202212,31,2627
202212,32,3574
202212,34,9621
202212,35,1702
202212,36,95295
202212,39,1782
202212,40,2.71
202212,43,4
202212,45,20.64
202212,46,85035
202212,48,10217
202212,49,5578
202212,52,32992
202212,53,2678
202212,54,20827
202212,65,22.32
202212,71,18337
202212,73,14804
202212,75,3645
202212,76,1977
202212,80,27349
202212,81,14883
202212,83,50361
202212,87,3008
202212,89,7657
202212,90,402
202212,91,34075
202212,94,132328
202212,96,10653
202212,102,1381
202212,105,1064
202212,107,1291
202212,108,467
202212,112,9082
202212,113,92825
202212,114,2332
202212,115,28.39
202212,116,215
202212,117,41893
202212,118,30.5
202212,120,115393
202212,121,1515
202212,122,1436
202212,126,55495
202212,128,1.43
202212,130,4772
202212,131,26.23
202212,133,31009
202212,134,29.6
202212,135,8217
202212,137,7003
202212,138,31198
202212,139,2785
202212,142,8796
202212,143,20246
202212,144,15806
202212,145,2248
202212,146,2647
202212,147,1176
202212,148,2444
202212,151,11418
202212,154,2248
202212,156,8396
202212,160,13544
202212,161,1181
202212,163,79.94
202212,164,12828
202212,165,35108
202212,166,460495
202212,167,27629
202212,169,40837
202212,170,3642
202212,171,7607
202212,174,1027
202212,175,9643
202212,176,16257
202212,177,32502
202212,178,16904
202212,179,80617
202212,180,4284
202212,182,26267
202212,186,285369
202212,187,17098
202212,188,114766
202212,190,16689
202212,191,5081
202212,192,82956
202212,193,14623
202212,194,43709
202212,195,25251
202212,196,4016
202212,199,12393
202212,200,9933
202212,203,31388
202212,204,127.67
202212,205,497
202212,206,7936
202212,207,73648
202212,208,134166
202212,209,38401
202212,210,121961
202212,211,24021
202212,213,134001
202212,216,226098
202212,217,3814
202212,218,51993
202212,219,17284
202212,220,72431
202212,222,213493
202212,223,20284
202212,225,1.56
202212,228,802
202212,229,39.47
202212,230,54389
202212,231,18.02
202212,232,29887
202212,233,7673
202212,234,15875
202212,235,230764
202212,236,802
202212,238,2.33
202212,239,133977
202212,241,858
202212,247,3297
202212,251,6.78
202212,258,12703
202212,259,8171
202212,260,4783
202212,261,3155
202212,262,9285
202212,264,29964
202212,265,2503
202212,266,22421
202212,267,28079
202212,268,1019
202212,269,1164
202212,270,31414
202212,272,8407
202212,273,38919
202212,275,10.5
202212,277,2855
202212,280,22603
202212,281,12639
202212,286,10545
202212,287,84414
202212,288,24248
202212,289,18075
202212,291,63093
202212,292,12324
202212,295,3772
202212,297,2284
202212,304,196516
202212,305,25665
202212,307,642
202212,308,114258
202212,311,40473
202212,315,10312
202212,316,4707
202212,317,45439
202212,318,2732
202212,321,33143
202212,326,8328
202212,327,3437
202212,330,1317
202212,331,4695
202212,333,22028
202212,335,158
202212,337,17629
202212,338,1491
202212,340,9111
202212,341,26505
202212,344,25149
202212,345,7772
202212,346,7871
202212,347,30784
202212,348,732
202212,350,11217
202212,351,19746
202212,352,54321
202212,354,5.04
202212,356,5344
202212,357,25701
202212,362,4812
202212,363,2304
202212,364,2389
202212,367,56435
202212,369,714
202212,376,1229
202212,377,2
202212,378,65949
202212,381,2763
202212,384,1184
202212,385,3583
202212,386,50188
202212,387,10952
202212,389,14437
202212,394,166
202212,395,12369
202212,396,3497
202212,397,2371
202212,398,1536
202212,399,8271
202212,400,1.11
202212,403,38693
202212,404,4985
202212,406,7137
202212,409,11.88
202212,410,878
202212,412,8629
202212,413,10812
202212,414,12234
202212,419,41.14
202212,421,5661
202212,422,8959
202212,423,5.32
202212,424,2412
202212,428,8426
202212,434,335
202212,435,2402
202212,437,54327
202212,438,5003
202212,439,26
202212,440,7558
202212,442,449
202212,443,556
202212,444,13779
202212,446,807
202212,449,3871
202212,450,7866
202212,451,10.83
202212,453,6808
202212,454,33322
202212,457,4334
202212,458,641
202212,459,7763
202212,460,2686
202212,461,39536
202212,462,6161
202212,463,2523
202212,464,581
202212,465,1389
202212,466,1414
202212,467,8613
202212,469,3019
202212,471,61
202212,474,919
202212,480,41
202212,484,4.18
202212,485,17356
202212,487,18.66
202212,491,2797
202212,497,18667
202212,501,18342
202212,505,5818
202212,509,219
202212,511,31684
202212,512,1507
202212,513,1755
202212,514,1129
202212,516,28112
202212,519,6911
202212,522,512
202212,524,49017
202212,525,3865
202212,526,7506
202212,529,3859
202212,532,43225
202212,533,595
202212,535,12352
202212,539,7059
202212,541,108912
202212,543,28696
202212,545,1
202212,548,6797
202212,550,1.45
202212,551,29567
202212,552,389
202212,553,28728
202301,2,3314
202301,4,23451
202301,6,21923
202301,9,2604
202301,12,1044
202301,14,18868
202301,17,11849
202301,18,551
202301,20,5627
202301,22,1195
202301,24,773
202301,25,1869
202301,26,207
202301,28,2039
202301,29,2446
202301,30,24495
202301,31,2043
202301,32,2680
202301,34,9685
202301,35,1515
202301,36,86412
202301,39,2818
202301,40,2737
202301,45,19267
202301,46,81584
202301,48,7969
202301,49,5107
202301,52,29520
202301,53,2282
202301,54,19164
202301,65,20566
202301,71,16776
202301,73,14866
202301,75,2906
202301,76,1762
202301,80,23713
202301,81,13005
202301,83,44461
202301,87,2611
202301,89,6861
202301,90,338
202301,91,36418
202301,94,121585
202301,96,9307
202301,102,1300
202301,105,735
202301,107,1414
202301,108,607
202301,110,217
202301,112,6832
202301,113,93402
202301,114,1130
202301,115,27356
202301,116,191
202301,117,42049
202301,118,33274
202301,120,109613
202301,121,1377
202301,122,2637
202301,126,54231
202301,128,1221
202301,130,3298
202301,131,27196
202301,133,32125
202301,134,27774
202301,135,10910
202301,137,5763
202301,138,29082
202301,139,2765
202301,142,7069
202301,143,19056
202301,144,15035
202301,145,6581
202301,146,4300
202301,147,960
202301,148,1594
202301,151,10488
202301,154,1722
202301,156,10152
202301,160,5320
202301,161,611
202301,163,75337
202301,164,9753
202301,165,44599
202301,166,392247
202301,167,31250
202301,169,40582
202301,170,3402
202301,171,7598
202301,175,26871
202301,176,13155
202301,177,31801
202301,178,23863
202301,179,81723
202301,180,3659
202301,182,24108
202301,186,304372
202301,187,15012
202301,188,107533
202301,190,13213
202301,191,5272
202301,192,64708
202301,193,14650
202301,194,38876
202301,195,30947
202301,196,3407
202301,199,10969
202301,200,15244
202301,203,27363
202301,204,113444
202301,205,872
202301,206,12483
202301,207,76571
202301,208,121759
202301,209,34917
202301,210,119913
202301,211,20329
202301,213,151085
202301,216,227699
202301,217,3888
202301,218,48124
202301,219,16126
202301,220,68400
202301,222,219599
202301,223,20181
202301,225,1872
202301,229,37015
202301,230,50471
202301,231,16653
202301,232,28627
202301,233,6249
202301,234,12860
202301,235,196410
202301,238,4155
202301,239,112896
202301,241,3461
202301,247,5503
202301,251,4735
202301,258,9246
202301,259,7337
202301,260,3582
202301,261,1933
202301,262,8899
202301,264,24991
202301,265,2370
202301,266,22948
202301,267,25910
202301,268,767
202301,269,614
202301,270,40983
202301,272,7479
202301,273,24733
202301,275,9546
202301,277,11472
202301,280,23525
202301,281,13714
202301,286,9255
202301,287,102429
202301,288,20227
202301,289,16974
202301,291,75420
202301,292,24580
202301,295,3304
202301,297,1030
202301,304,166942
202301,305,22409
202301,307,559
202301,308,104065
202301,311,58859
202301,315,9210
202301,316,22428
202301,317,41204
202301,318,1721
202301,321,29925
202301,326,7414
202301,327,3322
202301,330,1356
202301,331,4417
202301,332,1094
202301,333,20184
202301,337,14759
202301,338,5242
202301,340,8775
202301,341,26690
202301,344,23206
202301,345,8158
202301,346,13470
202301,347,32745
202301,350,7104
202301,351,17536
202301,352,51899
202301,354,3549
202301,356,5240
202301,357,22540
202301,362,4790
202301,363,1852
202301,364,2053
202301,367,52932
202301,369,1027
202301,376,449
202301,377,1849
202301,378,67222
202301,380,669
202301,381,2964
202301,384,1276
202301,385,2460
202301,386,52068
202301,387,11556
202301,389,15333
202301,395,12192
202301,396,2496
202301,397,1436
202301,398,1261
202301,399,6304
202301,400,156
202301,401,31
202301,402,88
202301,403,34993
202301,404,2894
202301,406,4916
202301,409,10990
202301,410,964
202301,412,8627
202301,413,13049
202301,414,16628
202301,419,38208
202301,421,6209
202301,422,11495
202301,423,4990
202301,424,2251
202301,426,1355
202301,428,6749
202301,429,52
202301,434,197
202301,435,2319
202301,437,52787
202301,438,4531
202301,440,6525
202301,442,422
202301,443,314
202301,444,12680
202301,446,683
202301,449,3584
202301,450,8529
202301,451,9561
202301,453,6794
202301,454,32522
202301,457,2714
202301,458,1488
202301,459,7535
202301,460,2828
202301,461,32288
202301,462,6436
202301,463,2460
202301,464,411
202301,465,955
202301,466,1606
202301,467,10185
202301,469,2486
202301,471,26
202301,474,800
202301,480,22
202301,484,3417
202301,485,16713
202301,487,14967
202301,491,3001
202301,497,17244
202301,501,17237
202301,505,5204
202301,509,227
202301,511,28515
202301,512,1138
202301,513,1300
202301,514,1167
202301,516,30529
202301,519,9158
202301,522,565
202301,524,48203
202301,525,5942
202301,526,8200
202301,529,3354
202301,532,42130
202301,533,737
202301,535,11551
202301,539,5243
202301,541,109674
202301,543,27656
202301,545,11
202301,548,7015
202301,550,1559
202301,551,27128
202301,553,25738
202302,2,2622
202302,4,24127
202302,6,16335
202302,9,516
202302,12,1249
202302,14,11796
202302,17,10520
202302,18,556
202302,20,5199
202302,22,1315
202302,24,637
202302,25,1590
202302,26,242
202302,28,1759
202302,29,1889
202302,30,22256
202302,31,1878
202302,32,2320
202302,34,10324
202302,35,1447
202302,36,83837
202302,39,2869
202302,40,2289
202302,45,16272
202302,46,74651
202302,48,6564
202302,49,4334
202302,52,32627
202302,53,2345
202302,54,16911
202302,65,19636
202302,71,14071
202302,73,12191
202302,75,2773
202302,76,1823
202302,80,24781
202302,81,10293
202302,83,43375
202302,87,2761
202302,89,6742
202302,90,389
202302,91,30495
202302,94,120922
202302,96,7032
202302,102,1152
202302,105,1042
202302,107,914
202302,108,1019
202302,110,2898
202302,112,6257
202302,113,87267
202302,114,1433
202302,115,28101
202302,116,86
202302,117,39472
202302,118,29869
202302,120,98824
202302,121,627
202302,122,2019
202302,126,47885
202302,128,1096
202302,130,3144
202302,131,24488
202302,133,26366
202302,134,25111
202302,135,6366
202302,137,4051
202302,138,30597
202302,139,2302
202302,142,6316
202302,143,18266
202302,144,21965
202302,145,5902
202302,146,4772
202302,147,687
202302,148,1673
202302,151,9816
202302,154,2149
202302,156,9927
202302,158,2529
202302,160,8784
202302,161,1510
202302,163,70910
202302,164,7909
202302,165,41786
202302,166,316750
202302,167,28491
202302,169,39477
202302,170,4863
202302,171,9049
202302,175,28688
202302,176,14821
202302,177,29465
202302,178,22586
202302,179,86704
202302,180,2910
202302,182,23503
202302,186,226362
202302,187,12195
202302,188,120326
202302,190,9991
202302,191,4617
202302,192,65924
202302,193,14648
202302,194,32260
202302,195,28630
202302,196,3071
202302,199,11208
202302,200,15908
202302,203,25841
202302,204,103959
202302,205,1015
202302,206,18001
202302,207,60212
202302,208,95727
202302,209,29622
202302,210,116839
202302,211,20848
202302,213,123484
202302,216,212154
202302,217,2452
202302,218,42649
202302,219,15486
202302,220,69587
202302,222,221366
202302,223,15447
202302,225,1446
202302,229,29884
202302,230,49531
202302,231,15332
202302,232,27510
202302,233,6743
202302,234,12449
202302,235,195998
202302,238,9570
202302,239,113016
202302,241,3876
202302,247,4237
202302,251,4843
202302,258,8006
202302,259,4656
202302,260,3197
202302,261,2528
202302,262,6860
202302,264,20992
202302,265,1392
202302,266,19871
202302,267,18854
202302,268,857
202302,269,609
202302,270,36297
202302,272,6756
202302,273,38069
202302,275,10203
202302,277,11224
202302,280,21710
202302,281,11393
202302,286,8300
202302,287,102006
202302,288,19776
202302,289,15946
202302,291,62056
202302,292,23732
202302,295,2908
202302,304,152855
202302,305,19138
202302,307,347
202302,308,86418
202302,311,51931
202302,315,8055
202302,316,17999
202302,317,34681
202302,318,1626
202302,321,28105
202302,326,5759
202302,327,2792
202302,330,1334
202302,331,4015
202302,332,3335
202302,333,17153
202302,337,16140
202302,338,5316
202302,340,8024
202302,341,23545
202302,344,24341
202302,345,7483
202302,346,26752
202302,347,33536
202302,350,12066
202302,351,20668
202302,352,66144
202302,354,1647
202302,356,6194
202302,357,24649
202302,362,4701
202302,363,1967
202302,364,1560
202302,367,54358
202302,369,719
202302,376,325
202302,377,1838
202302,378,56205
202302,380,458
202302,381,3208
202302,384,1278
202302,385,2333
202302,386,43959
202302,387,12061
202302,389,12518
202302,395,11067
202302,396,1562
202302,397,1460
202302,398,1118
202302,399,5674
202302,401,61
202302,402,212
202302,403,29796
202302,404,2432
202302,406,3728
202302,409,9582
202302,410,620
202302,412,8026
202302,413,12224
202302,414,13754
202302,419,36554
202302,421,5805
202302,422,12808
202302,423,5043
202302,424,2412
202302,426,718
202302,428,1914
202302,434,187
202302,435,2100
202302,437,48943
202302,438,4619
202302,440,6235
202302,442,330
202302,443,352
202302,444,12368
202302,446,762
202302,449,3299
202302,450,5904
202302,451,9110
202302,453,5468
202302,454,28121
202302,457,2909
202302,458,816
202302,459,6699
202302,460,1353
202302,461,27527
202302,463,2370
202302,464,451
202302,465,651
202302,466,1469
202302,467,11358
202302,469,2185
202302,471,20
202302,474,1013
202302,480,37
202302,484,3872
202302,485,14699
202302,487,13846
202302,491,2529
202302,497,15237
202302,501,12804
202302,505,3522
202302,509,251
202302,511,25815
202302,512,1092
202302,513,1081
202302,514,1200
202302,516,25857
202302,519,5372
202302,522,408
202302,524,43514
202302,525,4665
202302,526,9139
202302,529,2618
202302,532,34973
202302,533,664
202302,535,10081
202302,539,814
202302,541,95953
202302,543,23027
202302,545,16
202302,548,4548
202302,550,502
202302,551,26601
202302,553,23084
202303,2,3237
202303,4,27063
202303,6,16184
202303,12,1698
202303,14,13419
202303,15,700
202303,17,12157
202303,18,1079
202303,20,7484
202303,22,1422
202303,24,813
202303,25,1444
202303,26,321
202303,28,2387
202303,29,2103
202303,30,24719
202303,31,2541
202303,32,2629
202303,34,12115
202303,35,1481
202303,36,93215
202303,39,3102
202303,40,2663
202303,45,18785
202303,46,75518
202303,48,7591
202303,49,5091
202303,50,2009
202303,52,36619
202303,53,2074
202303,54,15296
202303,64,2565
202303,65,20886
202303,71,16891
202303,73,13823
202303,75,3098
202303,76,1747
202303,80,30574
202303,81,11380
202303,83,44185
202303,87,3309
202303,89,7181
202303,90,692
202303,91,32785
202303,94,124007
202303,96,8158
202303,101,935
202303,102,1093
202303,105,925
202303,107,1148
202303,108,1253
202303,110,2815
202303,112,6878
202303,113,90333
202303,114,1319
202303,115,29539
202303,117,39287
202303,118,27809
202303,120,107878
202303,121,814
202303,122,1952
202303,126,54783
202303,128,1485
202303,130,3457
202303,131,26571
202303,133,26787
202303,134,26814
202303,135,6881
202303,137,4607
202303,138,33395
202303,139,2590
202303,142,7063
202303,143,21348
202303,144,26202
202303,145,6510
202303,146,4500
202303,147,857
202303,148,1344
202303,151,9386
202303,154,1655
202303,156,11782
202303,158,4575
202303,160,11759
202303,161,1313
202303,163,76687
202303,164,9473
202303,165,51192
202303,166,351716
202303,167,24911
202303,169,42742
202303,170,4977
202303,171,9839
202303,175,35169
202303,176,20388
202303,177,31935
202303,178,22129
202303,179,90745
202303,180,2781
202303,182,25194
202303,186,253979
202303,187,9874
202303,188,130871
202303,190,12756
202303,191,4772
202303,192,75282
202303,193,14303
202303,194,37353
202303,195,23257
202303,196,3105
202303,199,11548
202303,200,17879
202303,203,30371
202303,204,101522
202303,205,1095
202303,206,22621
202303,207,72639
202303,208,100852
202303,209,32835
202303,210,119703
202303,211,22047
202303,213,137603
202303,214,2333
202303,216,241100
202303,217,2795
202303,218,45703
202303,219,17751
202303,220,77484
202303,222,240721
202303,223,16291
202303,225,3403
202303,227,263
202303,229,35095
202303,230,53699
202303,231,16288
202303,232,30739
202303,233,7975
202303,234,14084
202303,235,232070
202303,238,13621
202303,239,114407
202303,241,4106
202303,247,949
202303,251,5977
202303,258,8886
202303,259,4451
202303,260,3645
202303,261,2649
202303,262,7643
202303,264,24374
202303,265,1513
202303,266,20559
202303,267,17556
202303,268,894
202303,269,1062
202303,270,41788
202303,272,6209
202303,273,46059
202303,275,11439
202303,277,12275
202303,280,22518
202303,281,12833
202303,286,10962
202303,287,104316
202303,288,29582
202303,289,20032
202303,291,60794
202303,292,25208
202303,295,3208
202303,296,589
202303,297,109
202303,304,186747
202303,305,21833
202303,307,233
202303,308,93220
202303,311,52859
202303,315,9976
202303,316,23203
202303,317,36260
202303,318,2082
202303,320,7471
202303,321,27785
202303,326,7029
202303,327,2695
202303,330,1562
202303,331,4363
202303,332,4043
202303,333,19517
202303,337,16542
202303,338,7085
202303,340,7864
202303,341,25707
202303,344,22054
202303,345,11251
202303,346,27614
202303,347,34353
202303,350,11429
202303,351,18781
202303,352,67794
202303,354,1573
202303,356,5152
202303,357,23463
202303,362,4998
202303,363,1550
202303,364,2120
202303,367,60562
202303,369,569
202303,376,339
202303,377,2382
202303,378,56929
202303,381,3238
202303,384,1332
202303,385,2571
202303,386,44601
202303,387,11189
202303,389,14734
202303,395,8737
202303,396,3631
202303,397,1833
202303,398,1305
202303,399,6628
202303,400,163
202303,401,227
202303,402,281
202303,403,37592
202303,404,3742
202303,406,5054
202303,407,422
202303,409,10994
202303,410,703
202303,412,9301
202303,413,11824
202303,414,13846
202303,419,41413
202303,421,5768
202303,422,11045
202303,423,5644
202303,424,3242
202303,426,828
202303,429,41
202303,434,205
202303,435,2641
202303,437,52626
202303,438,5076
202303,440,7106
202303,442,235
202303,443,352
202303,444,13135
202303,446,745
202303,447,1403
202303,449,4404
202303,450,6087
202303,451,10575
202303,453,7371
202303,454,28043
202303,457,2909
202303,458,1152
202303,459,7575
202303,460,935
202303,461,29068
202303,463,2188
202303,464,484
202303,465,1318
202303,466,1755
202303,467,13012
202303,469,2912
202303,471,18
202303,474,830
202303,480,12
202303,484,4169
202303,485,15637
202303,487,16182
202303,491,2807
202303,497,13832
202303,501,15318
202303,505,4463
202303,509,197
202303,511,30370
202303,512,1410
202303,513,1163
202303,514,1208
202303,516,28478
202303,519,5208
202303,522,802
202303,524,46909
202303,525,4935
202303,526,10560
202303,529,2457
202303,532,36920
202303,533,697
202303,535,11741
202303,539,1936
202303,541,106489
202303,543,27825
202303,545,7
202303,548,5592
202303,550,999
202303,551,31167
202303,553,23990
202304,2,5118
202304,4,20781
202304,6,29864
202304,9,7008
202304,12,1156
202304,14,24519
202304,15,6192
202304,17,14831
202304,18,659
202304,20,4927
202304,22,1157
202304,24,691
202304,25,2050
202304,26,317
202304,28,2070
202304,29,2029
202304,30,24357
202304,31,4114
202304,32,2993
202304,34,9626
202304,35,2037
202304,36,84941
202304,39,2860
202304,40,2755
202304,45,20917
202304,46,78684
202304,48,15021
202304,49,10879
202304,50,6964
202304,52,36426
202304,53,1199
202304,54,15691
202304,64,7538
202304,65,19760
202304,71,14526
202304,73,10966
202304,75,3368
202304,76,2080
202304,80,22541
202304,81,12687
202304,83,44056
202304,87,3432
202304,89,6385
202304,90,879
202304,91,33551
202304,94,114841
202304,96,10412
202304,101,1749
202304,102,961
202304,104,6377
202304,105,776
202304,107,1430
202304,108,1283
202304,110,2842
202304,112,11858
202304,113,92843
202304,114,979
202304,115,25793
202304,117,40423
202304,118,34725
202304,120,120342
202304,121,1179
202304,122,2057
202304,126,54465
202304,128,1168
202304,130,3590
202304,131,30582
202304,133,32619
202304,134,32313
202304,135,8895
202304,137,7365
202304,138,29059
202304,139,2207
202304,142,7846
202304,143,19665
202304,144,23247
202304,145,7507
202304,146,2239
202304,147,977
202304,148,2010
202304,151,9202
202304,156,11153
202304,157,548
202304,158,3178
202304,160,4836
202304,163,79665
202304,164,9464
202304,165,41716
202304,166,373206
202304,167,31890
202304,169,32123
202304,170,6228
202304,171,8914
202304,175,41036
202304,176,20905
202304,177,29859
202304,178,23040
202304,179,71092
202304,180,7861
202304,182,22837
202304,186,304452
202304,187,10874
202304,188,117199
202304,190,13555
202304,191,6360
202304,192,68307
202304,193,11069
202304,194,34841
202304,195,12479
202304,196,6550
202304,199,11910
202304,200,15038
202304,203,25012
202304,204,137059
202304,205,2739
202304,206,20981
202304,207,84656
202304,208,115981
202304,209,31228
202304,210,133719
202304,211,19977
202304,212,1368
202304,213,135125
202304,214,3045
202304,215,1633
202304,216,226693
202304,217,2888
202304,218,60274
202304,219,14995
202304,220,87690
202304,222,233611
202304,223,17025
202304,225,4816
202304,226,192
202304,227,1424
202304,229,41050
202304,230,58885
202304,231,17616
202304,232,31355
202304,233,7832
202304,234,12388
202304,235,197514
202304,238,9066
202304,239,118284
202304,241,4078
202304,247,3251
202304,251,5411
202304,258,9938
202304,259,6051
202304,260,3818
202304,261,2372
202304,262,8220
202304,264,22347
202304,265,1259
202304,266,20321
202304,267,18122
202304,268,869
202304,269,846
202304,270,40298
202304,272,6646
202304,273,45884
202304,275,10195
202304,277,18421
202304,280,22999
202304,281,12125
202304,286,11747
202304,287,109881
202304,288,34816
202304,289,19055
202304,291,69018
202304,292,21721
202304,295,2911
202304,296,7446
202304,303,2255
202304,304,196857
202304,305,21772
202304,307,320
202304,308,106478
202304,311,52507
202304,315,9563
202304,316,29525
202304,317,34449
202304,318,2013
202304,320,9932
202304,321,27308
202304,326,7162
202304,327,3045
202304,330,1219
202304,331,4042
202304,332,3593
202304,333,16000
202304,337,17702
202304,338,8704
202304,340,6217
202304,341,19583
202304,344,19846
202304,345,20996
202304,346,25468
202304,347,29519
202304,350,13394
202304,351,17369
202304,352,55707
202304,354,1762
202304,356,6323
202304,357,22121
202304,362,4775
202304,363,1135
202304,364,2289
202304,367,60870
202304,368,512
202304,369,576
202304,376,852
202304,377,1586
202304,378,63440
202304,381,2510
202304,384,1041
202304,385,3227
202304,386,51188
202304,387,9266
202304,389,15378
202304,395,8968
202304,396,3590
202304,397,1964
202304,398,1292
202304,399,7153
202304,400,25
202304,401,132
202304,402,176
202304,403,38928
202304,404,3409
202304,406,4206
202304,407,310
202304,409,9940
202304,410,1226
202304,412,9185
202304,413,15073
202304,414,17617
202304,419,42664
202304,421,7354
202304,422,12777
202304,423,5285
202304,424,2887
202304,426,1175
202304,428,7311
202304,434,222
202304,435,2822
202304,437,50433
202304,438,5385
202304,440,7824
202304,442,306
202304,443,297
202304,444,12291
202304,446,680
202304,447,1273
202304,449,5126
202304,450,6938
202304,451,11426
202304,453,7002
202304,454,27590
202304,457,2450
202304,458,1111
202304,459,7321
202304,460,1279
202304,461,22255
202304,462,6144
202304,463,1319
202304,464,473
202304,465,1534
202304,466,1638
202304,467,11568
202304,469,3627
202304,474,703
202304,480,10
202304,484,4106
202304,485,17265
202304,487,16056
202304,491,2385
202304,497,18957
202304,501,17500
202304,505,9650
202304,509,270
202304,511,30356
202304,512,1089
202304,513,1754
202304,514,591
202304,516,27263
202304,519,11206
202304,522,920
202304,524,52329
202304,525,4603
202304,526,13843
202304,529,2100
202304,532,29322
202304,533,596
202304,535,12824
202304,539,9079
202304,541,119644
202304,543,22588
202304,545,4
202304,548,8763
202304,550,580
202304,551,27621
202304,553,28423
202305,2,4975
202305,4,26513
202305,6,29301
202305,9,4496
202305,12,1541
202305,14,13723
202305,15,6642
202305,17,19684
202305,18,967
202305,20,6670
202305,22,1900
202305,24,784
202305,25,1563
202305,26,292
202305,28,2455
202305,29,2213
202305,30,26399
202305,31,4104
202305,32,3361
202305,34,10427
202305,35,2109
202305,36,109665
202305,38,12
202305,39,3413
202305,40,3127
202305,45,23244
202305,46,97116
202305,48,13652
202305,49,12855
202305,50,7514
202305,52,34167
202305,53,2335
202305,54,12263
202305,64,9596
202305,65,22782
202305,71,14595
202305,73,13730
202305,75,3402
202305,76,2499
202305,80,30186
202305,81,16104
202305,83,51689
202305,87,3697
202305,89,6943
202305,90,1050
202305,91,32631
202305,94,149171
202305,96,15732
202305,97,357
202305,101,2126
202305,102,1834
202305,104,6794
202305,105,686
202305,107,1351
202305,108,2140
202305,110,3583
202305,112,10335
202305,113,125400
202305,114,2489
202305,115,29723
202305,117,44260
202305,118,38582
202305,120,128423
202305,121,1098
202305,122,1849
202305,126,55730
202305,128,1342
202305,130,4521
202305,131,33560
202305,133,31130
202305,134,30947
202305,135,9160
202305,137,8564
202305,138,32876
202305,139,2831
202305,142,9073
202305,143,26036
202305,144,25165
202305,145,8960
202305,146,4407
202305,147,1141
202305,148,2236
202305,151,12286
202305,156,14825
202305,157,4730
202305,158,3095
202305,160,9004
202305,163,89247
202305,164,14573
202305,165,54168
202305,166,392707
202305,167,27929
202305,169,43825
202305,170,6053
202305,171,11060
202305,175,44067
202305,176,22127
202305,177,37192
202305,178,23682
202305,179,55558
202305,180,7422
202305,182,28244
202305,186,323983
202305,187,15717
202305,188,145792
202305,190,16629
202305,191,7987
202305,192,84118
202305,193,13306
202305,194,45225
202305,195,28028
202305,196,8489
202305,199,11993
202305,200,16830
202305,203,28893
202305,204,152807
202305,205,4293
202305,206,23145
202305,207,81847
202305,208,126083
202305,209,40424
202305,210,140855
202305,211,26458
202305,212,4300
202305,213,148426
202305,214,7965
202305,215,6206
202305,216,252659
202305,217,2636
202305,218,68770
202305,219,15911
202305,220,101196
202305,222,288809
202305,223,16423
202305,225,6187
202305,226,1174
202305,227,2165
202305,229,42553
202305,230,78772
202305,231,17377
202305,232,30803
202305,233,8206
202305,234,15385
202305,235,235305
202305,238,10623
202305,239,148363
202305,241,4188
202305,247,5012
202305,251,4973
202305,258,12073
202305,259,5400
202305,260,4324
202305,261,2576
202305,262,9465
202305,264,22286
202305,265,1476
202305,266,26042
202305,267,22540
202305,268,1086
202305,269,1094
202305,270,43579
202305,272,7040
202305,273,46191
202305,275,10492
202305,277,25442
202305,280,22868
202305,281,12726
202305,286,12362
202305,287,123119
202305,288,40443
202305,289,21497
202305,291,73167
202305,292,20190
202305,295,2665
202305,296,4795
202305,303,4354
202305,304,218700
202305,305,25793
202305,307,458
202305,308,113002
202305,311,53810
202305,315,11625
202305,316,31841
202305,317,43230
202305,318,2932
202305,320,10887
202305,321,35700
202305,326,9364
202305,327,3544
202305,329,55
202305,330,1631
202305,331,4423
202305,332,3769
202305,333,20695
202305,337,21228
202305,338,10170
202305,340,9158
202305,341,31494
202305,344,24730
202305,345,15237
202305,346,30086
202305,347,38404
202305,350,15405
202305,351,23337
202305,352,80196
202305,354,3044
202305,356,7382
202305,357,31896
202305,362,5105
202305,363,2041
202305,364,812
202305,367,66274
202305,368,965
202305,369,562
202305,371,887
202305,376,1243
202305,377,1959
202305,378,59378
202305,380,1380
202305,381,3025
202305,384,1519
202305,385,4338
202305,386,42811
202305,387,10354
202305,389,18842
202305,394,152
202305,395,9129
202305,396,1499
202305,397,3170
202305,398,1302
202305,399,7213
202305,400,1004
202305,401,207
202305,402,309
202305,403,43558
202305,404,4770
202305,406,4139
202305,407,5
202305,409,10939
202305,410,837
202305,412,9523
202305,413,18838
202305,414,16932
202305,419,48263
202305,421,8467
202305,422,16971
202305,423,5547
202305,424,2981
202305,426,1116
202305,428,10120
202305,434,173
202305,435,5156
202305,437,56619
202305,438,6283
202305,440,8637
202305,442,361
202305,443,389
202305,444,14403
202305,446,870
202305,447,1671
202305,449,5406
202305,450,6933
202305,451,11716
202305,453,7415
202305,454,35509
202305,457,3827
202305,458,947
202305,459,8779
202305,460,2343
202305,461,26554
202305,462,9571
202305,463,1658
202305,464,601
202305,465,2053
202305,466,2169
202305,467,13751
202305,469,4757
202305,471,62
202305,474,1180
202305,480,16
202305,484,4089
202305,485,19799
202305,487,19370
202305,491,4730
202305,497,19037
202305,501,20208
202305,505,9086
202305,509,134
202305,511,34418
202305,512,1361
202305,513,1333
202305,514,1138
202305,516,32322
202305,519,10351
202305,522,871
202305,524,61602
202305,525,6120
202305,526,17827
202305,529,2719
202305,532,34954
202305,533,602
202305,535,13313
202305,539,9011
202305,541,139797
202305,543,26309
202305,545,5
202305,548,8643
202305,550,1454
202305,551,36993
202305,553,35357
202306,2,4975
202306,4,23306
202306,6,24600
202306,9,5166
202306,12,1541
202306,14,16078
202306,15,8405
202306,17,20858
202306,18,967
202306,20,6670
202306,22,1900
202306,24,781
202306,25,1563
202306,26,351
202306,28,2455
202306,29,2213
202306,30,23688
202306,31,4397
202306,32,3361
202306,34,9922
202306,35,2095
202306,36,90520
202306,39,3413
202306,40,3127
202306,45,18829
202306,46,79754
202306,48,10295
202306,49,12979
202306,50,7121
202306,52,50321
202306,53,2335
202306,54,16102
202306,64,8800
202306,65,22367
202306,71,14459
202306,73,12338
202306,75,3402
202306,76,2499
202306,80,30248
202306,81,16390
202306,83,48058
202306,87,3697
202306,89,6943
202306,90,1050
202306,91,34584
202306,94,142276
202306,96,22210
202306,97,357
202306,101,2365
202306,102,1834
202306,104,6971
202306,105,675
202306,107,1351
202306,108,2140
202306,110,3448
202306,112,9655
202306,113,98131
202306,114,2489
202306,115,29460
202306,117,36221
202306,118,35705
202306,120,117687
202306,121,1098
202306,122,2601
202306,126,54346
202306,128,1342
202306,130,4333
202306,131,30786
202306,133,28210
202306,134,28465
202306,135,12401
202306,137,7586
202306,138,30707
202306,139,3149
202306,142,8758
202306,143,24877
202306,144,27002
202306,145,9745
202306,146,3846
202306,147,1141
202306,148,1546
202306,151,13266
202306,156,14630
202306,157,4816
202306,158,2931
202306,160,5463
202306,163,80301
202306,164,12566
202306,165,51842
202306,166,453127
202306,167,34116
202306,169,40752
202306,170,5848
202306,171,9623
202306,175,45203
202306,176,22979
202306,177,34687
202306,178,22931
202306,179,29344
202306,180,8320
202306,181,2043
202306,182,24452
202306,186,302369
202306,187,17622
202306,188,167327
202306,190,20079
202306,191,6365
202306,192,74097
202306,193,12841
202306,194,46350
202306,195,986
202306,196,10463
202306,199,12051
202306,200,16390
202306,203,27826
202306,204,151583
202306,205,3784
202306,206,23096
202306,207,78820
202306,208,118494
202306,209,37252
202306,210,132258
202306,211,23274
202306,212,2598
202306,213,137578
202306,214,13025
202306,215,7570
202306,216,255235
202306,217,3358
202306,218,55842
202306,219,14653
202306,220,85291
202306,222,277728
202306,223,19385
202306,225,5253
202306,226,1218
202306,227,2472
202306,229,42697
202306,230,77070
202306,231,17472
202306,232,32378
202306,233,8072
202306,234,13488
202306,235,221316
202306,238,9510
202306,239,134532
202306,241,4343
202306,247,4972
202306,251,5517
202306,258,11195
202306,259,6043
202306,260,4324
202306,261,2078
202306,262,9846
202306,264,22719
202306,265,1854
202306,266,23804
202306,267,23438
202306,268,1211
202306,269,1094
202306,270,46070
202306,272,8299
202306,273,55970
202306,275,10070
202306,277,26631
202306,280,24230
202306,281,13008
202306,286,12495
202306,287,136349
202306,288,43360
202306,289,22205
202306,291,84102
202306,292,20204
202306,295,3717
202306,296,6272
202306,303,5631
202306,304,222371
202306,305,28743
202306,307,458
202306,308,117667
202306,311,59127
202306,315,10890
202306,316,32846
202306,317,45062
202306,318,2932
202306,320,9284
202306,321,38919
202306,326,10157
202306,327,3544
202306,329,28
202306,330,1631
202306,331,4375
202306,332,2822
202306,333,21117
202306,337,19030
202306,338,9704
202306,340,9706
202306,341,30545
202306,344,24277
202306,345,15625
202306,346,28700
202306,347,36962
202306,350,13922
202306,351,19155
202306,352,71280
202306,354,294
202306,356,6353
202306,357,26567
202306,362,4713
202306,363,2041
202306,364,812
202306,367,60103
202306,368,1036
202306,369,787
202306,371,1489
202306,376,1243
202306,377,1959
202306,378,69148
202306,380,104
202306,381,3025
202306,384,1519
202306,385,4338
202306,386,48462
202306,387,10284
202306,389,20773
202306,394,152
202306,395,7301
202306,396,2127
202306,397,3170
202306,398,1302
202306,399,7568
202306,400,1004
202306,401,196
202306,402,323
202306,403,45362
202306,404,4730
202306,406,4487
202306,409,10939
202306,410,837
202306,412,9470
202306,413,20833
202306,414,19170
202306,419,44524
202306,421,9872
202306,422,18998
202306,423,5547
202306,424,2981
202306,426,1116
202306,428,10643
202306,434,186
202306,435,5716
202306,437,60645
202306,438,6283
202306,440,8809
202306,442,361
202306,443,389
202306,444,13173
202306,446,870
202306,447,1590
202306,449,5287
202306,450,7579
202306,451,10355
202306,453,7415
202306,454,35628
202306,457,3827
202306,458,864
202306,459,9328
202306,460,2343
202306,461,26480
202306,462,8220
202306,463,1759
202306,464,601
202306,465,2053
202306,466,2169
202306,467,13751
202306,469,4757
202306,471,52
202306,474,1180
202306,480,24
202306,484,4141
202306,485,17869
202306,487,17383
202306,491,5847
202306,497,17584
202306,501,17453
202306,505,9285
202306,509,134
202306,511,31172
202306,512,1361
202306,513,1281
202306,514,1138
202306,516,30159
202306,519,8210
202306,522,871
202306,524,63816
202306,525,6404
202306,526,21085
202306,529,2719
202306,532,36475
202306,533,683
202306,535,9633
202306,539,7935
202306,541,118207
202306,543,25207
202306,548,2646
202306,550,1454
202306,551,33835
202306,553,28810
202307,2,6883
202307,4,24950
202307,6,33066
202307,9,8871
202307,12,1573
202307,14,30221
202307,15,11990
202307,17,21954
202307,18,833
202307,20,6194
202307,22,1982
202307,24,978
202307,25,1966
202307,26,371
202307,28,2703
202307,29,2048
202307,30,24464
202307,31,5138
202307,32,3585
202307,33,4402
202307,34,11865
202307,35,2706
202307,36,101040
202307,39,3883
202307,40,2668
202307,45,25506
202307,46,93169
202307,48,16933
202307,49,13788
202307,50,7602
202307,52,52743
202307,53,2451
202307,54,15811
202307,58,4746
202307,64,9577
202307,65,23547
202307,71,14804
202307,73,13538
202307,75,4293
202307,76,3586
202307,80,33465
202307,81,18186
202307,83,49016
202307,87,4090
202307,89,8062
202307,90,1272
202307,91,36120
202307,94,152470
202307,96,19033
202307,97,968
202307,101,2826
202307,102,1643
202307,104,6552
202307,105,956
202307,107,1364
202307,108,2216
202307,110,4017
202307,112,11173
202307,113,94998
202307,114,2453
202307,115,37507
202307,117,48538
202307,118,37816
202307,120,127371
202307,121,1000
202307,122,2350
202307,126,56581
202307,128,1624
202307,130,4790
202307,131,32773
202307,133,32424
202307,134,28173
202307,135,11659
202307,137,8356
202307,138,34600
202307,139,3182
202307,142,9142
202307,143,29843
202307,144,27482
202307,145,11986
202307,146,3113
202307,147,2168
202307,148,2715
202307,151,13974
202307,154,206
202307,156,17004
202307,157,11553
202307,158,4983
202307,160,6281
202307,163,89122
202307,164,14953
202307,165,54814
202307,166,501516
202307,167,26898
202307,169,44083
202307,170,7827
202307,171,11238
202307,175,44935
202307,176,24764
202307,177,36773
202307,178,24791
202307,179,44085
202307,180,9444
202307,181,3890
202307,182,28692
202307,185,3607
202307,186,338512
202307,187,19182
202307,188,194054
202307,190,27566
202307,191,8009
202307,192,87876
202307,193,13684
202307,194,52410
202307,195,3120
202307,196,13162
202307,199,13935
202307,200,18422
202307,203,28424
202307,204,148612
202307,205,4926
202307,206,25814
202307,207,84135
202307,208,134687
202307,209,41220
202307,210,138123
202307,211,26727
202307,212,2723
202307,213,139860
202307,214,14823
202307,215,7365
202307,216,290907
202307,217,4090
202307,218,53739
202307,219,15648
202307,220,91264
202307,222,292567
202307,223,21804
202307,225,7534
202307,226,1538
202307,227,2618
202307,229,42135
202307,230,84533
202307,231,19050
202307,232,32960
202307,233,8554
202307,234,15075
202307,235,241785
202307,238,9412
202307,239,140947
202307,241,4467
202307,247,5345
202307,251,9315
202307,258,12078
202307,259,6315
202307,260,4261
202307,261,2370
202307,262,10590
202307,264,22988
202307,265,1718
202307,266,27984
202307,267,23082
202307,268,1241
202307,269,920
202307,270,61397
202307,272,7403
202307,273,60904
202307,275,11559
202307,277,29009
202307,280,26163
202307,281,13036
202307,286,13136
202307,287,143460
202307,288,46851
202307,289,28275
202307,291,92179
202307,292,25934
202307,295,4058
202307,296,8561
202307,301,321
202307,303,12289
202307,304,246027
202307,305,29769
202307,308,131057
202307,311,67402
202307,315,13154
202307,316,34627
202307,317,52705
202307,318,3039
202307,320,11953
202307,321,40957
202307,326,7886
202307,327,3991
202307,329,72
202307,330,1005
202307,331,4417
202307,332,3376
202307,333,18814
202307,337,20736
202307,338,11726
202307,340,10794
202307,341,22606
202307,344,26429
202307,345,18688
202307,346,24622
202307,347,41959
202307,350,16802
202307,351,24923
202307,352,72371
202307,356,7095
202307,357,28657
202307,362,6786
202307,363,1866
202307,367,67305
202307,368,1053
202307,369,879
202307,371,2317
202307,376,397
202307,377,1886
202307,378,67056
202307,380,1520
202307,381,3166
202307,383,471
202307,384,1421
202307,385,3207
202307,386,48189
202307,387,10606
202307,388,3687
202307,389,20829
202307,395,9519
202307,396,278
202307,397,2838
202307,398,1506
202307,399,8518
202307,400,1399
202307,401,231
202307,402,396
202307,403,47790
202307,404,5362
202307,406,3151
202307,409,11222
202307,410,1071
202307,412,10139
202307,413,22424
202307,414,19728
202307,419,53317
202307,421,9265
202307,422,21551
202307,423,6585
202307,424,3031
202307,426,1302
202307,428,11554
202307,434,209
202307,435,6201
202307,437,66857
202307,438,4980
202307,440,9933
202307,442,542
202307,443,553
202307,444,15053
202307,446,615
202307,447,1531
202307,449,6102
202307,450,7830
202307,451,11108
202307,453,7495
202307,454,37058
202307,457,3880
202307,458,794
202307,459,10433
202307,460,2843
202307,461,28158
202307,462,11071
202307,463,1203
202307,464,372
202307,465,2791
202307,466,2801
202307,467,13431
202307,469,4666
202307,471,82
202307,474,638
202307,480,38
202307,484,7021
202307,485,17024
202307,487,17587
202307,489,230
202307,491,6387
202307,496,292
202307,497,21021
202307,501,21579
202307,505,9535
202307,507,4522
202307,511,37476
202307,512,1129
202307,513,5882
202307,514,1229
202307,516,32324
202307,519,10156
202307,522,597
202307,524,68049
202307,525,7604
202307,526,22623
202307,529,3016
202307,532,40973
202307,533,647
202307,535,12322
202307,539,10416
202307,541,139821
202307,543,28273
202307,545,3
202307,548,193
202307,550,1613
202307,551,40738
202307,553,41686
202308,2,5988
202308,4,25426
202308,6,22555
202308,9,7969
202308,12,1394
202308,14,18262
202308,15,7537
202308,17,21669
202308,18,875
202308,20,6522
202308,22,2504
202308,24,1012
202308,25,1821
202308,26,266
202308,28,2992
202308,29,1917
202308,30,20014
202308,31,4906
202308,32,3568
202308,33,1663
202308,34,11047
202308,35,2606
202308,36,99272
202308,39,3607
202308,40,1653
202308,45,18177
202308,46,75073
202308,48,10685
202308,49,11839
202308,50,3619
202308,52,37739
202308,53,1282
202308,54,9590
202308,58,1637
202308,64,8103
202308,65,20068
202308,71,14165
202308,73,12006
202308,75,3725
202308,76,3264
202308,80,29876
202308,81,17534
202308,83,46164
202308,87,3921
202308,89,7785
202308,90,624
202308,91,34852
202308,92,7244
202308,94,140853
202308,96,18040
202308,97,959
202308,101,2718
202308,102,1223
202308,104,5596
202308,105,110
202308,107,1074
202308,108,1590
202308,110,3207
202308,112,10882
202308,113,66983
202308,114,1630
202308,115,30367
202308,116,119
202308,117,36616
202308,118,30004
202308,120,106062
202308,121,128
202308,122,1749
202308,126,49987
202308,128,1580
202308,130,4089
202308,131,26948
202308,133,24902
202308,134,24974
202308,135,9610
202308,137,5495
202308,138,31995
202308,139,2613
202308,142,7966
202308,143,28840
202308,144,20895
202308,145,9717
202308,146,3207
202308,147,1459
202308,148,1612
202308,151,12999
202308,156,16775
202308,157,11443
202308,158,6624
202308,160,10294
202308,163,77354
202308,164,13726
202308,165,58324
202308,166,442890
202308,167,22751
202308,169,42351
202308,170,8299
202308,171,11306
202308,175,41460
202308,176,23937
202308,177,35670
202308,178,25271
202308,179,112980
202308,180,7772
202308,181,4361
202308,182,28273
202308,185,3664
202308,186,279809
202308,187,15756
202308,188,162954
202308,190,32272
202308,191,8342
202308,192,82478
202308,193,14983
202308,194,51372
202308,195,19524
202308,196,8925
202308,199,13404
202308,200,16540
202308,203,25397
202308,204,118462
202308,205,5152
202308,206,24472
202308,207,67152
202308,208,116837
202308,209,37328
202308,210,121619
202308,211,25935
202308,212,1062
202308,213,134889
202308,214,14189
202308,215,9646
202308,216,255973
202308,217,2964
202308,218,46002
202308,219,14779
202308,220,95784
202308,222,269432
202308,223,17083
202308,225,9921
202308,226,1824
202308,227,2765
202308,229,34867
202308,230,81360
202308,231,18150
202308,232,32261
202308,233,8637
202308,234,13950
202308,235,205789
202308,238,10194
202308,239,117023
202308,241,4367
202308,247,4450
202308,251,9890
202308,258,10398
202308,259,4835
202308,260,4337
202308,261,2740
202308,262,9352
202308,264,19178
202308,265,1642
202308,266,21599
202308,267,21398
202308,268,1088
202308,269,882
202308,270,61776
202308,272,7401
202308,273,60147
202308,275,15099
202308,277,28221
202308,280,28424
202308,281,13101
202308,285,5000
202308,286,12358
202308,287,141992
202308,288,54902
202308,289,26073
202308,291,88684
202308,292,25092
202308,295,6434
202308,296,4972
202308,301,272
202308,303,12718
202308,304,249236
202308,305,24765
202308,308,111818
202308,311,63724
202308,312,402
202308,315,12031
202308,316,34948
202308,317,42443
202308,318,3231
202308,320,12989
202308,321,42196
202308,326,7226
202308,327,4017
202308,330,334
202308,331,4164
202308,332,4234
202308,333,16563
202308,337,17003
202308,338,10578
202308,340,10965
202308,341,20258
202308,344,25166
202308,345,17536
202308,346,21742
202308,347,39296
202308,350,20162
202308,351,22344
202308,352,78346
202308,356,6865
202308,357,21218
202308,362,5358
202308,363,1206
202308,367,60430
202308,368,1067
202308,369,165
202308,371,2046
202308,377,2106
202308,378,60355
202308,380,1324
202308,381,3047
202308,382,225
202308,384,1180
202308,385,2219
202308,386,48045
202308,387,9555
202308,388,5200
202308,389,18804
202308,395,9130
202308,397,2743
202308,398,1425
202308,399,7571
202308,400,1137
202308,401,14
202308,402,59
202308,403,41431
202308,404,4314
202308,406,2744
202308,409,11023
202308,410,578
202308,412,11253
202308,413,19646
202308,414,21299
202308,419,51075
202308,421,8063
202308,422,19541
202308,423,5329
202308,424,3418
202308,426,1258
202308,428,10435
202308,434,46
202308,435,5747
202308,437,61368
202308,438,4343
202308,440,8391
202308,442,640
202308,443,647
202308,444,14153
202308,445,5
202308,446,789
202308,447,2192
202308,449,5498
202308,450,7023
202308,451,10815
202308,453,7114
202308,454,27702
202308,457,4007
202308,458,851
202308,459,8241
202308,460,1276
202308,461,21113
202308,462,10013
202308,463,127
202308,464,589
202308,465,1809
202308,466,3824
202308,467,12353
202308,469,4769
202308,471,7
202308,474,373
202308,484,8400
202308,485,14736
202308,487,15278
202308,491,4946
202308,497,18770
202308,501,18219
202308,505,8041
202308,507,7287
202308,511,33653
202308,512,1149
202308,513,2436
202308,514,1159
202308,516,29303
202308,519,9148
202308,522,132
202308,524,56431
202308,525,6167
202308,526,18871
202308,529,2436
202308,532,29480
202308,533,484
202308,535,10449
202308,539,8284
202308,541,115719
202308,543,24236
202308,545,2
202308,550,1456
202308,551,34380
202308,553,34355
202309,2,3954
202309,4,25144
202309,6,17892
202309,9,7593
202309,12,1187
202309,14,24241
202309,15,7669
202309,17,22619
202309,18,843
202309,20,6162
202309,22,1801
202309,24,853
202309,25,1805
202309,26,302
202309,28,2810
202309,29,2130
202309,30,19334
202309,31,5164
202309,32,3466
202309,33,627
202309,34,10644
202309,35,2218
202309,36,97097
202309,39,3667
202309,40,2656
202309,45,19345
202309,46,77818
202309,48,10198
202309,49,11129
202309,50,2932
202309,52,36478
202309,53,1011
202309,54,9605
202309,58,599
202309,64,8586
202309,65,14927
202309,66,4409
202309,69,5483
202309,71,14144
202309,73,12165
202309,75,3253
202309,76,3060
202309,80,30039
202309,81,16793
202309,83,44013
202309,87,3654
202309,89,7891
202309,90,661
202309,91,35095
202309,92,8172
202309,94,122901
202309,96,16974
202309,97,858
202309,101,1965
202309,102,1156
202309,104,4113
202309,107,999
202309,108,1234
202309,110,3509
202309,112,9819
202309,113,73244
202309,114,1127
202309,115,28874
202309,116,893
202309,117,37846
202309,118,28435
202309,120,103038
202309,122,2078
202309,126,50949
202309,128,1549
202309,130,4046
202309,131,25138
202309,133,24524
202309,134,23944
202309,135,7830
202309,137,4957
202309,138,30534
202309,139,2782
202309,142,7318
202309,143,26537
202309,144,18238
202309,145,9081
202309,146,3280
202309,147,1262
202309,148,2275
202309,151,12331
202309,153,1192
202309,156,16248
202309,157,11211
202309,158,8666
202309,160,8824
202309,163,77065
202309,164,13684
202309,165,62319
202309,166,411534
202309,167,23393
202309,169,43262
202309,170,7592
202309,171,11227
202309,175,42918
202309,176,24072
202309,177,35034
202309,178,24579
202309,179,81104
202309,180,7985
202309,181,3928
202309,182,29162
202309,185,3821
202309,186,249715
202309,187,15969
202309,188,158965
202309,190,27028
202309,191,7546
202309,192,71784
202309,193,13560
202309,194,49846
202309,195,44196
202309,196,9443
202309,199,14404
202309,200,17000
202309,203,26390
202309,204,110403
202309,205,7168
202309,206,25839
202309,207,65890
202309,208,111165
202309,209,38173
202309,210,124089
202309,211,25323
202309,212,2193
202309,213,119083
202309,214,14768
202309,215,2651
202309,216,247194
202309,217,2500
202309,218,46749
202309,219,14600
202309,220,88906
202309,222,253606
202309,223,18041
202309,225,9749
202309,226,1362
202309,227,3677
202309,229,33629
202309,230,77800
202309,231,17743
202309,232,28047
202309,233,8728
202309,234,13316
202309,235,203112
202309,238,12170
202309,239,112482
202309,241,4336
202309,247,4521
202309,251,9993
202309,258,10096
202309,259,5038
202309,260,4747
202309,261,1977
202309,262,7821
202309,264,19432
202309,265,1437
202309,266,18300
202309,267,20437
202309,268,1146
202309,269,885
202309,270,59492
202309,272,7196
202309,273,58483
202309,275,15801
202309,277,25614
202309,280,24698
202309,281,13107
202309,285,5232
202309,286,11482
202309,287,128946
202309,288,45355
202309,289,21845
202309,291,86368
202309,292,24033
202309,295,7377
202309,296,7176
202309,301,290
202309,303,12139
202309,304,235993
202309,305,26407
202309,307,1218
202309,308,109166
202309,311,65669
202309,315,9641
202309,316,35098
202309,317,39094
202309,318,3165
202309,320,10079
202309,321,38307
202309,326,6047
202309,327,4056
202309,330,391
202309,331,3856
202309,332,3213
202309,333,15150
202309,337,16517
202309,338,13256
202309,340,9955
202309,341,22743
202309,344,23959
202309,345,15909
202309,346,20572
202309,347,35768
202309,350,16355
202309,351,20147
202309,352,78185
202309,356,5587
202309,357,19206
202309,362,5610
202309,363,1283
202309,367,65455
202309,368,1163
202309,369,167
202309,371,2059
202309,377,2417
202309,378,55588
202309,380,1018
202309,381,2908
202309,384,1227
202309,385,1505
202309,386,45032
202309,387,9148
202309,388,4176
202309,389,20061
202309,395,8583
202309,397,3024
202309,398,1217
202309,399,6970
202309,400,1126
202309,401,35
202309,402,66
202309,403,40078
202309,404,4483
202309,406,2578
202309,409,10491
202309,410,482
202309,412,13137
202309,413,19631
202309,414,18764
202309,419,54443
202309,421,7682
202309,422,19956
202309,423,5502
202309,424,3081
202309,426,1465
202309,428,9561
202309,434,49
202309,435,5673
202309,437,58169
202309,438,4094
202309,440,7043
202309,442,363
202309,443,451
202309,444,13573
202309,446,1047
202309,447,1576
202309,449,5990
202309,450,6037
202309,451,8491
202309,453,7122
202309,454,27428
202309,457,4398
202309,458,931
202309,459,7365
202309,460,927
202309,461,21566
202309,462,9108
202309,464,720
202309,465,1001
202309,466,3471
202309,467,12430
202309,469,4603
202309,474,372
202309,484,7480
202309,485,14429
202309,487,15322
202309,491,5881
202309,497,16926
202309,501,18373
202309,505,7743
202309,507,6858
202309,511,33952
202309,512,841
202309,513,3161
202309,514,1105
202309,516,28516
202309,519,8699
202309,522,141
202309,524,57694
202309,525,6317
202309,526,18231
202309,529,2158
202309,532,27484
202309,533,625
202309,535,9864
202309,539,7938
202309,541,111276
202309,543,24274
202309,548,137
202309,550,1245
202309,551,31523
202309,553,34475
202310,2,5130
202310,4,26319
202310,6,20987
202310,9,8332
202310,12,1130
202310,14,26258
202310,15,6468
202310,17,27019
202310,18,927
202310,20,8211
202310,22,1531
202310,24,934
202310,25,2371
202310,26,309
202310,28,3576
202310,29,2254
202310,30,22321
202310,31,4580
202310,32,3334
202310,34,11146
202310,35,2602
202310,36,107626
202310,38,3932
202310,39,1637
202310,40,2974
202310,45,21639
202310,46,77743
202310,48,11395
202310,49,10578
202310,50,3448
202310,52,38292
202310,53,1103
202310,54,9061
202310,64,7585
202310,65,17921
202310,66,4348
202310,69,5513
202310,71,15236
202310,73,12083
202310,75,3695
202310,76,3216
202310,80,28593
202310,81,14399
202310,83,44827
202310,87,3764
202310,89,7918
202310,90,529
202310,91,35963
202310,92,8599
202310,94,143853
202310,96,18803
202310,97,650
202310,99,820
202310,101,1282
202310,102,1262
202310,104,4688
202310,107,943
202310,108,1462
202310,110,3640
202310,112,10746
202310,113,78640
202310,114,1183
202310,115,31035
202310,116,911
202310,117,39437
202310,118,31874
202310,120,109705
202310,122,2341
202310,125,195
202310,126,45091
202310,128,1582
202310,130,4110
202310,131,23514
202310,133,24420
202310,134,21642
202310,135,7965
202310,137,5878
202310,138,28274
202310,139,2513
202310,142,8652
202310,143,30653
202310,144,19688
202310,145,7165
202310,146,3473
202310,147,1202
202310,148,2383
202310,151,13569
202310,153,1134
202310,154,92
202310,155,514
202310,156,16232
202310,157,10680
202310,158,8029
202310,160,7894
202310,163,82279
202310,164,15545
202310,165,61492
202310,166,437965
202310,167,27589
202310,169,43784
202310,170,7376
202310,171,11861
202310,175,46390
202310,176,28243
202310,177,37740
202310,178,24746
202310,179,81172
202310,180,8180
202310,181,4128
202310,182,30104
202310,185,4860
202310,186,266435
202310,187,19399
202310,188,163921
202310,190,27222
202310,191,8054
202310,192,80530
202310,193,12538
202310,194,53147
202310,195,44465
202310,196,9722
202310,199,20638
202310,200,17592
202310,203,29709
202310,204,120938
202310,205,6636
202310,206,26781
202310,207,73941
202310,208,118644
202310,209,38614
202310,210,133361
202310,211,28933
202310,212,2538
202310,213,124684
202310,214,14277
202310,215,3074
202310,216,263525
202310,217,3185
202310,218,48896
202310,219,16876
202310,220,93740
202310,222,269244
202310,223,17719
202310,225,8457
202310,226,1485
202310,227,3789
202310,229,32560
202310,230,80192
202310,231,19244
202310,232,28573
202310,233,9246
202310,234,14840
202310,235,233993
202310,238,11819
202310,239,120917
202310,241,4311
202310,247,4794
202310,251,9984
202310,258,11324
202310,259,5387
202310,260,5422
202310,261,2305
202310,262,7391
202310,264,21851
202310,265,1529
202310,266,20644
202310,267,21710
202310,268,1062
202310,269,1034
202310,270,59505
202310,272,1899
202310,273,55638
202310,275,14569
202310,277,26223
202310,280,25991
202310,281,14361
202310,284,2582
202310,285,4082
202310,286,12518
202310,287,116642
202310,288,43560
202310,289,24166
202310,291,85503
202310,292,22884
202310,295,7488
202310,296,6974
202310,301,326
202310,303,13443
202310,304,225985
202310,305,28250
202310,307,4915
202310,308,123660
202310,311,65227
202310,312,210
202310,315,10556
202310,316,33625
202310,317,45241
202310,318,3273
202310,320,10026
202310,321,42039
202310,326,7405
202310,327,4173
202310,330,662
202310,331,3848
202310,332,3300
202310,333,14818
202310,337,17273
202310,338,14572
202310,340,10380
202310,341,18461
202310,344,22947
202310,345,16993
202310,346,21577
202310,347,37115
202310,350,14451
202310,351,18799
202310,352,78616
202310,356,1476
202310,357,20876
202310,362,6364
202310,363,1097
202310,367,65771
202310,368,1073
202310,369,120
202310,370,807
202310,371,2292
202310,375,201
202310,377,2993
202310,378,57296
202310,380,964
202310,381,3325
202310,384,1398
202310,385,2568
202310,386,52704
202310,387,10412
202310,388,7326
202310,389,20017
202310,395,7476
202310,397,2826
202310,398,1349
202310,399,7258
202310,400,1186
202310,401,44
202310,402,70
202310,403,42530
202310,404,4466
202310,406,3024
202310,409,10693
202310,410,340
202310,412,13814
202310,413,23654
202310,414,28178
202310,419,64767
202310,421,8457
202310,422,15720
202310,423,6074
202310,424,3322
202310,426,1556
202310,428,9923
202310,434,50
202310,435,5937
202310,437,62588
202310,438,4200
202310,440,8210
202310,442,571
202310,443,729
202310,444,13166
202310,446,786
202310,447,1656
202310,449,5559
202310,450,6830
202310,451,9195
202310,453,7363
202310,454,30322
202310,457,5408
202310,459,8620
202310,460,809
202310,461,22247
202310,462,11089
202310,464,485
202310,465,908
202310,466,3755
202310,467,12484
202310,469,5494
202310,474,403
202310,484,6907
202310,485,15047
202310,487,16742
202310,491,5505
202310,497,15766
202310,501,19553
202310,505,7525
202310,507,7978
202310,511,31583
202310,512,1254
202310,513,2408
202310,514,1053
202310,516,29851
202310,519,7986
202310,522,129
202310,524,61220
202310,525,6581
202310,526,18260
202310,529,1830
202310,532,24093
202310,533,703
202310,535,9318
202310,539,9625
202310,541,117987
202310,543,27259
202310,550,1165
202310,551,32720
202310,553,28362
202311,2,4818
202311,4,30009
202311,6,24227
202311,9,8679
202311,12,1310
202311,14,16830
202311,17,24736
202311,18,1127
202311,20,8754
202311,22,1250
202311,24,851
202311,25,1697
202311,26,264
202311,28,3514
202311,29,2199
202311,30,19871
202311,31,2522
202311,32,3411
202311,34,11090
202311,35,1186
202311,36,117498
202311,38,5811
202311,39,3608
202311,40,3628
202311,43,148
202311,45,22386
202311,46,74906
202311,48,14691
202311,53,943
202311,65,16708
202311,66,4645
202311,69,5369
202311,71,14666
202311,73,9750
202311,75,3899
202311,76,3153
202311,80,32297
202311,81,10609
202311,83,47466
202311,87,3673
202311,89,8317
202311,90,423
202311,91,35913
202311,92,7477
202311,94,153184
202311,96,17745
202311,97,765
202311,99,8738
202311,101,2531
202311,102,1399
202311,104,2826
202311,107,742
202311,108,1808
202311,110,3654
202311,112,11235
202311,113,67296
202311,114,1555
202311,115,30501
202311,116,718
202311,117,37482
202311,118,35303
202311,120,113569
202311,122,1697
202311,125,1896
202311,126,40679
202311,128,1500
202311,130,4841
202311,131,21135
202311,133,23812
202311,134,20032
202311,135,6017
202311,137,5085
202311,138,28747
202311,139,2853
202311,142,5678
202311,143,26678
202311,144,24642
202311,145,8601
202311,146,3855
202311,147,788
202311,148,2707
202311,151,12422
202311,153,1123
202311,154,62
202311,155,2925
202311,156,10852
202311,157,9755
202311,158,6553
202311,160,6879
202311,163,79308
202311,164,23729
202311,165,52487
202311,166,410442
202311,167,28914
202311,169,37487
202311,170,6796
202311,171,11904
202311,175,50942
202311,176,29533
202311,177,38122
202311,178,22969
202311,179,75843
202311,180,10717
202311,181,3660
202311,182,29176
202311,185,3863
202311,186,266559
202311,187,20360
202311,188,164085
202311,190,23308
202311,191,7912
202311,192,68925
202311,193,11218
202311,194,54961
202311,195,32298
202311,196,8104
202311,197,440
202311,199,21647
202311,200,15950
202311,203,29368
202311,204,111871
202311,205,6583
202311,206,28400
202311,207,72128
202311,208,117188
202311,209,42345
202311,210,122075
202311,211,33402
202311,212,3054
202311,213,126099
202311,214,16952
202311,215,7689
202311,216,259458
202311,217,3528
202311,218,51225
202311,219,18270
202311,220,89783
202311,222,254085
202311,223,14294
202311,225,3679
202311,226,1323
202311,227,3405
202311,229,33576
202311,230,82202
202311,231,20917
202311,232,28381
202311,233,9153
202311,234,17950
202311,235,246073
202311,238,13613
202311,239,119948
202311,241,4350
202311,247,5474
202311,251,10032
202311,258,13823
202311,259,5762
202311,260,6656
202311,261,2360
202311,262,6980
202311,264,23552
202311,265,1625
202311,266,20465
202311,267,21919
202311,268,1302
202311,269,1048
202311,270,53333
202311,272,6427
202311,273,41592
202311,275,14030
202311,277,23476
202311,280,14813
202311,281,12376
202311,284,28063
202311,285,2898
202311,286,12087
202311,287,99162
202311,288,33233
202311,289,20976
202311,291,72357
202311,292,22573
202311,295,9119
202311,296,5013
202311,301,204
202311,303,12684
202311,304,192590
202311,305,24629
202311,307,4747
202311,308,115218
202311,311,61732
202311,315,9573
202311,316,27392
202311,317,44202
202311,318,2908
202311,320,9123
202311,321,42914
202311,326,7802
202311,327,4186
202311,330,1810
202311,331,3791
202311,332,1978
202311,333,15581
202311,337,17185
202311,338,14238
202311,340,11614
202311,341,17710
202311,344,24457
202311,345,16425
202311,346,21220
202311,347,39725
202311,350,13943
202311,351,18398
202311,352,78803
202311,357,21422
202311,362,6765
202311,363,970
202311,367,61735
202311,368,939
202311,369,158
202311,370,5881
202311,371,2084
202311,375,2168
202311,376,946
202311,377,2383
202311,378,62111
202311,380,855
202311,381,3215
202311,384,1223
202311,385,2695
202311,386,46088
202311,387,9486
202311,388,8134
202311,389,20169
202311,395,4464
202311,397,3493
202311,398,1412
202311,399,7102
202311,400,1587
202311,401,37
202311,402,60
202311,403,33198
202311,404,5109
202311,406,3110
202311,409,10856
202311,410,314
202311,412,12796
202311,413,27355
202311,414,34086
202311,419,61812
202311,421,7324
202311,422,17941
202311,423,5605
202311,424,3251
202311,426,1438
202311,428,6678
202311,434,48
202311,435,5107
202311,437,63274
202311,438,4161
202311,440,4955
202311,442,493
202311,443,741
202311,444,13651
202311,446,387
202311,447,1363
202311,449,5766
202311,450,6258
202311,451,10393
202311,453,7071
202311,454,24238
202311,457,5046
202311,458,1440
202311,459,8993
202311,460,1211
202311,461,23411
202311,462,9563
202311,464,285
202311,465,983
202311,466,3807
202311,467,12499
202311,469,5982
202311,474,416
202311,484,7095
202311,485,13043
202311,487,18222
202311,491,5356
202311,497,17064
202311,501,19539
202311,505,5721
202311,507,9697
202311,511,31789
202311,512,1155
202311,513,1092
202311,514,970
202311,516,27375
202311,519,8683
202311,524,56822
202311,525,6668
202311,526,19090
202311,529,1547
202311,532,31781
202311,533,365
202311,535,9640
202311,539,10352
202311,541,111251
202311,543,26164
202311,550,827
202311,551,31011
202311,553,27825
202312,2,5446
202312,4,34576
202312,6,29924
202312,9,9661
202312,12,1143
202312,14,27229
202312,17,26118
202312,18,951
202312,19,289
202312,20,9211
202312,22,1206
202312,24,685
202312,25,2561
202312,26,158
202312,28,3237
202312,29,2393
202312,30,21053
202312,31,4117
202312,32,3224
202312,34,10757
202312,35,1950
202312,36,108364
202312,38,14836
202312,39,3420
202312,40,2886
202312,45,21641
202312,46,76210
202312,48,15934
202312,65,15524
202312,66,5231
202312,69,7236
202312,71,19117
202312,73,11046
202312,75,3807
202312,76,2765
202312,80,32827
202312,81,12545
202312,83,50283
202312,87,3461
202312,89,7631
202312,90,325
202312,91,37787
202312,92,8235
202312,94,142616
202312,96,19645
202312,97,277
202312,99,8926
202312,101,2320
202312,102,1476
202312,104,5105
202312,107,859
202312,108,1813
202312,110,3781
202312,112,11591
202312,113,75259
202312,114,1417
202312,115,34587
202312,116,917
202312,117,41504
202312,118,37145
202312,120,118364
202312,122,2215
202312,125,621
202312,126,48184
202312,128,1270
202312,130,4362
202312,131,26060
202312,133,33731
202312,134,24126
202312,135,9919
202312,137,7758
202312,138,30956
202312,139,3318
202312,142,8870
202312,143,28685
202312,144,20515
202312,145,11199
202312,146,4762
202312,147,1327
202312,148,2336
202312,151,15710
202312,153,918
202312,155,3501
202312,156,17995
202312,157,10775
202312,158,4701
202312,160,6474
202312,163,81142
202312,164,24943
202312,165,53319
202312,166,477624
202312,167,34997
202312,169,35854
202312,170,7473
202312,171,11114
202312,173,3664
202312,175,53065
202312,176,30881
202312,177,39645
202312,178,23716
202312,179,77455
202312,180,11557
202312,181,3712
202312,182,28347
202312,185,3721
202312,186,298275
202312,187,21227
202312,188,189291
202312,189,753
202312,190,26362
202312,191,8656
202312,192,71023
202312,193,10954
202312,194,56061
202312,195,32484
202312,196,13237
202312,197,2737
202312,199,22856
202312,200,16513
202312,203,28880
202312,204,125198
202312,205,6907
202312,206,28457
202312,207,80465
202312,208,124028
202312,209,40531
202312,210,131789
202312,211,29722
202312,212,3681
202312,213,137565
202312,214,17417
202312,215,7935
202312,216,272425
202312,217,4134
202312,218,55281
202312,219,26465
202312,220,82626
202312,222,244277
202312,223,22764
202312,225,9447
202312,226,1350
202312,227,3794
202312,229,37725
202312,230,84131
202312,231,21858
202312,232,35468
202312,233,9099
202312,234,17318
202312,235,227308
202312,238,12842
202312,239,123869
202312,241,3669
202312,245,10158
202312,247,6137
202312,251,12863
202312,258,17610
202312,259,7451
202312,260,6355
202312,261,2797
202312,262,9252
202312,264,28808
202312,265,1425
202312,266,22300
202312,267,25311
202312,268,1050
202312,269,1178
202312,270,51984
202312,272,6691
202312,273,37736
202312,274,1942
202312,275,15870
202312,277,27079
202312,280,27850
202312,281,11942
202312,284,29525
202312,285,500
202312,286,14207
202312,287,121788
202312,288,31812
202312,289,22300
202312,291,76927
202312,292,24185
202312,295,10057
202312,296,6832
202312,301,329
202312,303,13222
202312,304,217864
202312,305,27387
202312,307,6658
202312,308,138971
202312,311,68962
202312,315,11558
202312,316,26651
202312,317,47843
202312,318,2998
202312,320,9632
202312,321,43812
202312,326,7641
202312,327,4238
202312,329,31
202312,330,1739
202312,331,4693
202312,332,1276
202312,333,18236
202312,337,15749
202312,338,14194
202312,340,10598
202312,341,16918
202312,344,25287
202312,345,11126
202312,346,21431
202312,347,41161
202312,350,13432
202312,351,17970
202312,352,73354
202312,357,22322
202312,362,6970
202312,367,66092
202312,368,1017
202312,369,800
202312,370,5587
202312,371,3252
202312,375,750
202312,376,1465
202312,377,2295
202312,378,78163
202312,380,1128
202312,381,2796
202312,384,915
202312,385,2421
202312,386,52883
202312,387,10159
202312,388,8931
202312,389,21320
202312,395,7621
202312,397,3113
202312,398,1383
202312,399,7804
202312,400,1436
202312,401,115
202312,402,212
202312,403,33414
202312,404,5752
202312,406,3301
202312,409,10542
202312,410,602
202312,412,15077
202312,413,33298
202312,414,34145
202312,419,72174
202312,421,8068
202312,422,20192
202312,423,5963
202312,424,3614
202312,426,1350
202312,428,7199
202312,434,214
202312,435,5830
202312,437,61670
202312,438,3978
202312,440,7404
202312,442,524
202312,443,582
202312,444,14233
202312,446,580
202312,447,1283
202312,449,5761
202312,450,8258
202312,451,11387
202312,453,8269
202312,454,29521
202312,457,5736
202312,458,1296
202312,459,8342
202312,460,3013
202312,461,27547
202312,462,9276
202312,464,427
202312,465,1010
202312,466,3727
202312,467,12666
202312,469,5738
202312,474,336
202312,480,22
202312,484,6675
202312,485,16599
202312,487,17601
202312,491,5775
202312,497,16961
202312,501,19440
202312,505,9616
202312,507,9628
202312,511,33532
202312,512,1130
202312,513,929
202312,514,1255
202312,516,29189
202312,519,11964
202312,524,62432
202312,525,6536
202312,526,22608
202312,529,1756
202312,532,34795
202312,533,314
202312,535,10625
202312,539,10613
202312,541,121361
202312,543,23989
202312,545,1
202312,550,1070
202312,551,31293
202312,553,31152
202401,2,3794
202401,4,31317
202401,6,25640
202401,8,2804
202401,9,7388
202401,12,873
202401,14,35571
202401,17,20687
202401,18,667
202401,19,517
202401,20,5891
202401,22,1079
202401,24,808
202401,25,2057
202401,26,316
202401,27,1430
202401,28,2088
202401,29,1980
202401,30,16907
202401,31,3894
202401,32,2331
202401,34,10346
202401,35,2251
202401,36,94984
202401,38,12260
202401,39,3575
202401,40,1805
202401,45,20786
202401,46,72508
202401,48,11448
202401,51,35
202401,65,11655
202401,66,3957
202401,69,8519
202401,71,15945
202401,73,10579
202401,75,2419
202401,76,1720
202401,80,30221
202401,81,9623
202401,83,42911
202401,87,3190
202401,89,5706
202401,90,213
202401,91,36807
202401,92,9286
202401,94,135021
202401,96,20374
202401,97,930
202401,99,8024
202401,101,2872
202401,102,1219
202401,104,4693
202401,107,858
202401,108,1726
202401,109,1190
202401,110,4526
202401,112,10392
202401,113,72593
202401,114,662
202401,115,31093
202401,116,948
202401,117,40322
202401,118,30123
202401,120,108804
202401,122,2971
202401,126,48679
202401,128,763
202401,130,3021
202401,131,22698
202401,133,28109
202401,134,21311
202401,135,8963
202401,137,5010
202401,138,25549
202401,139,3132
202401,142,7057
202401,143,23720
202401,144,19159
202401,145,11025
202401,146,5280
202401,147,1333
202401,148,2228
202401,151,11558
202401,153,414
202401,155,3796
202401,156,21521
202401,157,10839
202401,158,6137
202401,160,7093
202401,163,73920
202401,164,20398
202401,165,57314
202401,166,380993
202401,167,36934
202401,169,35527
202401,170,7251
202401,171,8356
202401,173,5460
202401,175,40648
202401,176,26792
202401,177,36923
202401,178,24976
202401,179,107270
202401,180,11854
202401,181,3713
202401,182,22398
202401,185,2685
202401,186,283086
202401,187,15298
202401,188,227271
202401,189,1101
202401,190,17508
202401,191,7862
202401,192,56246
202401,193,13677
202401,194,45426
202401,195,31679
202401,196,11824
202401,197,1934
202401,199,19240
202401,200,16302
202401,202,134
202401,203,25326
202401,204,104929
202401,205,6602
202401,206,30533
202401,207,62171
202401,208,111549
202401,209,35654
202401,210,116426
202401,211,23451
202401,212,3169
202401,213,118408
202401,214,16129
202401,216,295204
202401,217,3436
202401,218,49508
202401,219,21908
202401,220,77669
202401,222,222367
202401,223,21083
202401,225,9059
202401,226,1808
202401,227,2931
202401,229,28899
202401,230,74594
202401,231,18290
202401,232,30640
202401,233,8070
202401,234,15474
202401,235,194674
202401,238,13045
202401,239,103807
202401,241,4237
202401,245,9951
202401,247,6136
202401,251,10997
202401,258,14312
202401,259,7009
202401,260,3155
202401,261,2998
202401,262,9770
202401,264,27126
202401,265,1306
202401,266,21325
202401,267,22573
202401,268,947
202401,269,668
202401,270,54350
202401,271,1200
202401,272,6176
202401,273,45853
202401,274,3787
202401,275,12652
202401,277,31266
202401,280,29540
202401,281,12397
202401,284,24853
202401,285,217
202401,286,14931
202401,287,117617
202401,288,25189
202401,289,19588
202401,290,1120
202401,291,76902
202401,292,24779
202401,295,8568
202401,296,8176
202401,301,181
202401,303,15686
202401,304,186458
202401,305,27517
202401,306,1067
202401,307,5942
202401,308,117081
202401,311,76323
202401,312,412
202401,314,1881
202401,315,10204
202401,316,27728
202401,317,42242
202401,318,2310
202401,320,9746
202401,321,40681
202401,326,5532
202401,327,3559
202401,330,1620
202401,331,4549
202401,332,1689
202401,333,18054
202401,337,15800
202401,338,12646
202401,340,9229
202401,341,17121
202401,344,19084
202401,345,9512
202401,346,15747
202401,347,35484
202401,350,10631
202401,351,13726
202401,352,58968
202401,357,14009
202401,362,7630
202401,366,2506
202401,367,56782
202401,368,577
202401,369,321
202401,370,5733
202401,371,4340
202401,376,629
202401,377,1819
202401,378,77076
202401,380,611
202401,381,2343
202401,384,873
202401,385,3797
202401,386,52660
202401,387,10425
202401,388,7970
202401,389,22430
202401,395,8401
202401,397,2272
202401,398,856
202401,399,4392
202401,400,541
202401,401,35
202401,402,105
202401,403,28979
202401,404,3918
202401,405,173
202401,406,1399
202401,409,10349
202401,410,415
202401,412,14191
202401,413,30940
202401,414,37717
202401,419,68722
202401,421,9399
202401,422,19759
202401,423,5398
202401,424,3376
202401,426,519
202401,428,5653
202401,434,99
202401,435,4968
202401,437,49598
202401,438,3943
202401,440,5959
202401,442,324
202401,443,362
202401,444,12932
202401,446,337
202401,447,1308
202401,449,5972
202401,450,8911
202401,451,11436
202401,453,7303
202401,454,26675
202401,457,3544
202401,458,1028
202401,459,8222
202401,460,2579
202401,461,23877
202401,462,9179
202401,464,237
202401,465,480
202401,466,3091
202401,467,12628
202401,469,4548
202401,474,453
202401,480,7
202401,482,1137
202401,484,7964
202401,485,14149
202401,487,12128
202401,491,6584
202401,494,2741
202401,497,14972
202401,501,16578
202401,505,6432
202401,507,6901
202401,511,29919
202401,512,763
202401,513,1031
202401,514,1035
202401,516,25115
202401,519,8872
202401,524,61619
202401,525,5714
202401,526,19244
202401,529,1183
202401,532,29070
202401,533,623
202401,535,9359
202401,539,9421
202401,540,1340
202401,541,102287
202401,543,22331
202401,546,1170
202401,550,715
202401,551,26300
202401,553,24011
202402,2,3209
202402,4,24510
202402,6,20769
202402,8,1686
202402,9,5560
202402,12,868
202402,14,15626
202402,17,18439
202402,18,530
202402,19,459
202402,20,5068
202402,22,838
202402,24,673
202402,25,1166
202402,26,360
202402,27,1917
202402,28,1717
202402,29,1941
202402,30,13615
202402,31,3919
202402,32,2186
202402,34,10264
202402,35,2225
202402,36,88150
202402,38,11777
202402,39,3071
202402,40,1275
202402,45,19207
202402,46,67840
202402,48,10859
202402,51,31
202402,65,12535
202402,66,3641
202402,69,7981
202402,71,12400
202402,73,6882
202402,75,1477
202402,76,1133
202402,77,3242
202402,80,32042
202402,81,10984
202402,83,40672
202402,87,3339
202402,89,5083
202402,90,92
202402,91,35698
202402,92,9782
202402,94,128276
202402,96,16672
202402,97,892
202402,99,6950
202402,101,2489
202402,102,987
202402,104,2405
202402,107,752
202402,108,1371
202402,109,4405
202402,110,3433
202402,111,2578
202402,112,9582
202402,113,68707
202402,114,435
202402,115,28164
202402,116,740
202402,117,36426
202402,118,27243
202402,120,102821
202402,122,1915
202402,126,41593
202402,127,1682
202402,128,853
202402,130,3283
202402,131,22865
202402,133,26215
202402,134,19898
202402,135,9526
202402,137,4962
202402,138,27222
202402,139,1914
202402,142,5840
202402,143,22861
202402,144,19381
202402,145,12594
202402,146,4624
202402,147,1344
202402,148,1505
202402,151,11360
202402,153,289
202402,155,4007
202402,156,23893
202402,157,10480
202402,158,4228
202402,160,5331
202402,163,74057
202402,164,19984
202402,165,52215
202402,166,375894
202402,167,26090
202402,169,20549
202402,170,8298
202402,171,8449
202402,173,4681
202402,175,42729
202402,176,24542
202402,177,33995
202402,178,22614
202402,179,86689
202402,180,10916
202402,181,7106
202402,182,21566
202402,185,2830
202402,186,229055
202402,187,12936
202402,188,180186
202402,189,1112
202402,190,17318
202402,191,7670
202402,192,57754
202402,193,13440
202402,194,41428
202402,195,28862
202402,196,9380
202402,197,1403
202402,199,17831
202402,200,14741
202402,202,776
202402,203,25446
202402,204,102264
202402,205,6072
202402,206,26774
202402,207,69615
202402,208,104493
202402,209,30466
202402,210,114948
202402,211,23308
202402,212,2777
202402,213,130700
202402,214,16446
202402,216,255013
202402,217,2899
202402,218,47863
202402,219,20819
202402,220,76410
202402,222,224374
202402,223,14978
202402,225,8970
202402,226,1312
202402,227,3691
202402,229,29205
202402,230,75315
202402,231,20111
202402,232,28501
202402,233,7365
202402,234,14664
202402,235,177801
202402,238,13479
202402,239,99877
202402,241,4356
202402,245,9643
202402,247,4357
202402,251,8501
202402,258,12902
202402,259,4606
202402,260,2836
202402,261,2554
202402,262,5975
202402,264,20612
202402,265,1069
202402,266,17827
202402,267,19163
202402,268,892
202402,269,605
202402,270,53864
202402,271,2963
202402,272,6309
202402,273,42712
202402,274,3727
202402,275,14118
202402,277,30196
202402,280,29440
202402,281,12338
202402,284,21944
202402,286,12039
202402,287,138373
202402,288,25952
202402,289,18498
202402,290,1067
202402,291,65118
202402,292,24091
202402,295,9832
202402,296,2203
202402,301,74
202402,303,25636
202402,304,203954
202402,305,20627
202402,306,1162
202402,307,4449
202402,308,112596
202402,311,58670
202402,312,1480
202402,314,1909
202402,315,7510
202402,316,31443
202402,317,39976
202402,318,2147
202402,320,11568
202402,321,39972
202402,326,5320
202402,327,3504
202402,329,514
202402,330,1258
202402,331,3826
202402,332,1701
202402,333,12473
202402,337,13169
202402,338,12529
202402,340,8822
202402,341,15899
202402,344,18613
202402,345,8711
202402,346,17299
202402,347,36097
202402,350,11139
202402,351,15253
202402,352,65071
202402,357,14061
202402,362,7230
202402,366,3290
202402,367,51625
202402,369,1268
202402,370,4564
202402,371,3753
202402,377,740
202402,378,85630
202402,380,985
202402,381,1999
202402,384,802
202402,385,6709
202402,386,48860
202402,387,8763
202402,388,7259
202402,389,21241
202402,395,7187
202402,397,1950
202402,398,893
202402,399,5282
202402,400,692
202402,401,57
202402,402,82
202402,403,25298
202402,404,2247
202402,406,1465
202402,409,9336
202402,410,474
202402,412,16070
202402,413,32912
202402,414,38174
202402,419,71408
202402,421,8905
202402,422,19228
202402,423,4535
202402,424,2964
202402,426,389
202402,428,3961
202402,434,103
202402,435,4887
202402,437,45359
202402,438,3609
202402,440,6065
202402,442,204
202402,443,170
202402,444,11722
202402,446,365
202402,447,1331
202402,449,4111
202402,450,5788
202402,451,9926
202402,453,6745
202402,454,23735
202402,457,2643
202402,458,1092
202402,459,3067
202402,460,1205
202402,461,14019
202402,462,8468
202402,464,283
202402,465,58
202402,466,3081
202402,467,10911
202402,469,5693
202402,474,369
202402,482,667
202402,484,6506
202402,485,12850
202402,487,12540
202402,491,5911
202402,494,3282
202402,497,14545
202402,501,13008
202402,505,4809
202402,507,6577
202402,511,27125
202402,512,519
202402,513,828
202402,514,914
202402,516,23086
202402,519,8842
202402,524,52194
202402,525,4013
202402,526,16881
202402,529,939
202402,532,18098
202402,533,621
202402,535,7004
202402,539,9720
202402,540,3335
202402,541,81106
202402,543,17983
202402,544,170
202402,546,4044
202402,550,435
202402,551,19319
202402,553,20392
202403,2,3128
202403,4,26719
202403,6,21892
202403,8,1545
202403,9,5681
202403,12,798
202403,14,17426
202403,15,459
202403,17,23401
202403,18,658
202403,19,1144
202403,20,6006
202403,22,989
202403,24,1702
202403,25,1465
202403,26,742
202403,27,1000
202403,28,2170
202403,29,2423
202403,30,16045
202403,31,4170
202403,32,2907
202403,34,9699
202403,35,2354
202403,36,92023
202403,38,6861
202403,39,2934
202403,40,1437
202403,45,20580
202403,46,72780
202403,47,258
202403,48,9078
202403,51,24
202403,65,12793
202403,66,4106
202403,69,6894
202403,71,11149
202403,73,6303
202403,75,2076
202403,76,1611
202403,77,2999
202403,80,32451
202403,81,11280
202403,83,41376
202403,86,1032
202403,87,3566
202403,89,6035
202403,91,36830
202403,92,8965
202403,94,130737
202403,96,13098
202403,97,903
202403,99,6929
202403,100,69
202403,101,1249
202403,102,955
202403,104,3280
202403,107,804
202403,108,1474
202403,109,5812
202403,110,3781
202403,111,2562
202403,112,8007
202403,113,70015
202403,114,341
202403,115,30111
202403,116,803
202403,117,37162
202403,118,25749
202403,120,100628
202403,121,1014
202403,122,2329
202403,126,39506
202403,127,3936
202403,128,1002
202403,130,3591
202403,131,20218
202403,132,617
202403,133,23180
202403,134,19240
202403,135,8139
202403,137,4627
202403,138,26846
202403,142,6161
202403,143,24016
202403,144,17525
202403,145,9093
202403,146,3050
202403,147,929
202403,148,2259
202403,151,9332
202403,155,1868
202403,156,28904
202403,157,10827
202403,158,7700
202403,160,5355
202403,163,70014
202403,164,20775
202403,165,46665
202403,166,288291
202403,167,28539
202403,169,29196
202403,170,9198
202403,171,9739
202403,173,7861
202403,175,50198
202403,176,26847
202403,177,31766
202403,178,21192
202403,179,87019
202403,180,9682
202403,181,5875
202403,182,25390
202403,185,3890
202403,186,226622
202403,187,15558
202403,188,164028
202403,189,1444
202403,190,16888
202403,191,7688
202403,192,56753
202403,193,11370
202403,194,45029
202403,195,24007
202403,196,8179
202403,197,1389
202403,199,18816
202403,200,14565
202403,202,816
202403,203,24977
202403,204,101044
202403,205,7350
202403,206,31654
202403,207,69421
202403,208,109548
202403,209,33596
202403,210,111852
202403,211,27375
202403,212,3927
202403,213,138378
202403,214,18170
202403,216,276771
202403,217,3667
202403,218,48389
202403,219,21018
202403,220,74272
202403,222,220455
202403,223,13825
202403,225,10158
202403,226,688
202403,227,3247
202403,229,26636
202403,230,75889
202403,231,18997
202403,232,29898
202403,233,7204
202403,234,18765
202403,235,195318
202403,238,14881
202403,239,93291
202403,241,3967
202403,245,9792
202403,247,7674
202403,251,9828
202403,258,14228
202403,259,5083
202403,260,3828
202403,261,4840
202403,262,6784
202403,264,22812
202403,265,2398
202403,266,20978
202403,267,39958
202403,268,2050
202403,269,621
202403,270,56500
202403,271,2277
202403,272,6195
202403,273,47744
202403,274,534
202403,275,12537
202403,277,29703
202403,280,25574
202403,281,12348
202403,284,19226
202403,286,13622
202403,287,125967
202403,288,29608
202403,289,21746
202403,290,1268
202403,291,71874
202403,292,22120
202403,295,10643
202403,296,3636
202403,301,66
202403,303,20020
202403,304,210441
202403,305,12948
202403,306,1941
202403,307,5640
202403,308,99803
202403,311,64974
202403,314,2050
202403,315,9969
202403,316,28907
202403,317,32495
202403,318,2303
202403,320,9572
202403,321,31993
202403,326,6000
202403,327,4081
202403,329,1421
202403,330,1629
202403,331,3892
202403,332,1707
202403,333,13639
202403,335,149
202403,337,15470
202403,338,13319
202403,340,9280
202403,341,15630
202403,344,16392
202403,345,8588
202403,346,16159
202403,347,35220
202403,350,11271
202403,351,15216
202403,352,62894
202403,357,7472
202403,362,7214
202403,366,1064
202403,367,57541
202403,369,2786
202403,370,5141
202403,371,2678
202403,377,908
202403,378,59397
202403,380,753
202403,381,1841
202403,384,778
202403,385,6189
202403,386,47793
202403,387,9358
202403,388,5169
202403,389,21876
202403,395,5166
202403,397,2504
202403,398,1086
202403,399,6684
202403,400,660
202403,401,79
202403,402,117
202403,403,28076
202403,404,2882
202403,405,1691
202403,406,2062
202403,409,10211
202403,410,332
202403,412,18607
202403,413,19453
202403,414,23175
202403,419,70044
202403,421,7010
202403,422,14598
202403,423,4530
202403,424,3682
202403,426,176
202403,428,2518
202403,434,104
202403,435,5336
202403,437,42134
202403,438,3776
202403,439,650
202403,440,5851
202403,444,12936
202403,446,474
202403,447,1536
202403,449,4800
202403,450,6345
202403,451,12306
202403,453,8411
202403,454,23903
202403,457,3464
202403,458,2344
202403,459,3515
202403,460,1665
202403,461,18614
202403,462,9014
202403,464,322
202403,466,3752
202403,467,13414
202403,469,6003
202403,474,318
202403,480,1
202403,484,8317
202403,485,12757
202403,487,12433
202403,491,5397
202403,494,1581
202403,497,14962
202403,501,13947
202403,505,4662
202403,507,4530
202403,511,27517
202403,512,812
202403,513,1008
202403,514,1167
202403,516,22119
202403,519,5809
202403,524,53566
202403,525,3756
202403,526,16650
202403,529,1028
202403,532,21639
202403,533,1232
202403,535,6989
202403,539,9980
202403,540,1833
202403,541,95843
202403,543,20995
202403,546,479
202403,550,670
202403,551,22413
202403,553,18762
202404,2,4271
202404,4,27885
202404,6,34097
202404,8,6058
202404,9,9028
202404,12,629
202404,14,28317
202404,15,12002
202404,17,22476
202404,18,550
202404,19,555
202404,20,6173
202404,21,922
202404,22,746
202404,24,673
202404,25,3133
202404,26,434
202404,27,7435
202404,28,2044
202404,29,2259
202404,30,17888
202404,31,4892
202404,32,3061
202404,34,9325
202404,35,2419
202404,36,106284
202404,38,12556
202404,39,2898
202404,40,1520
202404,45,30024
202404,46,99248
202404,47,8441
202404,48,20375
202404,51,39
202404,65,13688
202404,66,6102
202404,69,9504
202404,71,16157
202404,73,9137
202404,75,2829
202404,76,2484
202404,77,3057
202404,80,35117
202404,81,14885
202404,83,54387
202404,86,9640
202404,87,3748
202404,89,7056
202404,90,920
202404,91,34060
202404,92,8184
202404,93,4246
202404,94,118774
202404,96,18569
202404,97,901
202404,99,10126
202404,100,6951
202404,101,3292
202404,102,1031
202404,104,5345
202404,107,1385
202404,108,2234
202404,109,8280
202404,110,3683
202404,111,9971
202404,112,15689
202404,113,119182
202404,114,381
202404,115,38912
202404,116,857
202404,117,54127
202404,118,41879
202404,120,124719
202404,121,7568
202404,122,2696
202404,126,56952
202404,127,5013
202404,128,988
202404,130,3699
202404,131,47836
202404,132,4637
202404,133,45464
202404,134,36259
202404,135,10220
202404,137,11925
202404,138,34873
202404,142,13804
202404,143,34964
202404,144,19807
202404,145,11659
202404,146,3443
202404,147,48
202404,148,2392
202404,151,14402
202404,153,532
202404,155,3821
202404,156,29885
202404,157,11063
202404,158,4552
202404,160,6390
202404,162,2357
202404,163,87904
202404,164,22274
202404,165,66706
202404,166,373808
202404,167,31807
202404,169,35216
202404,170,8197
202404,171,10922
202404,173,8524
202404,175,54949
202404,176,30326
202404,177,37852
202404,178,21910
202404,179,80698
202404,180,15048
202404,181,6262
202404,182,29535
202404,185,5803
202404,186,281078
202404,187,17802
202404,188,215494
202404,189,280
202404,190,22871
202404,191,9919
202404,192,76723
202404,193,11650
202404,194,36453
202404,195,24633
202404,196,10480
202404,197,2739
202404,199,28756
202404,200,20026
202404,202,1749
202404,203,23535
202404,204,172953
202404,205,6309
202404,206,29839
202404,207,97275
202404,208,142454
202404,209,38602
202404,210,133929
202404,211,27546
202404,212,3497
202404,213,153007
202404,214,16941
202404,216,267834
202404,217,3668
202404,218,57997
202404,219,18140
202404,220,91703
202404,222,225950
202404,223,18216
202404,225,7924
202404,226,1650
202404,227,3478
202404,229,40845
202404,230,82036
202404,231,24360
202404,232,38222
202404,233,8906
202404,234,20930
202404,235,222069
202404,238,16859
202404,239,111846
202404,241,5295
202404,245,12690
202404,247,3529
202404,251,9330
202404,258,16700
202404,259,6797
202404,260,3435
202404,261,2559
202404,262,6925
202404,264,26180
202404,265,960
202404,266,21163
202404,267,21810
202404,268,920
202404,269,634
202404,270,60921
202404,271,3324
202404,272,6623
202404,273,51852
202404,275,13408
202404,277,29300
202404,280,29782
202404,281,14135
202404,284,24533
202404,286,14865
202404,287,138060
202404,288,38349
202404,289,24277
202404,290,774
202404,291,76543
202404,292,23948
202404,295,9756
202404,296,6768
202404,301,61
202404,303,24208
202404,304,228754
202404,305,20560
202404,306,2365
202404,307,11192
202404,308,131890
202404,311,68686
202404,314,4302
202404,315,10282
202404,316,32827
202404,317,44946
202404,318,2675
202404,320,9790
202404,321,44740
202404,326,4929
202404,327,3857
202404,329,636
202404,330,1260
202404,331,3884
202404,332,2655
202404,333,12142
202404,335,154
202404,337,20057
202404,338,15796
202404,340,8113
202404,341,17970
202404,344,19199
202404,345,9852
202404,346,29550
202404,347,42971
202404,350,24568
202404,351,23194
202404,352,76326
202404,357,26630
202404,360,390
202404,362,8559
202404,366,8098
202404,367,68948
202404,369,1475
202404,370,9677
202404,371,4022
202404,377,2174
202404,378,88009
202404,380,956
202404,381,1749
202404,384,519
202404,385,10314
202404,386,58514
202404,387,9383
202404,388,12155
202404,389,21681
202404,395,12214
202404,397,2717
202404,398,926
202404,399,7158
202404,400,190
202404,401,69
202404,402,108
202404,403,32151
202404,404,3328
202404,405,4786
202404,406,1572
202404,409,9742
202404,410,1028
202404,412,15061
202404,413,32945
202404,414,32730
202404,419,72950
202404,421,6639
202404,422,20150
202404,423,5272
202404,424,3294
202404,426,1111
202404,428,10229
202404,434,115
202404,435,5556
202404,437,54892
202404,438,3925
202404,439,4084
202404,440,8744
202404,444,14969
202404,446,78
202404,447,1074
202404,449,4495
202404,450,7493
202404,451,9673
202404,453,5867
202404,454,25062
202404,457,3582
202404,458,842
202404,459,6312
202404,460,2264
202404,461,22266
202404,462,9624
202404,464,54
202404,466,3204
202404,467,12419
202404,469,6212
202404,474,252
202404,480,16
202404,484,8715
202404,485,16633
202404,487,13563
202404,491,5380
202404,494,10055
202404,497,21527
202404,501,21725
202404,505,12154
202404,507,10787
202404,509,237
202404,511,35840
202404,512,556
202404,513,1170
202404,514,629
202404,516,30002
202404,518,765
202404,519,15628
202404,524,61524
202404,525,4528
202404,526,17027
202404,529,1948
202404,531,1496
202404,532,28339
202404,533,589
202404,535,14370
202404,539,11997
202404,540,7132
202404,541,117193
202404,543,20705
202404,546,6229
202404,550,484
202404,551,27837
202404,553,35969
202405,2,3860
202405,4,27371
202405,5,878
202405,6,22477
202405,8,2176
202405,9,7745
202405,12,1217
202405,14,19296
202405,15,10691
202405,17,25648
202405,18,971
202405,19,723
202405,20,7400
202405,21,506
202405,22,824
202405,24,836
202405,25,2501
202405,26,414
202405,27,1128
202405,28,2501
202405,29,2303
202405,30,16447
202405,31,4473
202405,32,3996
202405,34,10287
202405,35,2624
202405,36,110734
202405,38,14305
202405,39,3407
202405,40,2072
202405,45,23487
202405,46,77218
202405,47,4666
202405,48,13445
202405,51,31
202405,65,14634
202405,66,7081
202405,69,7427
202405,71,12939
202405,73,6767
202405,75,3545
202405,76,2844
202405,77,3595
202405,80,35078
202405,81,17138
202405,83,45287
202405,86,10876
202405,87,4061
202405,89,4351
202405,90,1087
202405,91,35623
202405,92,8422
202405,93,1395
202405,94,143164
202405,96,20911
202405,97,1595
202405,99,9024
202405,100,3837
202405,101,3950
202405,102,1337
202405,104,3886
202405,107,886
202405,108,1570
202405,109,8462
202405,110,3410
202405,111,4102
202405,112,9161
202405,113,93681
202405,114,512
202405,115,32420
202405,116,750
202405,117,41257
202405,118,32830
202405,120,117148
202405,121,3393
202405,122,2247
202405,126,43714
202405,127,4106
202405,128,1436
202405,130,4097
202405,131,25589
202405,132,893
202405,133,31028
202405,134,20498
202405,135,7964
202405,137,5267
202405,138,32483
202405,142,6654
202405,143,35921
202405,144,16733
202405,145,11054
202405,146,4811
202405,148,1694
202405,151,13213
202405,155,2813
202405,156,34331
202405,157,11951
202405,158,5782
202405,160,7986
202405,162,2080
202405,163,79775
202405,164,25054
202405,165,70787
202405,166,427777
202405,167,28387
202405,169,40489
202405,170,7294
202405,171,11076
202405,173,9270
202405,175,53316
202405,176,30123
202405,177,39263
202405,178,21697
202405,179,50231
202405,180,13028
202405,181,6401
202405,182,31397
202405,185,1230
202405,186,250602
202405,187,16683
202405,188,225613
202405,190,28276
202405,191,8062
202405,192,72558
202405,193,11970
202405,194,41901
202405,195,6813
202405,196,9182
202405,197,2361
202405,199,23736
202405,200,16166
202405,202,801
202405,203,23498
202405,204,133759
202405,205,6692
202405,206,30545
202405,207,62883
202405,208,123540
202405,209,37415
202405,210,131944
202405,211,30083
202405,212,3606
202405,213,118033
202405,214,18097
202405,216,263316
202405,217,2046
202405,218,52809
202405,219,21047
202405,220,89890
202405,222,251853
202405,223,16989
202405,225,10368
202405,226,1560
202405,227,3819
202405,229,29394
202405,230,71581
202405,231,21177
202405,232,30311
202405,233,8906
202405,234,18237
202405,235,216324
202405,238,19086
202405,239,114109
202405,241,5748
202405,245,17466
202405,247,3998
202405,251,10231
202405,258,16311
202405,259,3963
202405,260,3660
202405,261,2646
202405,262,6916
202405,264,22806
202405,265,1342
202405,266,22457
202405,267,24164
202405,268,1005
202405,269,857
202405,270,62989
202405,271,1643
202405,272,7316
202405,273,53369
202405,275,16447
202405,277,31147
202405,280,31203
202405,281,13409
202405,284,18030
202405,286,16970
202405,287,165753
202405,288,42574
202405,289,28866
202405,290,3301
202405,291,84715
202405,292,26454
202405,295,9204
202405,296,5493
202405,301,74
202405,303,24241
202405,304,249154
202405,305,15564
202405,306,2747
202405,307,10737
202405,308,112324
202405,311,72409
202405,314,2464
202405,315,10894
202405,316,36591
202405,317,47414
202405,318,3218
202405,320,10979
202405,321,41498
202405,326,4635
202405,327,4125
202405,329,665
202405,330,1757
202405,331,3571
202405,332,1203
202405,333,13993
202405,337,17040
202405,338,15777
202405,340,10905
202405,341,17284
202405,344,21342
202405,345,5060
202405,346,16570
202405,347,40861
202405,350,11979
202405,351,13932
202405,352,74639
202405,357,16465
202405,362,9196
202405,366,2572
202405,367,55511
202405,369,1698
202405,370,4221
202405,371,4106
202405,377,2440
202405,378,78773
202405,380,960
202405,381,1995
202405,384,507
202405,385,7291
202405,386,52915
202405,387,8796
202405,388,7338
202405,389,20579
202405,395,5788
202405,397,3301
202405,398,497
202405,399,7223
202405,400,904
202405,401,64
202405,402,119
202405,403,32813
202405,404,3746
202405,405,2985
202405,406,2183
202405,409,9973
202405,410,116
202405,412,16999
202405,413,8949
202405,414,31355
202405,419,69438
202405,421,6121
202405,422,22287
202405,423,4666
202405,424,3366
202405,426,1291
202405,428,9047
202405,434,98
202405,435,5728
202405,437,55106
202405,438,4192
202405,439,3910
202405,440,6739
202405,444,14227
202405,447,948
202405,449,4762
202405,450,6476
202405,451,9263
202405,453,6484
202405,454,24511
202405,457,3377
202405,458,1288
202405,459,4765
202405,460,1245
202405,461,18179
202405,462,9673
202405,466,3826
202405,467,14003
202405,469,7598
202405,474,273
202405,480,14
202405,484,4321
202405,485,13401
202405,487,14202
202405,491,4149
202405,494,3253
202405,497,16117
202405,501,18319
202405,505,5211
202405,507,7965
202405,509,175
202405,511,29758
202405,512,850
202405,513,352
202405,514,615
202405,516,27381
202405,519,10273
202405,524,59865
202405,525,4125
202405,526,16124
202405,529,1231
202405,531,2018
202405,532,19096
202405,533,648
202405,535,9136
202405,539,9922
202405,540,5285
202405,541,95737
202405,543,21802
202405,546,1736
202405,550,618
202405,551,28203
202405,553,26885
202406,2,4401
202406,4,29658
202406,5,1444
202406,6,23329
202406,8,3894
202406,9,8403
202406,12,951
202406,14,21183
202406,15,14662
202406,17,21669
202406,18,809
202406,19,690
202406,20,7233
202406,22,1000
202406,24,965
202406,25,3058
202406,26,456
202406,27,6068
202406,28,3137
202406,29,2384
202406,30,17157
202406,31,4836
202406,32,3715
202406,34,9961
202406,35,2578
202406,36,106838
202406,38,12455
202406,39,3401
202406,40,2300
202406,45,22285
202406,46,76583
202406,47,5757
202406,48,14633
202406,51,24
202406,65,12792
202406,66,5988
202406,69,11135
202406,71,15658
202406,73,8522
202406,75,3492
202406,76,2963
202406,77,3833
202406,80,39532
202406,81,18719
202406,83,47146
202406,86,10413
202406,87,4000
202406,89,4145
202406,90,875
202406,91,38401
202406,92,5727
202406,93,5687
202406,94,145640
202406,95,2519
202406,96,16913
202406,97,1462
202406,99,9326
202406,100,581
202406,101,4034
202406,102,1359
202406,104,5164
202406,107,1243
202406,108,1781
202406,109,9213
202406,110,2666
202406,111,3790
202406,112,11044
202406,113,91422
202406,114,594
202406,115,36173
202406,116,820
202406,117,45835
202406,118,38404
202406,120,116192
202406,121,2425
202406,122,2451
202406,126,50407
202406,127,4447
202406,128,1296
202406,130,4981
202406,131,26583
202406,132,1607
202406,133,32700
202406,134,21109
202406,135,8401
202406,137,5967
202406,138,31816
202406,140,1359
202406,142,7222
202406,143,38044
202406,144,12931
202406,145,12441
202406,146,3820
202406,148,2034
202406,151,11934
202406,155,1737
202406,156,32628
202406,157,11518
202406,158,5991
202406,160,6599
202406,162,2617
202406,163,82637
202406,164,24828
202406,165,69863
202406,166,412979
202406,167,28850
202406,169,38525
202406,170,6611
202406,171,10445
202406,173,8915
202406,175,53133
202406,176,30948
202406,177,37403
202406,178,22344
202406,179,43363
202406,180,13440
202406,181,7455
202406,182,31831
202406,185,534
202406,186,256278
202406,187,15210
202406,188,236839
202406,190,29913
202406,191,8226
202406,192,73757
202406,193,11482
202406,194,53548
202406,195,4734
202406,196,11784
202406,197,2773
202406,199,24329
202406,200,19404
202406,202,1489
202406,203,22942
202406,204,128259
202406,205,6626
202406,206,32490
202406,207,70282
202406,208,134495
202406,209,37785
202406,210,134968
202406,211,28476
202406,212,3297
202406,213,130897
202406,214,18100
202406,216,264765
202406,217,4263
202406,218,53816
202406,219,19761
202406,220,92362
202406,222,261657
202406,223,21672
202406,225,10125
202406,226,1468
202406,227,3610
202406,229,31353
202406,230,80885
202406,231,20703
202406,232,33189
202406,233,8859
202406,234,17272
202406,235,224009
202406,238,18553
202406,239,115555
202406,241,5640
202406,245,17669
202406,247,4173
202406,251,10736
202406,258,18436
202406,259,4052
202406,260,4109
202406,261,3369
202406,262,9431
202406,264,24623
202406,265,1493
202406,266,23157
202406,267,24888
202406,268,1044
202406,269,955
202406,270,61813
202406,272,7085
202406,273,58328
202406,274,2335
202406,275,16389
202406,277,31440
202406,280,33065
202406,281,13173
202406,284,15054
202406,286,14036
202406,287,178852
202406,288,43681
202406,289,24454
202406,290,3980
202406,291,87688
202406,292,27361
202406,295,9967
202406,296,6528
202406,301,47
202406,303,24206
202406,304,245584
202406,305,13550
202406,306,2076
202406,307,12032
202406,308,121289
202406,310,1133
202406,311,74238
202406,314,3126
202406,315,11489
202406,316,35984
202406,317,40693
202406,318,2994
202406,320,9510
202406,321,42714
202406,326,6248
202406,327,3992
202406,329,794
202406,330,1609
202406,331,3300
202406,332,1691
202406,333,15289
202406,337,18136
202406,338,15742
202406,340,9830
202406,341,17156
202406,344,22723
202406,345,3600
202406,346,18912
202406,347,38513
202406,350,14004
202406,351,14346
202406,352,75153
202406,357,19368
202406,359,683
202406,362,4199
202406,366,2449
202406,367,59314
202406,369,1879
202406,370,4851
202406,371,4364
202406,377,2876
202406,378,90504
202406,380,1033
202406,381,1935
202406,384,277
202406,385,8020
202406,386,56001
202406,387,11806
202406,388,9402
202406,389,22518
202406,395,5674
202406,397,3545
202406,398,730
202406,399,5862
202406,400,1329
202406,401,72
202406,402,113
202406,403,39233
202406,404,4384
202406,405,4271
202406,406,2003
202406,409,10883
202406,412,16542
202406,413,31834
202406,414,30553
202406,419,54224
202406,421,5851
202406,422,18020
202406,423,4989
202406,424,3283
202406,426,720
202406,428,8581
202406,434,105
202406,435,5741
202406,437,53708
202406,438,3706
202406,439,3463
202406,440,6855
202406,444,14018
202406,446,289
202406,447,1133
202406,449,5260
202406,450,10629
202406,451,9555
202406,453,7892
202406,454,28660
202406,457,3723
202406,458,1200
202406,459,5642
202406,460,1590
202406,461,19937
202406,462,8925
202406,464,202
202406,466,3708
202406,467,12646
202406,469,7844
202406,474,320
202406,480,8
202406,484,5580
202406,485,12462
202406,487,13657
202406,491,4572
202406,494,3803
202406,497,17873
202406,500,5589
202406,501,18016
202406,505,5155
202406,507,8667
202406,509,251
202406,511,31987
202406,512,872
202406,513,866
202406,514,1035
202406,516,26428
202406,519,9910
202406,524,58306
202406,525,3633
202406,526,15427
202406,529,1111
202406,531,3052
202406,532,21629
202406,533,707
202406,535,9055
202406,539,10361
202406,540,6168
202406,541,100250
202406,543,24599
202406,546,188
202406,550,859
202406,551,28103
202406,553,25960
202407,2,5559
202407,4,33497
202407,5,2593
202407,6,26410
202407,8,3479
202407,9,8263
202407,12,1347
202407,14,29761
202407,15,18717
202407,17,24474
202407,18,1008
202407,19,523
202407,20,8348
202407,22,1471
202407,24,1081
202407,25,6927
202407,26,407
202407,27,9930
202407,28,3428
202407,29,2340
202407,30,16459
202407,31,4731
202407,32,4260
202407,34,10416
202407,35,3066
202407,36,114141
202407,38,15685
202407,39,3885
202407,40,1906
202407,45,24881
202407,46,90833
202407,47,5938
202407,48,15283
202407,51,37
202407,65,14596
202407,66,6979
202407,69,13178
202407,71,14273
202407,73,8804
202407,75,4276
202407,76,3983
202407,77,3430
202407,80,42483
202407,81,21255
202407,83,52744
202407,86,10039
202407,87,3799
202407,89,7289
202407,90,810
202407,91,43278
202407,92,10600
202407,93,4835
202407,94,154710
202407,95,2728
202407,96,19541
202407,97,1710
202407,99,7465
202407,101,4049
202407,102,1484
202407,103,3383
202407,104,5582
202407,107,1110
202407,108,1736
202407,109,9022
202407,110,3946
202407,111,3935
202407,112,11206
202407,113,89095
202407,114,1008
202407,115,40111
202407,116,841
202407,117,47513
202407,118,47900
202407,120,130888
202407,121,4201
202407,122,2954
202407,126,55344
202407,127,4629
202407,128,1724
202407,130,4188
202407,131,31234
202407,132,2742
202407,133,34648
202407,134,23166
202407,135,9203
202407,137,8663
202407,138,34247
202407,140,3036
202407,142,10372
202407,143,45563
202407,144,14466
202407,145,12753
202407,146,2036
202407,148,906
202407,151,14049
202407,155,4066
202407,156,34012
202407,157,13884
202407,158,6811
202407,159,2298
202407,160,7753
202407,162,2655
202407,163,87776
202407,164,26211
202407,165,74465
202407,166,443496
202407,167,42697
202407,169,43893
202407,170,7525
202407,171,11468
202407,173,5840
202407,175,53570
202407,176,30490
202407,177,40435
202407,178,24342
202407,179,75460
202407,180,12945
202407,181,7024
202407,182,33850
202407,185,508
202407,186,268106
202407,187,18297
202407,188,264030
202407,190,35566
202407,191,8585
202407,192,91945
202407,193,15144
202407,194,59591
202407,195,8844
202407,196,14347
202407,197,2727
202407,199,25877
202407,200,19935
202407,202,1018
202407,203,22156
202407,204,135094
202407,205,6990
202407,206,33973
202407,207,76498
202407,208,135636
202407,209,40944
202407,210,137120
202407,211,30039
202407,212,3238
202407,213,136103
202407,214,18157
202407,216,285735
202407,217,2476
202407,218,55589
202407,219,21781
202407,220,98623
202407,222,276546
202407,223,23653
202407,225,10254
202407,226,2489
202407,227,3623
202407,229,35274
202407,230,84255
202407,231,23583
202407,232,33498
202407,233,9177
202407,234,20604
202407,235,251543
202407,238,24498
202407,239,129215
202407,241,5704
202407,245,16841
202407,247,1832
202407,251,12388
202407,258,19274
202407,259,7158
202407,260,6103
202407,261,2833
202407,262,9978
202407,264,25877
202407,265,1585
202407,266,25324
202407,267,26468
202407,268,1065
202407,269,965
202407,270,62001
202407,272,6876
202407,273,58828
202407,274,3687
202407,275,16439
202407,277,37075
202407,280,38206
202407,281,13753
202407,284,14189
202407,286,16272
202407,287,194682
202407,288,61630
202407,289,28580
202407,290,6621
202407,291,98883
202407,292,28118
202407,295,9430
202407,296,8935
202407,303,25248
202407,304,254949
202407,305,18068
202407,306,2101
202407,307,13751
202407,308,126037
202407,310,3482
202407,311,82590
202407,314,3635
202407,315,13735
202407,316,36192
202407,317,48796
202407,318,4050
202407,320,9846
202407,321,40733
202407,326,8478
202407,327,4483
202407,329,766
202407,330,2001
202407,331,3443
202407,332,2004
202407,333,17900
202407,337,18105
202407,338,16101
202407,340,11165
202407,341,20190
202407,344,26149
202407,345,7762
202407,346,20147
202407,347,47067
202407,350,19139
202407,351,20764
202407,352,87516
202407,357,29499
202407,362,5753
202407,366,4668
202407,367,64050
202407,369,1960
202407,370,5307
202407,371,4982
202407,377,2907
202407,378,88797
202407,380,1032
202407,381,2178
202407,384,278
202407,385,9288
202407,386,58872
202407,387,13525
202407,388,9553
202407,389,22050
202407,395,10914
202407,397,4107
202407,398,1408
202407,399,740
202407,400,1742
202407,401,55
202407,402,111
202407,403,46768
202407,404,3227
202407,405,4439
202407,406,3682
202407,409,11432
202407,412,16759
202407,413,37946
202407,414,35318
202407,419,66390
202407,421,9258
202407,422,22450
202407,423,5957
202407,424,3665
202407,426,150
202407,428,10420
202407,434,102
202407,435,6118
202407,437,56375
202407,438,3387
202407,439,4228
202407,440,10603
202407,444,15882
202407,446,82
202407,447,1324
202407,449,5929
202407,450,11554
202407,451,10491
202407,453,8158
202407,454,32810
202407,457,3748
202407,458,1286
202407,459,7641
202407,460,1528
202407,461,20884
202407,462,9054
202407,464,52
202407,466,3746
202407,467,13792
202407,469,10229
202407,474,447
202407,480,10
202407,484,4150
202407,485,11903
202407,487,13553
202407,491,3873
202407,494,4780
202407,497,19450
202407,500,9028
202407,501,17758
202407,505,6498
202407,507,10201
202407,508,3082
202407,509,270
202407,511,34030
202407,512,1030
202407,513,239
202407,514,925
202407,516,29361
202407,519,10664
202407,524,64215
202407,525,4643
202407,526,10553
202407,529,781
202407,531,7810
202407,532,26744
202407,533,720
202407,535,10087
202407,539,9727
202407,540,6234
202407,541,103207
202407,543,25932
202407,550,1301
202407,551,28709
202407,553,31407
202408,2,4153
202408,4,33006
202408,5,233
202408,6,21471
202408,8,806
202408,9,4312
202408,12,1170
202408,14,14604
202408,15,17916
202408,17,23241
202408,18,869
202408,19,683
202408,20,8165
202408,22,1521
202408,24,1061
202408,25,6394
202408,26,478
202408,27,9269
202408,28,3266
202408,29,2703
202408,30,14942
202408,31,5037
202408,32,3761
202408,34,9553
202408,35,2831
202408,36,119877
202408,38,14168
202408,39,3582
202408,40,1359
202408,43,109
202408,45,21081
202408,46,81246
202408,47,5442
202408,48,10047
202408,51,32
202408,65,10983
202408,66,6297
202408,69,10249
202408,70,407
202408,71,13796
202408,73,8054
202408,75,3878
202408,76,3300
202408,77,3983
202408,78,2861
202408,80,43037
202408,81,20526
202408,82,552
202408,83,49235
202408,86,10631
202408,87,3923
202408,89,5505
202408,90,742
202408,91,39264
202408,92,10830
202408,93,3933
202408,94,154466
202408,95,2396
202408,96,19476
202408,97,1581
202408,99,5842
202408,101,3881
202408,102,1260
202408,103,2870
202408,104,3905
202408,105,520
202408,107,882
202408,108,863
202408,109,8900
202408,110,3518
202408,111,1868
202408,112,10737
202408,113,74669
202408,114,229
202408,115,34295
202408,116,617
202408,117,43826
202408,118,39465
202408,120,113742
202408,121,2658
202408,122,2402
202408,126,45214
202408,127,3547
202408,128,1480
202408,130,4668
202408,131,22773
202408,132,437
202408,133,27351
202408,134,19112
202408,135,5974
202408,137,4144
202408,138,32025
202408,140,2608
202408,142,9959
202408,143,45384
202408,144,13713
202408,145,14151
202408,146,2213
202408,148,2890
202408,151,13660
202408,155,6680
202408,156,35164
202408,157,22765
202408,158,8494
202408,159,891
202408,160,7243
202408,162,814
202408,163,78424
202408,164,25354
202408,165,75399
202408,166,447768
202408,167,37684
202408,169,42276
202408,170,5403
202408,171,11920
202408,173,7992
202408,175,56638
202408,176,31829
202408,177,41018
202408,178,24999
202408,179,137857
202408,180,12396
202408,181,7127
202408,182,28198
202408,186,233506
202408,187,17970
202408,188,237788
202408,190,34434
202408,191,8139
202408,192,88262
202408,193,16142
202408,194,55754
202408,195,30367
202408,196,11079
202408,197,2631
202408,199,23642
202408,200,17939
202408,202,1412
202408,203,21875
202408,204,128557
202408,205,6528
202408,206,30956
202408,207,68346
202408,208,128971
202408,209,39954
202408,210,131419
202408,211,24950
202408,212,3655
202408,213,141126
202408,214,18598
202408,216,265211
202408,217,5400
202408,218,54309
202408,219,21874
202408,220,95775
202408,222,270450
202408,223,19160
202408,224,4090
202408,225,11112
202408,226,2600
202408,227,3786
202408,229,31066
202408,230,97905
202408,231,21541
202408,232,32785
202408,233,9494
202408,234,18396
202408,235,240006
202408,238,29090
202408,239,126129
202408,241,7474
202408,245,16922
202408,247,4457
202408,251,13163
202408,258,17344
202408,259,5389
202408,260,4543
202408,261,2942
202408,262,6159
202408,264,24074
202408,265,1398
202408,266,22982
202408,267,24030
202408,268,1080
202408,269,956
202408,270,62694
202408,272,6698
202408,273,59505
202408,274,2653
202408,275,17740
202408,277,41518
202408,278,3149
202408,280,41586
202408,281,14285
202408,284,12913
202408,285,160
202408,286,14431
202408,287,172390
202408,288,70167
202408,289,29741
202408,290,6618
202408,291,96124
202408,292,29391
202408,295,12548
202408,296,5461
202408,303,25161
202408,304,261773
202408,305,13557
202408,306,2328
202408,307,12649
202408,308,122496
202408,310,3568
202408,311,82859
202408,312,3086
202408,314,3476
202408,315,13685
202408,316,36940
202408,317,45809
202408,318,3314
202408,320,9911
202408,321,39176
202408,326,7945
202408,327,4223
202408,329,707
202408,330,1889
202408,331,2884
202408,332,3733
202408,333,13771
202408,337,18140
202408,338,16563
202408,340,10531
202408,341,22783
202408,344,24181
202408,345,5228
202408,346,16209
202408,347,44029
202408,350,14827
202408,351,17377
202408,352,85822
202408,357,24012
202408,362,5269
202408,366,4595
202408,367,64959
202408,369,1889
202408,370,4828
202408,371,4037
202408,376,803
202408,377,2210
202408,378,76867
202408,380,1014
202408,381,1672
202408,384,152
202408,385,8553
202408,386,49213
202408,387,11476
202408,388,9132
202408,389,20339
202408,392,3222
202408,395,9453
202408,397,3602
202408,398,1377
202408,400,1500
202408,401,58
202408,402,100
202408,403,37415
202408,404,3707
202408,405,3222
202408,406,2248
202408,409,11464
202408,412,18910
202408,413,32840
202408,414,37931
202408,419,79261
202408,421,9467
202408,422,20833
202408,423,5456
202408,424,3319
202408,428,9509
202408,434,86
202408,435,5584
202408,437,54474
202408,438,3096
202408,439,3260
202408,440,10499
202408,444,15012
202408,447,1641
202408,449,5557
202408,450,9911
202408,451,8845
202408,453,7771
202408,454,31526
202408,457,3965
202408,458,1257
202408,459,6274
202408,460,1369
202408,461,18487
202408,462,11531
202408,466,3441
202408,467,12514
202408,469,8623
202408,474,312
202408,480,2
202408,484,4552
202408,485,11531
202408,487,11527
202408,491,3940
202408,494,4120
202408,497,18228
202408,500,8008
202408,501,15541
202408,505,4758
202408,507,9625
202408,508,4482
202408,509,373
202408,511,32551
202408,512,568
202408,513,636
202408,514,764
202408,516,27119
202408,519,9878
202408,524,61012
202408,525,4203
202408,526,8629
202408,531,5317
202408,532,17588
202408,533,772
202408,535,8670
202408,539,9101
202408,540,4153
202408,541,87669
202408,543,23294
202408,550,797
202408,551,29380
202408,553,26324
202409,2,3899
202409,4,33203
202409,5,1068
202409,6,21604
202409,8,1630
202409,9,5120
202409,12,839
202409,14,15407
202409,15,14508
202409,17,24839
202409,18,940
202409,19,603
202409,20,7963
202409,22,1430
202409,24,989
202409,25,6666
202409,26,418
202409,27,9354
202409,28,3268
202409,29,2548
202409,30,13484
202409,31,4969
202409,32,3873
202409,34,10515
202409,35,2765
202409,36,115868
202409,38,13058
202409,39,3558
202409,40,1183
202409,45,20617
202409,46,68599
202409,47,5111
202409,48,10122
202409,51,32
202409,65,11532
202409,66,6453
202409,69,9613
202409,70,1498
202409,71,12943
202409,73,6449
202409,75,3084
202409,76,2948
202409,77,4307
202409,78,3592
202409,79,2559
202409,80,39993
202409,81,19828
202409,82,302
202409,83,50392
202409,86,10011
202409,87,3393
202409,89,7068
202409,90,327
202409,91,37662
202409,92,10221
202409,93,4683
202409,94,164761
202409,96,19093
202409,97,1661
202409,99,8292
202409,101,3953
202409,102,890
202409,103,4301
202409,104,4289
202409,105,1559
202409,107,1171
202409,108,1155
202409,109,8243
202409,110,3555
202409,111,2333
202409,112,14440
202409,113,79617
202409,114,18
202409,115,33185
202409,116,907
202409,117,43460
202409,118,40484
202409,119,910
202409,120,116581
202409,121,3179
202409,122,2965
202409,126,49327
202409,127,3374
202409,128,1521
202409,129,557
202409,130,4525
202409,131,23097
202409,132,884
202409,133,30299
202409,134,19513
202409,135,6239
202409,137,5145
202409,138,32086
202409,140,2464
202409,142,9290
202409,143,52125
202409,144,15946
202409,145,15968
202409,146,2298
202409,148,2277
202409,151,12266
202409,155,4918
202409,156,34374
202409,157,21288
202409,158,8604
202409,159,862
202409,160,6133
202409,162,1993
202409,163,74551
202409,164,25116
202409,165,74521
202409,166,430715
202409,167,32586
202409,169,43758
202409,170,8699
202409,171,12144
202409,173,8507
202409,175,54978
202409,176,35237
202409,177,37605
202409,178,23549
202409,179,128255
202409,180,12131
202409,181,8382
202409,182,27340
202409,185,980
202409,186,249752
202409,187,17384
202409,188,238090
202409,190,29402
202409,191,8500
202409,192,93129
202409,193,13867
202409,194,53495
202409,195,24277
202409,196,11913
202409,197,3069
202409,199,20669
202409,200,18300
202409,202,1593
202409,203,22625
202409,204,122840
202409,205,6337
202409,206,31569
202409,207,63474
202409,208,125305
202409,209,36714
202409,210,134915
202409,211,25082
202409,212,4015
202409,213,131414
202409,214,19293
202409,216,261443
202409,217,4765
202409,218,54455
202409,219,22287
202409,220,94527
202409,222,267539
202409,223,21233
202409,224,6252
202409,225,10553
202409,226,1585
202409,227,3475
202409,229,31501
202409,230,93841
202409,231,21620
202409,232,31939
202409,233,9259
202409,234,17728
202409,235,236413
202409,238,29047
202409,239,119140
202409,241,9470
202409,245,14450
202409,247,4537
202409,251,12459
202409,252,1849
202409,255,159
202409,257,1585
202409,258,16057
202409,259,4297
202409,260,4461
202409,261,1406
202409,262,6116
202409,264,22243
202409,265,688
202409,266,22273
202409,267,19747
202409,268,860
202409,269,933
202409,270,67566
202409,272,7469
202409,273,63144
202409,275,15541
202409,277,40302
202409,278,3599
202409,280,38663
202409,281,14235
202409,284,11186
202409,286,13501
202409,287,155968
202409,288,54840
202409,289,27071
202409,290,5442
202409,291,93763
202409,292,24405
202409,295,11575
202409,296,8565
202409,303,24070
202409,304,245600
202409,305,14159
202409,306,1951
202409,307,12937
202409,308,113497
202409,309,2085
202409,310,3400
202409,311,80793
202409,312,7291
202409,314,3752
202409,315,12965
202409,316,35995
202409,317,43046
202409,318,2871
202409,320,9991
202409,321,34321
202409,326,4483
202409,327,2392
202409,329,538
202409,330,1892
202409,331,3045
202409,332,3407
202409,333,13712
202409,335,115
202409,337,17015
202409,338,16336
202409,340,10237
202409,341,22609
202409,344,23931
202409,345,4401
202409,346,14282
202409,347,42395
202409,350,14359
202409,351,17108
202409,352,84590
202409,357,22395
202409,359,2196
202409,362,5457
202409,366,5333
202409,367,62427
202409,369,1007
202409,370,4982
202409,371,2942
202409,374,181
202409,376,1073
202409,377,2000
202409,378,83423
202409,380,767
202409,381,1860
202409,383,1916
202409,384,105
202409,385,8986
202409,386,52115
202409,387,11182
202409,388,8908
202409,389,21543
202409,391,1581
202409,392,4928
202409,393,1472
202409,395,9802
202409,397,3287
202409,398,1177
202409,400,1438
202409,401,67
202409,402,104
202409,403,36637
202409,404,3962
202409,405,2877
202409,406,2619
202409,409,11272
202409,412,17909
202409,413,34305
202409,414,35542
202409,419,69018
202409,421,8131
202409,422,21389
202409,423,5861
202409,424,3211
202409,428,7456
202409,434,87
202409,435,5931
202409,436,1136
202409,437,51958
202409,438,2746
202409,439,2837
202409,440,9377
202409,444,15775
202409,447,1457
202409,449,5340
202409,450,7862
202409,451,9131
202409,453,8758
202409,454,30045
202409,457,3691
202409,458,552
202409,459,6429
202409,460,1356
202409,461,16641
202409,462,10840
202409,466,3677
202409,467,13270
202409,469,7733
202409,474,306
202409,480,7
202409,481,102
202409,483,1525
202409,484,4002
202409,485,11693
202409,486,170
202409,487,11248
202409,488,1522
202409,491,4576
202409,493,473
202409,494,3398
202409,497,15242
202409,500,8671
202409,501,14653
202409,504,819
202409,505,4898
202409,507,9237
202409,508,4630
202409,509,303
202409,511,32132
202409,512,651
202409,513,598
202409,514,499
202409,516,21496
202409,519,9848
202409,524,52655
202409,525,4140
202409,526,8350
202409,531,3504
202409,532,16209
202409,533,699
202409,535,8938
202409,539,9112
202409,540,5953
202409,541,85703
202409,543,22768
202409,550,627
202409,551,30500
202409,553,25684
202410,2,4698
202410,4,33304
202410,5,199
202410,6,20768
202410,8,1047
202410,9,4568
202410,12,866
202410,14,16778
202410,15,12390
202410,17,28191
202410,18,912
202410,19,621
202410,20,8616
202410,22,1270
202410,24,1011
202410,25,6208
202410,26,293
202410,27,9018
202410,28,3876
202410,29,2475
202410,30,14721
202410,31,4536
202410,32,3944
202410,34,10934
202410,35,2567
202410,36,118524
202410,38,13616
202410,39,3477
202410,40,1422
202410,43,153
202410,45,25411
202410,46,71016
202410,47,4564
202410,48,11037
202410,51,22
202410,65,12337
202410,66,7612
202410,69,10920
202410,70,1793
202410,71,10773
202410,73,6770
202410,75,1727
202410,76,1381
202410,77,2807
202410,78,3261
202410,79,1982
202410,80,33910
202410,81,19233
202410,83,48878
202410,86,10256
202410,87,3404
202410,89,7815
202410,90,312
202410,91,39990
202410,92,10594
202410,93,3662
202410,94,161324
202410,96,19029
202410,97,2155
202410,99,6479
202410,101,3243
202410,102,1293
202410,103,3612
202410,104,4526
202410,105,1518
202410,107,998
202410,108,941
202410,109,8305
202410,110,3223
202410,111,2366
202410,112,15118
202410,113,78930
202410,115,35046
202410,116,748
202410,117,45086
202410,118,43198
202410,119,196
202410,120,113632
202410,121,2861
202410,122,3024
202410,124,455
202410,126,45716
202410,127,3539
202410,128,1368
202410,130,4949
202410,131,19003
202410,132,853
202410,133,29870
202410,134,20295
202410,135,6199
202410,137,5127
202410,138,30712
202410,140,2337
202410,142,9042
202410,143,43195
202410,144,12451
202410,145,15602
202410,146,2158
202410,148,3745
202410,151,12762
202410,155,4741
202410,156,33432
202410,157,18348
202410,158,8205
202410,159,973
202410,160,4084
202410,162,2229
202410,163,73411
202410,164,25396
202410,165,71997
202410,166,390137
202410,167,34569
202410,169,43208
202410,170,7241
202410,171,12170
202410,173,8772
202410,175,56000
202410,176,38011
202410,177,42658
202410,178,24386
202410,179,117278
202410,180,11110
202410,181,6353
202410,182,27062
202410,185,872
202410,186,221121
202410,187,22429
202410,188,234147
202410,190,28500
202410,191,8448
202410,192,84979
202410,193,12760
202410,194,53015
202410,195,25958
202410,196,11772
202410,197,4018
202410,199,9508
202410,200,18397
202410,202,1558
202410,203,26008
202410,204,117140
202410,205,5799
202410,206,32144
202410,207,62626
202410,208,119524
202410,209,38122
202410,210,132452
202410,211,26131
202410,212,3870
202410,213,125792
202410,214,20058
202410,216,264751
202410,217,5442
202410,218,56140
202410,219,24681
202410,220,94722
202410,222,263358
202410,223,20931
202410,224,5077
202410,225,10589
202410,226,2413
202410,227,3439
202410,229,33221
202410,230,94044
202410,231,21440
202410,232,28813
202410,233,9424
202410,234,18335
202410,235,239016
202410,238,29397
202410,239,117983
202410,241,8869
202410,245,11872
202410,247,5648
202410,251,13420
202410,252,1451
202410,257,2032
202410,258,19173
202410,259,4527
202410,260,4543
202410,261,920
202410,262,5120
202410,264,23839
202410,265,396
202410,266,23325
202410,267,19702
202410,268,711
202410,269,908
202410,270,67514
202410,272,7215
202410,273,67658
202410,275,15002
202410,277,32917
202410,278,3867
202410,280,40426
202410,281,14561
202410,284,9584
202410,286,15921
202410,287,144194
202410,288,51644
202410,289,25610
202410,290,5877
202410,291,92848
202410,292,23836
202410,295,11417
202410,296,6951
202410,302,216
202410,303,24942
202410,304,236860
202410,305,13366
202410,306,2474
202410,307,11517
202410,308,112210
202410,309,7605
202410,310,3560
202410,311,82671
202410,312,7685
202410,314,2222
202410,315,14443
202410,316,34026
202410,317,42649
202410,318,2811
202410,320,10402
202410,321,32511
202410,326,3501
202410,327,1731
202410,329,410
202410,330,2100
202410,331,2646
202410,332,3765
202410,333,13485
202410,335,138
202410,337,16974
202410,338,16878
202410,340,10254
202410,341,18969
202410,344,26565
202410,345,4664
202410,346,14487
202410,347,43209
202410,350,13437
202410,351,17591
202410,352,86888
202410,357,22540
202410,359,2026
202410,362,4992
202410,366,5282
202410,367,64305
202410,369,724
202410,370,3353
202410,371,2491
202410,374,1287
202410,376,1592
202410,377,2593
202410,378,76314
202410,380,685
202410,381,1860
202410,383,2235
202410,384,37
202410,385,7530
202410,386,50906
202410,387,11210
202410,388,7871
202410,389,21981
202410,391,811
202410,392,3873
202410,393,750
202410,395,6611
202410,397,4103
202410,398,1509
202410,400,1688
202410,401,214
202410,402,100
202410,403,31489
202410,404,3849
202410,405,3094
202410,406,2651
202410,409,10954
202410,412,17835
202410,413,37576
202410,414,33843
202410,419,60432
202410,421,8012
202410,422,18545
202410,423,5676
202410,424,3491
202410,428,7012
202410,434,101
202410,435,5363
202410,436,918
202410,437,44995
202410,438,2627
202410,439,2092
202410,440,8264
202410,444,15949
202410,447,1414
202410,449,5173
202410,450,6190
202410,451,9894
202410,453,8190
202410,454,27017
202410,457,3219
202410,458,339
202410,459,5381
202410,460,1360
202410,461,17741
202410,462,11080
202410,466,3224
202410,467,13665
202410,469,8569
202410,474,313
202410,480,7
202410,483,1609
202410,484,4590
202410,485,10796
202410,487,11308
202410,488,1690
202410,491,3362
202410,494,4200
202410,497,14181
202410,500,8178
202410,501,13552
202410,504,397
202410,505,5353
202410,507,8995
202410,508,4510
202410,509,290
202410,511,30895
202410,512,698
202410,513,887
202410,514,546
202410,516,21050
202410,519,9252
202410,524,59204
202410,525,4061
202410,526,9215
202410,529,3701
202410,531,2292
202410,532,16018
202410,533,571
202410,535,8245
202410,539,9329
202410,540,4556
202410,541,90248
202410,543,25735
202410,550,652
202410,551,29893
202410,552,137
202410,553,25792
202411,2,3537
202411,4,34008
202411,5,472
202411,6,23069
202411,8,734
202411,9,4527
202411,12,850
202411,14,15670
202411,15,5502
202411,17,24153
202411,18,1055
202411,19,725
202411,20,8576
202411,22,1049
202411,24,849
202411,25,4807
202411,26,315
202411,27,7211
202411,28,3102
202411,29,2207
202411,30,12335
202411,31,4383
202411,32,3451
202411,34,9555
202411,35,2069
202411,36,111353
202411,38,13073
202411,39,3344
202411,40,1277
202411,45,20343
202411,46,64692
202411,47,5439
202411,48,10794
202411,51,29
202411,65,12707
202411,66,7316
202411,69,9969
202411,70,1670
202411,71,10242
202411,73,6296
202411,75,846
202411,76,630
202411,77,3021
202411,78,2993
202411,79,1686
202411,80,39371
202411,81,19663
202411,83,46241
202411,86,8922
202411,87,2417
202411,89,5306
202411,90,233
202411,91,35982
202411,92,10365
202411,93,4291
202411,94,158166
202411,96,20671
202411,97,2278
202411,99,6658
202411,101,3661
202411,102,975
202411,103,2911
202411,104,4031
202411,105,1265
202411,107,1222
202411,108,847
202411,109,7032
202411,110,2776
202411,111,2336
202411,112,14365
202411,113,71509
202411,115,32544
202411,116,844
202411,117,41109
202411,118,40049
202411,120,110780
202411,121,2967
202411,122,2938
202411,124,1403
202411,126,41423
202411,127,4686
202411,128,1121
202411,130,4618
202411,131,18709
202411,132,825
202411,133,28656
202411,134,19066
202411,135,6079
202411,137,4784
202411,138,25481
202411,140,2587
202411,142,8503
202411,143,37034
202411,144,11049
202411,145,16159
202411,146,2146
202411,148,3022
202411,151,12097
202411,155,2938
202411,156,33565
202411,157,15665
202411,158,11388
202411,160,3854
202411,162,2063
202411,163,68282
202411,164,23701
202411,165,62158
202411,166,331891
202411,167,31385
202411,169,39750
202411,170,6572
202411,171,12268
202411,173,5674
202411,175,58095
202411,176,40227
202411,177,40929
202411,178,18855
202411,179,115486
202411,180,11825
202411,181,5349
202411,182,26116
202411,185,204
202411,186,202571
202411,187,19851
202411,188,231721
202411,190,13022
202411,191,7554
202411,192,68776
202411,193,15194
202411,194,47214
202411,195,34325
202411,196,10069
202411,197,4215
202411,199,15106
202411,200,15718
202411,202,2399
202411,203,29410
202411,204,103119
202411,205,8053
202411,206,31301
202411,207,61279
202411,208,115542
202411,209,37987
202411,210,127691
202411,211,25584
202411,212,3924
202411,213,108710
202411,214,23904
202411,216,272151
202411,217,5656
202411,218,52920
202411,219,23928
202411,220,89259
202411,222,243006
202411,223,18466
202411,224,5008
202411,225,10572
202411,226,1984
202411,227,3575
202411,229,31536
202411,230,93966
202411,231,20492
202411,232,28358
202411,233,9109
202411,234,17038
202411,235,221213
202411,238,28704
202411,239,104974
202411,241,8633
202411,245,10018
202411,247,5853
202411,251,12680
202411,252,1538
202411,255,132
202411,257,2626
202411,258,17000
202411,259,4193
202411,260,5564
202411,261,2246
202411,262,5167
202411,264,23131
202411,265,1116
202411,266,21135
202411,267,28821
202411,268,1106
202411,269,903
202411,270,47341
202411,272,6489
202411,273,44246
202411,275,12667
202411,277,26828
202411,278,3854
202411,280,45654
202411,281,18860
202411,284,9364
202411,286,12743
202411,287,128753
202411,288,25381
202411,289,19211
202411,290,1736
202411,291,80734
202411,292,23233
202411,295,12215
202411,296,3107
202411,299,294
202411,300,756
202411,302,4931
202411,303,24781
202411,304,198567
202411,305,11438
202411,306,2965
202411,307,11244
202411,308,102117
202411,309,7876
202411,310,2640
202411,311,72773
202411,312,7093
202411,315,11355
202411,316,28741
202411,317,36549
202411,318,1871
202411,320,9431
202411,321,25685
202411,326,1105
202411,327,613
202411,329,796
202411,330,1842
202411,331,2822
202411,332,1692
202411,333,12515
202411,337,14087
202411,338,14945
202411,340,9898
202411,341,20769
202411,344,21895
202411,345,13418
202411,346,13188
202411,347,36459
202411,350,12889
202411,351,16633
202411,352,88963
202411,357,21761
202411,359,3060
202411,361,7375
202411,362,4775
202411,366,4646
202411,367,58790
202411,369,1167
202411,370,2807
202411,371,1934
202411,374,1385
202411,376,1372
202411,377,1991
202411,378,76044
202411,380,599
202411,381,1760
202411,383,3864
202411,385,7186
202411,386,48468
202411,387,10409
202411,388,7502
202411,389,24513
202411,391,1375
202411,392,3166
202411,393,1312
202411,395,7433
202411,397,3510
202411,398,1202
202411,400,746
202411,401,446
202411,402,100
202411,403,26196
202411,404,3783
202411,405,2618
202411,406,1834
202411,409,9893
202411,411,2011
202411,412,15878
202411,413,33571
202411,414,35079
202411,419,65595
202411,421,8922
202411,422,16334
202411,423,5644
202411,424,3482
202411,428,2357
202411,434,77
202411,435,4599
202411,436,577
202411,437,40998
202411,438,2368
202411,439,1941
202411,440,7426
202411,443,262
202411,444,14897
202411,449,5707
202411,450,5111
202411,451,8299
202411,453,7316
202411,454,22693
202411,457,3237
202411,458,688
202411,459,6439
202411,460,1730
202411,461,16193
202411,462,9707
202411,466,3287
202411,467,13801
202411,469,9303
202411,474,243
202411,480,10
202411,482,132
202411,483,1295
202411,484,4117
202411,485,10198
202411,487,11322
202411,488,2058
202411,491,3676
202411,494,3751
202411,497,11902
202411,500,7632
202411,501,14183
202411,502,1069
202411,504,510
202411,505,4842
202411,507,8625
202411,508,4002
202411,509,316
202411,510,142
202411,511,29091
202411,512,622
202411,514,738
202411,515,655
202411,516,21680
202411,519,8677
202411,524,59812
202411,525,2754
202411,526,9125
202411,528,1060
202411,529,3605
202411,531,1628
202411,532,15685
202411,533,524
202411,535,6945
202411,539,8365
202411,540,4112
202411,541,80723
202411,543,23362
202411,550,606
202411,551,27971
202411,552,1086
202411,553,25333
202412,2,3895
202412,4,34151
202412,6,27072
202412,8,1580
202412,9,6011
202412,12,686
202412,14,17829
202412,15,6260
202412,17,27878
202412,18,1028
202412,19,981
202412,20,9814
202412,22,1277
202412,24,1116
202412,25,5557
202412,26,402
202412,27,9470
202412,28,3604
202412,29,2525
202412,30,15254
202412,31,4704
202412,32,2852
202412,34,9833
202412,35,2599
202412,36,119240
202412,38,16553
202412,39,3418
202412,40,1067
202412,45,24698
202412,46,78366
202412,47,7875
202412,48,15368
202412,51,42
202412,65,13522
202412,66,7513
202412,69,11859
202412,70,2384
202412,71,13174
202412,73,8489
202412,74,28
202412,75,2948
202412,76,2469
202412,77,4349
202412,78,3284
202412,79,2150
202412,80,38503
202412,81,23776
202412,83,56957
202412,86,9930
202412,87,2907
202412,89,6007
202412,90,228
202412,91,42199
202412,92,10539
202412,93,4205
202412,94,164441
202412,96,24186
202412,97,2394
202412,99,7479
202412,101,4080
202412,102,1070
202412,103,4530
202412,104,6241
202412,105,1123
202412,107,941
202412,108,1355
202412,109,7760
202412,110,3362
202412,111,2102
202412,112,17091
202412,113,87769
202412,115,39410
202412,116,958
202412,117,53193
202412,118,48022
202412,120,120484
202412,121,4565
202412,122,4143
202412,124,3723
202412,126,52517
202412,127,4707
202412,128,1039
202412,130,4716
202412,131,22536
202412,132,2037
202412,133,39783
202412,134,24964
202412,135,9187
202412,137,6818
202412,138,30484
202412,140,2873
202412,142,9885
202412,143,42713
202412,144,11246
202412,145,20476
202412,146,2555
202412,148,3268
202412,151,13126
202412,155,2535
202412,156,33575
202412,157,19461
202412,158,11400
202412,159,769
202412,160,4567
202412,162,1738
202412,163,84285
202412,164,24322
202412,165,67417
202412,166,419261
202412,167,38762
202412,169,41877
202412,170,6765
202412,171,13039
202412,173,5793
202412,175,69799
202412,176,42087
202412,177,45108
202412,178,19413
202412,179,114170
202412,180,16632
202412,181,8421
202412,182,30179
202412,186,260854
202412,187,21945
202412,188,247834
202412,190,19599
202412,191,9024
202412,192,75737
202412,193,15210
202412,194,53671
202412,195,31901
202412,196,14319
202412,197,5522
202412,199,19540
202412,200,15486
202412,202,2808
202412,203,32358
202412,204,128232
202412,205,10929
202412,206,33865
202412,207,76042
202412,208,137197
202412,209,40248
202412,210,151228
202412,211,26338
202412,212,3588
202412,213,131282
202412,214,23950
202412,216,358984
202412,217,6095
202412,218,61071
202412,219,28221
202412,220,94048
202412,222,255105
202412,223,23996
202412,224,5931
202412,225,10673
202412,226,1383
202412,227,3518
202412,229,36204
202412,230,113563
202412,231,22472
202412,232,35655
202412,233,9063
202412,234,18195
202412,235,240163
202412,238,28479
202412,239,120653
202412,241,8597
202412,245,13325
202412,247,5908
202412,251,15454
202412,252,2185
202412,257,3880
202412,258,19984
202412,259,6319
202412,260,9359
202412,261,2012
202412,262,10730
202412,264,29506
202412,265,1483
202412,266,25213
202412,267,29875
202412,268,1242
202412,269,1185
202412,270,44658
202412,272,6879
202412,273,85059
202412,275,16104
202412,277,35854
202412,278,4695
202412,280,53594
202412,281,18749
202412,284,8960
202412,285,4457
202412,286,16649
202412,287,136170
202412,288,35075
202412,289,25242
202412,290,5763
202412,291,91210
202412,292,24673
202412,295,11982
202412,296,6171
202412,299,1732
202412,300,3735
202412,302,6162
202412,303,24898
202412,304,220187
202412,305,17011
202412,306,3437
202412,307,14591
202412,308,133194
202412,309,7461
202412,310,2970
202412,311,74502
202412,312,7804
202412,315,13414
202412,316,27242
202412,317,45959
202412,318,2540
202412,320,10643
202412,321,33045
202412,326,4988
202412,327,3987
202412,329,921
202412,330,1983
202412,331,3217
202412,332,1685
202412,333,17886
202412,337,16270
202412,338,14761
202412,340,9972
202412,341,24263
202412,344,22346
202412,345,16422
202412,346,11251
202412,347,40419
202412,350,14673
202412,351,17978
202412,352,89615
202412,357,27214
202412,359,8275
202412,361,12856
202412,362,5664
202412,366,7704
202412,367,68616
202412,369,1546
202412,370,604
202412,374,1481
202412,376,1279
202412,377,2333
202412,378,83453
202412,380,570
202412,381,1472
202412,383,1719
202412,385,10381
202412,386,60833
202412,387,10976
202412,388,8587
202412,389,29278
202412,391,1441
202412,392,3599
202412,393,1970
202412,395,9117
202412,397,2914
202412,398,1158
202412,399,3270
202412,400,745
202412,401,83
202412,402,98
202412,403,30874
202412,404,5474
202412,405,4247
202412,406,1803
202412,409,10888
202412,412,19810
202412,413,38585
202412,414,38237
202412,419,66729
202412,421,10271
202412,422,19271
202412,423,5539
202412,424,3216
202412,426,620
202412,428,5176
202412,434,95
202412,435,5482
202412,436,762
202412,437,48175
202412,438,2129
202412,439,2521
202412,440,8974
202412,443,231
202412,444,15015
202412,449,5432
202412,450,10448
202412,451,10160
202412,453,8421
202412,454,27729
202412,457,3596
202412,458,817
202412,459,9502
202412,460,1026
202412,461,18000
202412,462,13487
202412,466,3581
202412,467,15051
202412,468,3586
202412,469,8235
202412,474,304
202412,480,12
202412,483,2241
202412,484,4187
202412,485,12218
202412,487,12201
202412,488,3060
202412,491,4080
202412,494,5315
202412,497,13584
202412,500,8135
202412,501,18312
202412,502,5586
202412,505,7516
202412,507,9905
202412,508,7041
202412,509,354
202412,510,253
202412,511,33317
202412,512,707
202412,514,838
202412,515,2969
202412,516,25337
202412,519,10266
202412,524,64787
202412,525,4033
202412,526,10192
202412,528,1941
202412,529,3959
202412,531,3727
202412,532,25599
202412,533,551
202412,535,9827
202412,539,10198
202412,540,7380
202412,541,92753
202412,543,25957
202412,550,512
202412,551,32336
202412,553,30826
